Match Format,Team1 Name,Team2 Name,Match Venue (Stadium),Match Venue (Country),Toss Winner,Toss Winner Choice,Match Winner,Team1 Runs Scored,Team1 Wickets Fell,Team2 Runs Scored,Team2 Wickets Fell
ODI,Australia,New Zealand,Melbourne Cricket Ground,Australia,Australia,bat,Australia,216,10,210,9
ODI,New Zealand,Sri Lanka,Bellerive Oval,Australia,Sri Lanka,bowl,Sri Lanka,199,7,200,6
ODI,New Zealand,Australia,Brisbane Cricket Ground,Australia,Australia,bowl,Australia,176,5,177,5
ODI,Sri Lanka,Australia,Sydney Cricket Ground,Australia,Australia,bowl,Australia,188,9,189,7
ODI,England,New Zealand,McLean Park,New Zealand,New Zealand,bowl,New Zealand,219,10,223,3
ODI,India,West Indies,Sharjah Cricket Association Stadium,United Arab Emirates,India,bat,West Indies,169,7,175,2
ODI,Sri Lanka,India,National Stadium,Bangladesh,India,bowl,Sri Lanka,271,6,254,10
ODI,New Zealand,India,Barabati Stadium,India,New Zealand,bat,India,160,7,161,5
ODI,West Indies,Australia,Melbourne Cricket Ground,Australia,West Indies,bat,West Indies,236,10,202,10
ODI,West Indies,Pakistan,Bellerive Oval,Australia,Pakistan,bowl,West Indies,244,4,227,8
ODI,England,Australia,Melbourne Cricket Ground,Australia,Australia,bowl,Australia,190,10,191,5
ODI,Australia,England,Old Trafford,England,Australia,bat,England,222,8,226,4
ODI,England,Australia,Lord's,England,Australia,bowl,Australia,236,9,240,5
ODI,Australia,England,Edgbaston,England,England,bowl,England,179,9,180,8
ODI,New Zealand,Pakistan,Lancaster Park,New Zealand,Pakistan,bowl,New Zealand,187,10,165,10
ODI,New Zealand,England,St Helen's,England,New Zealand,bat,England,158,10,159,3
ODI,England,New Zealand,Old Trafford,England,New Zealand,bowl,0,167,8,0,0
ODI,West Indies,England,Headingley,England,West Indies,bat,England,181,10,182,9
ODI,England,West Indies,Kennington Oval,England,England,bat,West Indies,189,9,190,2
ODI,New Zealand,Australia,Carisbrook,New Zealand,New Zealand,bat,Australia,194,9,195,3
ODI,Australia,New Zealand,Lancaster Park,New Zealand,Australia,bat,Australia,265,5,234,6
ODI,India,England,Headingley,England,England,bowl,England,265,10,266,6
ODI,India,England,Kennington Oval,England,India,bat,England,171,10,172,4
ODI,England,Pakistan,Trent Bridge,England,England,bat,Pakistan,244,4,246,3
ODI,England,Pakistan,Edgbaston,England,Pakistan,bowl,Pakistan,81,9,84,2
ODI,Australia,England,Melbourne Cricket Ground,Australia,England,bowl,England,190,10,191,7
ODI,England,New Zealand,Carisbrook,New Zealand,New Zealand,bowl,0,136,10,15,0
ODI,New Zealand,England,Basin Reserve,New Zealand,New Zealand,bat,0,227,10,35,1
ODI,England,India,Lord's,England,England,bat,England,334,4,132,3
ODI,New Zealand,East Africa,Edgbaston,England,New Zealand,bat,New Zealand,309,5,128,8
ODI,Australia,Pakistan,Headingley,England,Australia,bat,Australia,278,7,205,10
ODI,Sri Lanka,West Indies,Old Trafford,England,West Indies,bowl,West Indies,86,10,87,1
ODI,England,New Zealand,Trent Bridge,England,New Zealand,bowl,England,266,6,186,10
ODI,East Africa,India,Headingley,England,East Africa,bat,India,120,10,123,0
ODI,Australia,Sri Lanka,Kennington Oval,England,Sri Lanka,bowl,Australia,328,5,276,4
ODI,Pakistan,West Indies,Edgbaston,England,Pakistan,bat,West Indies,266,7,267,9
ODI,England,East Africa,Edgbaston,England,East Africa,bowl,England,290,5,94,10
ODI,India,New Zealand,Old Trafford,England,India,bat,New Zealand,230,10,233,6
ODI,Australia,West Indies,Kennington Oval,England,West Indies,bowl,West Indies,192,10,195,3
ODI,Pakistan,Sri Lanka,Trent Bridge,England,Sri Lanka,bowl,Pakistan,330,6,138,10
ODI,England,Australia,Headingley,England,Australia,bowl,Australia,93,10,94,6
ODI,New Zealand,West Indies,Kennington Oval,England,West Indies,bowl,West Indies,158,10,159,5
ODI,West Indies,Australia,Lord's,England,Australia,bowl,West Indies,291,8,274,10
ODI,West Indies,Australia,Adelaide Oval,Australia,Australia,bowl,Australia,224,10,225,5
ODI,India,New Zealand,Lancaster Park,New Zealand,India,bat,New Zealand,154,10,155,1
ODI,New Zealand,India,Eden Park,New Zealand,New Zealand,bat,New Zealand,236,8,156,10
ODI,England,West Indies,North Marine Road Ground,England,West Indies,bowl,West Indies,202,8,207,4
ODI,West Indies,England,Lord's,England,England,bowl,West Indies,221,10,185,10
ODI,West Indies,England,Edgbaston,England,England,bowl,West Indies,223,9,173,10
ODI,New Zealand,Pakistan,Jinnah Stadium,Pakistan,New Zealand,bat,New Zealand,198,8,197,9
ODI,Pakistan,West Indies,Albion Sports Complex,West Indies,West Indies,bowl,West Indies,176,7,182,6
ODI,Australia,England,Old Trafford,England,Australia,bat,England,169,9,173,8
ODI,England,Australia,Edgbaston,England,Australia,bowl,England,171,10,70,10
ODI,England,Australia,Kennington Oval,England,Australia,bowl,Australia,242,10,246,8
ODI,Pakistan,England,Zafar Ali Stadium,Pakistan,Pakistan,bat,England,208,6,212,7
ODI,Pakistan,England,Jinnah Stadium,Pakistan,England,bowl,England,151,10,152,4
ODI,Pakistan,England,Gaddafi Stadium,Pakistan,England,bowl,Pakistan,158,6,122,10
ODI,West Indies,Australia,Antigua Recreation Ground,West Indies,Australia,bowl,West Indies,313,9,181,7
ODI,West Indies,Australia,Mindoo Phillip Park,West Indies,West Indies,bat,Australia,139,10,140,8
ODI,England,Pakistan,Old Trafford,England,England,bat,England,217,7,85,10
ODI,England,Pakistan,Kennington Oval,England,Pakistan,bowl,England,248,6,154,8
ODI,England,New Zealand,North Marine Road Ground,England,New Zealand,bowl,England,206,8,187,8
ODI,England,New Zealand,Old Trafford,England,England,bat,England,278,5,152,9
ODI,India,Pakistan,Ayub National Stadium,Pakistan,India,bat,India,170,7,166,8
ODI,India,Pakistan,Jinnah Stadium,Pakistan,Pakistan,bowl,Pakistan,79,10,83,2
ODI,Pakistan,India,Zafar Ali Stadium,Pakistan,Pakistan,bat,Pakistan,205,7,183,2
ODI,Australia,England,Sydney Cricket Ground,Australia,England,bowl,0,17,1,0,0
ODI,Pakistan,New Zealand,Trent Bridge,England,Pakistan,bat,Pakistan,261,3,250,10
ODI,Australia,England,Melbourne Cricket Ground,Australia,Australia,bat,England,101,10,102,3
ODI,England,Australia,Melbourne Cricket Ground,Australia,Australia,bowl,Australia,212,6,215,6
ODI,England,Australia,Melbourne Cricket Ground,Australia,Australia,bowl,Australia,94,10,95,4
ODI,India,West Indies,Edgbaston,England,West Indies,bowl,West Indies,190,10,194,1
ODI,Sri Lanka,New Zealand,Trent Bridge,England,New Zealand,bowl,New Zealand,189,10,190,1
ODI,Australia,England,Lord's,England,England,bowl,England,159,9,160,4
ODI,Canada,Pakistan,Headingley,England,Canada,bat,Pakistan,139,9,140,2
ODI,India,New Zealand,Headingley,England,New Zealand,bowl,New Zealand,182,10,183,2
ODI,Pakistan,Australia,Trent Bridge,England,Australia,bowl,Pakistan,286,7,197,10
ODI,Canada,England,Old Trafford,England,Canada,bat,England,45,10,46,2
ODI,Sri Lanka,India,Old Trafford,England,India,bowl,Sri Lanka,238,5,191,10
ODI,West Indies,New Zealand,Trent Bridge,England,New Zealand,bowl,West Indies,244,7,212,9
ODI,Canada,Australia,Edgbaston,England,Australia,bowl,Australia,105,10,106,3
ODI,England,Pakistan,Headingley,England,Pakistan,bowl,England,165,9,151,10
ODI,England,New Zealand,Old Trafford,England,New Zealand,bowl,England,221,8,212,9
ODI,West Indies,Pakistan,Kennington Oval,England,Pakistan,bowl,West Indies,293,6,250,10
ODI,West Indies,England,Lord's,England,England,bowl,West Indies,286,9,194,10
ODI,West Indies,Australia,Sydney Cricket Ground,Australia,Australia,bowl,Australia,193,10,196,5
ODI,England,West Indies,Sydney Cricket Ground,Australia,West Indies,bowl,England,211,8,196,10
ODI,Australia,England,Melbourne Cricket Ground,Australia,England,bowl,England,207,9,209,7
ODI,West Indies,Australia,Melbourne Cricket Ground,Australia,Australia,bowl,West Indies,271,2,191,8
ODI,England,Australia,Sydney Cricket Ground,Australia,England,bat,England,264,7,192,10
ODI,Australia,West Indies,Sydney Cricket Ground,Australia,West Indies,bowl,Australia,176,6,169,10
ODI,England,West Indies,Brisbane Cricket Ground,Australia,West Indies,bowl,West Indies,217,8,218,1
ODI,Australia,England,Sydney Cricket Ground,Australia,Australia,bat,England,194,6,195,6
ODI,Australia,England,Sydney Cricket Ground,Australia,England,bowl,England,163,10,164,8
ODI,West Indies,England,Adelaide Oval,Australia,England,bowl,West Indies,246,5,139,10
ODI,Australia,West Indies,Sydney Cricket Ground,Australia,Australia,bat,Australia,190,10,181,10
ODI,West Indies,England,Melbourne Cricket Ground,Australia,England,bowl,West Indies,215,8,213,7
ODI,England,West Indies,Sydney Cricket Ground,Australia,England,bat,West Indies,208,8,209,2
ODI,West Indies,New Zealand,Lancaster Park,New Zealand,New Zealand,bowl,New Zealand,203,7,207,9
ODI,West Indies,England,Headingley,England,England,bowl,West Indies,198,10,174,10
ODI,West Indies,England,Lord's,England,England,bowl,England,235,9,236,7
ODI,England,Australia,Kennington Oval,England,Australia,bowl,England,248,6,225,8
ODI,England,Australia,Edgbaston,England,Australia,bowl,England,320,8,273,5
ODI,Pakistan,West Indies,National Stadium,Pakistan,West Indies,bowl,West Indies,127,9,128,6
ODI,Australia,New Zealand,Adelaide Oval,Australia,New Zealand,bowl,New Zealand,217,9,219,7
ODI,Australia,New Zealand,Sydney Cricket Ground,Australia,Australia,bat,Australia,289,3,195,10
ODI,Pakistan,West Indies,Jinnah Stadium,Pakistan,West Indies,bowl,West Indies,200,4,201,3
ODI,India,Australia,Melbourne Cricket Ground,Australia,Australia,bowl,India,208,9,142,10
ODI,New Zealand,Australia,Melbourne Cricket Ground,Australia,New Zealand,bat,Australia,156,10,159,6
ODI,India,New Zealand,Western Australia Cricket Association Ground,Australia,India,bat,India,162,10,157,10
ODI,India,Australia,Sydney Cricket Ground,Australia,Australia,bowl,Australia,180,9,183,1
ODI,West Indies,Pakistan,Gaddafi Stadium,Pakistan,Pakistan,bowl,West Indies,170,8,163,6
ODI,India,New Zealand,Brisbane Cricket Ground,Australia,India,bat,New Zealand,204,10,205,7
ODI,India,New Zealand,Adelaide Oval,Australia,India,bat,India,230,7,224,10
ODI,India,Australia,Sydney Cricket Ground,Australia,Australia,bowl,Australia,63,10,64,1
ODI,India,New Zealand,Melbourne Cricket Ground,Australia,New Zealand,bowl,New Zealand,112,9,113,0
ODI,India,Australia,Melbourne Cricket Ground,Australia,Australia,bowl,Australia,192,5,193,3
ODI,New Zealand,Australia,Sydney Cricket Ground,Australia,New Zealand,bat,New Zealand,220,8,219,7
ODI,Australia,India,Sydney Cricket Ground,Australia,India,bowl,Australia,242,8,215,8
ODI,New Zealand,India,Brisbane Cricket Ground,Australia,India,bowl,New Zealand,242,9,220,10
ODI,Australia,New Zealand,Sydney Cricket Ground,Australia,Australia,bat,0,180,10,23,1
ODI,New Zealand,Australia,Sydney Cricket Ground,Australia,Australia,bowl,New Zealand,233,6,155,10
ODI,New Zealand,Australia,Melbourne Cricket Ground,Australia,Australia,bowl,Australia,126,10,130,3
ODI,Australia,New Zealand,Melbourne Cricket Ground,Australia,Australia,bat,Australia,235,4,229,8
ODI,New Zealand,Australia,Sydney Cricket Ground,Australia,New Zealand,bat,Australia,215,8,218,4
ODI,West Indies,England,Arnos Vale Ground,West Indies,England,bowl,West Indies,127,10,125,10
ODI,New Zealand,India,Eden Park,New Zealand,India,bowl,New Zealand,218,6,140,9
ODI,New Zealand,India,Trust Bank Park,New Zealand,India,bowl,New Zealand,210,8,153,10
ODI,England,West Indies,Albion Sports Complex,West Indies,West Indies,bowl,West Indies,137,10,138,4
ODI,Australia,England,Lord's,England,England,bowl,England,210,7,212,4
ODI,Australia,England,Edgbaston,England,England,bowl,Australia,249,8,247,10
ODI,Australia,England,Headingley,England,England,bowl,Australia,236,8,165,10
ODI,West Indies,Pakistan,Melbourne Cricket Ground,Australia,Pakistan,bowl,West Indies,245,8,227,6
ODI,Australia,Pakistan,Melbourne Cricket Ground,Australia,Pakistan,bowl,Pakistan,209,9,210,6
ODI,India,Pakistan,Jinnah Stadium,Pakistan,Pakistan,bowl,0,210,3,0,0
ODI,West Indies,Australia,Sydney Cricket Ground,Australia,West Indies,bat,Australia,236,8,237,3
ODI,India,England,Sardar Vallabhbhai Patel Stadium,India,England,bowl,England,156,7,160,5
ODI,Pakistan,West Indies,Adelaide Oval,Australia,West Indies,bowl,Pakistan,140,10,132,10
ODI,Australia,Pakistan,Adelaide Oval,Australia,Australia,bat,Australia,208,10,170,8
ODI,Australia,Pakistan,Sydney Cricket Ground,Australia,Pakistan,bowl,Pakistan,222,6,223,4
ODI,Pakistan,West Indies,Western Australia Cricket Association Ground,Australia,Pakistan,bat,West Indies,160,9,161,3
ODI,Australia,West Indies,Western Australia Cricket Association Ground,Australia,West Indies,bowl,West Indies,188,9,190,2
ODI,England,India,Burlton Park,India,India,bowl,India,161,7,164,4
ODI,Pakistan,Australia,Melbourne Cricket Ground,Australia,Australia,bowl,Pakistan,218,6,193,10
ODI,Australia,West Indies,Melbourne Cricket Ground,Australia,Australia,bat,West Indies,146,10,147,5
ODI,Pakistan,West Indies,Sydney Cricket Ground,Australia,Pakistan,bat,West Indies,191,7,192,3
ODI,Australia,Pakistan,Sydney Cricket Ground,Australia,Pakistan,bowl,Australia,230,5,154,9
ODI,Pakistan,West Indies,Brisbane Cricket Ground,Australia,West Indies,bowl,West Indies,177,9,107,9
ODI,Australia,West Indies,Brisbane Cricket Ground,Australia,West Indies,bowl,West Indies,185,9,186,5
ODI,West Indies,Australia,Sydney Cricket Ground,Australia,Australia,bowl,Australia,189,10,168,7
ODI,West Indies,Australia,Melbourne Cricket Ground,Australia,Australia,bowl,West Indies,216,8,130,10
ODI,West Indies,Australia,Melbourne Cricket Ground,Australia,West Indies,bat,West Indies,235,9,107,10
ODI,Australia,West Indies,Sydney Cricket Ground,Australia,West Indies,bowl,Australia,214,8,168,10
ODI,West Indies,Australia,Sydney Cricket Ground,Australia,West Indies,bat,West Indies,234,6,216,9
ODI,England,India,Barabati Stadium,India,India,bowl,India,230,6,231,5
ODI,New Zealand,Australia,Eden Park,New Zealand,Australia,bowl,New Zealand,240,6,194,10
ODI,England,Sri Lanka,Sinhalese Sports Club Ground,Sri Lanka,Sri Lanka,bowl,England,211,10,206,8
ODI,Sri Lanka,England,Sinhalese Sports Club Ground,Sri Lanka,England,bowl,Sri Lanka,215,7,212,10
ODI,New Zealand,Australia,Carisbrook,New Zealand,Australia,bowl,Australia,159,9,160,4
ODI,New Zealand,Australia,Basin Reserve,New Zealand,Australia,bowl,Australia,74,10,75,2
ODI,Sri Lanka,Pakistan,National Stadium,Pakistan,Pakistan,bowl,Pakistan,171,3,174,2
ODI,Pakistan,Sri Lanka,Gaddafi Stadium,Pakistan,Sri Lanka,bowl,Sri Lanka,239,4,227,4
ODI,Sri Lanka,Pakistan,National Stadium,Pakistan,Pakistan,bowl,Pakistan,218,10,222,5
ODI,India,England,Headingley,England,England,bowl,England,193,10,194,1
ODI,England,India,Kennington Oval,England,India,bowl,England,276,9,162,8
ODI,Pakistan,England,Trent Bridge,England,Pakistan,bat,England,250,6,252,3
ODI,England,Pakistan,Old Trafford,England,Pakistan,bowl,England,295,8,222,10
ODI,India,Sri Lanka,Gandhi Sports Complex Ground,India,Sri Lanka,bowl,India,269,7,191,8
ODI,Sri Lanka,India,Feroz Shah Kotla,India,Sri Lanka,bat,India,277,8,281,4
ODI,Pakistan,Australia,Niaz Stadium,Pakistan,Australia,bowl,Pakistan,229,6,170,9
ODI,Sri Lanka,India,Karnataka State Cricket Association Stadium,India,Sri Lanka,bat,India,233,8,234,4
ODI,Pakistan,Australia,Gaddafi Stadium,Pakistan,Australia,bowl,Pakistan,234,3,206,4
ODI,Pakistan,Australia,National Stadium,Pakistan,Australia,bowl,0,44,1,0,0
ODI,Pakistan,India,Municipal Stadium,Pakistan,India,bowl,Pakistan,224,4,210,6
ODI,Pakistan,India,Ibn-e-Qasim Bagh Stadium,Pakistan,Pakistan,bat,Pakistan,263,2,226,7
ODI,Pakistan,India,Gaddafi Stadium,Pakistan,Pakistan,bat,India,252,3,193,4
ODI,New Zealand,Australia,Melbourne Cricket Ground,Australia,Australia,bowl,Australia,181,10,182,2
ODI,Australia,England,Sydney Cricket Ground,Australia,England,bowl,Australia,180,10,149,10
ODI,New Zealand,England,Melbourne Cricket Ground,Australia,England,bowl,New Zealand,239,8,237,8
ODI,England,New Zealand,Brisbane Cricket Ground,Australia,New Zealand,bowl,England,267,6,213,10
ODI,England,Australia,Brisbane Cricket Ground,Australia,Australia,bowl,Australia,182,10,184,3
ODI,New Zealand,Australia,Sydney Cricket Ground,Australia,Australia,bowl,New Zealand,226,8,179,10
ODI,New Zealand,England,Sydney Cricket Ground,Australia,New Zealand,bat,England,199,10,200,2
ODI,India,Pakistan,National Stadium,Pakistan,India,bat,Pakistan,197,6,198,2
ODI,New Zealand,Australia,Melbourne Cricket Ground,Australia,Australia,bowl,New Zealand,246,6,188,9
ODI,England,Australia,Melbourne Cricket Ground,Australia,Australia,bowl,Australia,213,5,217,5
ODI,England,Australia,Sydney Cricket Ground,Australia,England,bat,England,207,10,109,10
ODI,England,New Zealand,Adelaide Oval,Australia,England,bat,New Zealand,296,5,297,6
ODI,England,Australia,Adelaide Oval,Australia,England,bat,England,228,6,214,7
ODI,New Zealand,Australia,Adelaide Oval,Australia,New Zealand,bat,New Zealand,200,9,153,10
ODI,England,New Zealand,Western Australia Cricket Association Ground,Australia,New Zealand,bowl,New Zealand,88,7,89,3
ODI,Australia,New Zealand,Western Australia Cricket Association Ground,Australia,New Zealand,bowl,Australia,191,9,164,10
ODI,New Zealand,Australia,Sydney Cricket Ground,Australia,New Zealand,bat,Australia,193,7,155,4
ODI,Australia,New Zealand,Melbourne Cricket Ground,Australia,Australia,bat,Australia,302,8,153,10
ODI,England,New Zealand,Eden Park,New Zealand,England,bat,New Zealand,184,9,187,4
ODI,New Zealand,England,Basin Reserve,New Zealand,England,bowl,New Zealand,295,6,192,10
ODI,New Zealand,England,Lancaster Park,New Zealand,New Zealand,bat,New Zealand,211,8,127,10
ODI,New Zealand,Sri Lanka,Carisbrook,New Zealand,Sri Lanka,bowl,New Zealand,183,8,118,9
ODI,West Indies,India,Queen's Park Oval,West Indies,India,bowl,West Indies,215,4,163,7
ODI,New Zealand,Australia,Sydney Cricket Ground,Australia,Australia,bowl,New Zealand,138,8,124,10
ODI,Sri Lanka,New Zealand,McLean Park,New Zealand,New Zealand,bowl,New Zealand,167,8,168,3
ODI,New Zealand,Sri Lanka,Eden Park,New Zealand,New Zealand,bat,New Zealand,304,5,188,6
ODI,India,West Indies,Albion Sports Complex,West Indies,West Indies,bowl,India,282,5,255,9
ODI,India,West Indies,Queen's Park (Old),West Indies,West Indies,bowl,West Indies,166,10,167,3
ODI,Australia,Sri Lanka,P Saravanamuttu Stadium,Sri Lanka,Australia,bat,Sri Lanka,168,9,169,8
ODI,Australia,Sri Lanka,P Saravanamuttu Stadium,Sri Lanka,Sri Lanka,bowl,Sri Lanka,207,5,213,6
ODI,Australia,Sri Lanka,Sinhalese Sports Club Ground,Sri Lanka,Sri Lanka,bowl,0,194,5,0,0
ODI,Australia,Sri Lanka,Sinhalese Sports Club Ground,Sri Lanka,Australia,bat,0,124,3,0,0
ODI,England,New Zealand,Kennington Oval,England,England,bat,England,322,6,216,10
ODI,Pakistan,Sri Lanka,St Helen's,England,Sri Lanka,bowl,Pakistan,338,5,288,9
ODI,Zimbabwe,Australia,Trent Bridge,England,Australia,bowl,Zimbabwe,239,6,226,7
ODI,India,West Indies,Old Trafford,England,West Indies,bowl,India,262,8,228,10
ODI,England,Sri Lanka,County Ground,England,England,bat,England,333,9,286,10
ODI,New Zealand,Pakistan,Edgbaston,England,Pakistan,bowl,New Zealand,238,9,186,10
ODI,West Indies,Australia,Headingley,England,Australia,bowl,West Indies,252,9,151,9
ODI,Zimbabwe,India,Grace Road,England,India,bowl,India,155,10,157,5
ODI,Pakistan,England,Lord's,England,Pakistan,bat,England,193,8,199,2
ODI,Sri Lanka,New Zealand,Phoenix County Ground,England,New Zealand,bowl,New Zealand,206,10,209,5
ODI,Australia,India,Trent Bridge,England,Australia,bat,Australia,320,9,158,10
ODI,Zimbabwe,West Indies,County Ground,England,West Indies,bowl,West Indies,217,7,218,2
ODI,England,New Zealand,Edgbaston,England,England,bat,New Zealand,234,10,238,8
ODI,West Indies,India,Kennington Oval,England,West Indies,bat,West Indies,282,9,216,9
ODI,Pakistan,Sri Lanka,Headingley,England,Sri Lanka,bowl,Pakistan,235,7,224,10
ODI,Australia,Zimbabwe,County Ground,England,Australia,bat,Australia,272,7,240,10
ODI,Pakistan,England,Old Trafford,England,Pakistan,bat,England,232,8,233,3
ODI,New Zealand,Sri Lanka,County Ground,England,Sri Lanka,bowl,Sri Lanka,181,10,184,7
ODI,Australia,West Indies,Lord's,England,Australia,bat,West Indies,273,6,276,3
ODI,India,Zimbabwe,Nevill Ground,England,India,bat,India,266,8,235,10
ODI,Sri Lanka,England,Headingley,England,England,bowl,England,136,10,137,1
ODI,India,Australia,County Ground,England,India,bat,India,247,10,129,10
ODI,Zimbabwe,West Indies,Edgbaston,England,Zimbabwe,bat,West Indies,171,10,172,0
ODI,England,India,Old Trafford,England,England,bat,India,213,10,217,4
ODI,Pakistan,West Indies,Kennington Oval,England,West Indies,bowl,West Indies,184,8,188,2
ODI,India,West Indies,Lord's,England,West Indies,bowl,India,183,10,140,10
ODI,Pakistan,India,Lal Bahadur Shastri Stadium,India,India,bowl,India,151,8,152,6
ODI,Pakistan,India,Sawai Mansingh Stadium,India,India,bowl,India,166,9,169,6
ODI,India,West Indies,Sher-i-Kashmir Stadium,India,West Indies,bowl,West Indies,176,10,108,0
ODI,India,West Indies,Moti Bagh Stadium,India,India,bat,West Indies,214,6,217,6
ODI,India,West Indies,Nehru Stadium,India,India,bat,West Indies,240,7,241,2
ODI,West Indies,India,Keenan Stadium,India,India,bowl,West Indies,333,8,229,5
ODI,India,West Indies,Nehru Stadium,India,West Indies,bowl,West Indies,178,7,182,4
ODI,West Indies,Australia,Melbourne Cricket Ground,Australia,West Indies,bat,West Indies,221,7,194,10
ODI,Australia,Pakistan,Sydney Cricket Ground,Australia,Pakistan,bowl,Australia,264,8,230,9
ODI,Pakistan,West Indies,Melbourne Cricket Ground,Australia,Pakistan,bat,Pakistan,208,8,111,10
ODI,Pakistan,West Indies,Brisbane Cricket Ground,Australia,Pakistan,bat,West Indies,174,9,175,5
ODI,Pakistan,Australia,Brisbane Cricket Ground,Australia,Australia,bowl,0,184,6,15,0
ODI,West Indies,Australia,Sydney Cricket Ground,Australia,West Indies,bat,West Indies,223,7,195,9
ODI,Pakistan,West Indies,Sydney Cricket Ground,Australia,Pakistan,bat,West Indies,184,8,185,5
ODI,Australia,Pakistan,Melbourne Cricket Ground,Australia,Australia,bat,Australia,209,8,166,10
ODI,West Indies,Australia,Melbourne Cricket Ground,Australia,West Indies,bat,West Indies,252,6,226,10
ODI,Australia,Pakistan,Sydney Cricket Ground,Australia,Australia,bat,Australia,244,8,157,10
ODI,Pakistan,West Indies,Adelaide Oval,Australia,Pakistan,bat,West Indies,177,8,180,9
ODI,Australia,West Indies,Adelaide Oval,Australia,Australia,bat,West Indies,165,7,169,4
ODI,Australia,Pakistan,Adelaide Oval,Australia,Australia,bat,Australia,210,8,140,10
ODI,Pakistan,West Indies,Western Australia Cricket Association Ground,Australia,Pakistan,bat,West Indies,182,7,183,3
ODI,Australia,West Indies,Western Australia Cricket Association Ground,Australia,Australia,bat,Australia,211,8,197,10
ODI,Australia,West Indies,Sydney Cricket Ground,Australia,West Indies,bowl,West Indies,160,10,161,1
ODI,West Indies,Australia,Melbourne Cricket Ground,Australia,West Indies,bat,0,222,5,222,9
ODI,Australia,West Indies,Melbourne Cricket Ground,Australia,Australia,bat,West Indies,212,8,213,4
ODI,England,New Zealand,Lancaster Park,New Zealand,New Zealand,bowl,England,188,9,134,10
ODI,New Zealand,England,Basin Reserve,New Zealand,New Zealand,bat,England,135,10,139,4
ODI,England,New Zealand,Eden Park,New Zealand,England,bat,New Zealand,209,9,210,3
ODI,Australia,West Indies,Albion Sports Complex,West Indies,Australia,bat,West Indies,231,5,233,2
ODI,New Zealand,Sri Lanka,Sinhalese Sports Club Ground,Sri Lanka,Sri Lanka,bowl,New Zealand,234,6,130,10
ODI,England,Pakistan,Gaddafi Stadium,Pakistan,Pakistan,bowl,Pakistan,184,8,187,4
ODI,West Indies,Australia,Queen's Park Oval,West Indies,Australia,bowl,Australia,190,6,194,6
ODI,Pakistan,England,National Stadium,Pakistan,England,bowl,England,163,8,164,4
ODI,Sri Lanka,New Zealand,Tyronne Fernando Stadium,Sri Lanka,New Zealand,bowl,Sri Lanka,157,8,116,10
ODI,New Zealand,Sri Lanka,P Saravanamuttu Stadium,Sri Lanka,Sri Lanka,bowl,New Zealand,201,8,115,10
ODI,Pakistan,Sri Lanka,Sharjah Cricket Association Stadium,United Arab Emirates,Sri Lanka,bowl,Sri Lanka,187,9,190,5
ODI,Sri Lanka,India,Sharjah Cricket Association Stadium,United Arab Emirates,India,bowl,India,96,10,97,0
ODI,India,Pakistan,Sharjah Cricket Association Stadium,United Arab Emirates,India,bat,India,188,4,134,10
ODI,Australia,West Indies,Mindoo Phillip Park,West Indies,West Indies,bowl,West Indies,206,9,208,3
ODI,Australia,West Indies,Sabina Park,West Indies,West Indies,bowl,West Indies,209,7,211,1
ODI,West Indies,England,Old Trafford,England,West Indies,bat,West Indies,272,9,168,10
ODI,West Indies,England,Trent Bridge,England,England,bowl,England,179,10,180,7
ODI,England,West Indies,Lord's,England,West Indies,bowl,West Indies,196,9,197,2
ODI,Australia,India,Jawaharlal Nehru Stadium,India,Australia,bat,Australia,220,9,172,10
ODI,India,Australia,University Stadium,India,Australia,bowl,0,175,10,29,1
ODI,India,Australia,Keenan Stadium,India,Australia,bowl,0,21,2,0,0
ODI,India,Australia,Sardar Patel Stadium,India,Australia,bowl,Australia,206,6,210,3
ODI,India,Australia,Nehru Stadium,India,Australia,bowl,Australia,235,5,236,4
ODI,Pakistan,India,Ayub National Stadium,Pakistan,India,bowl,Pakistan,199,7,153,10
ODI,New Zealand,Sri Lanka,P Saravanamuttu Stadium,Sri Lanka,New Zealand,bat,Sri Lanka,171,6,174,6
ODI,Sri Lanka,New Zealand,Tyronne Fernando Stadium,Sri Lanka,New Zealand,bowl,New Zealand,114,9,118,3
ODI,Pakistan,New Zealand,Arbab Niaz Stadium,Pakistan,New Zealand,bowl,Pakistan,191,5,145,10
ODI,Pakistan,New Zealand,Iqbal Stadium,Pakistan,New Zealand,bowl,Pakistan,157,5,152,7
ODI,New Zealand,Pakistan,Jinnah Stadium,Pakistan,Pakistan,bowl,New Zealand,187,9,153,8
ODI,India,England,Nehru Stadium,India,England,bowl,England,214,6,215,6
ODI,New Zealand,Pakistan,Ibn-e-Qasim Bagh Stadium,Pakistan,New Zealand,bat,Pakistan,213,8,214,9
ODI,India,England,Barabati Stadium,India,England,bowl,England,252,5,241,6
ODI,Australia,West Indies,Melbourne Cricket Ground,Australia,West Indies,bowl,West Indies,240,6,241,3
ODI,Sri Lanka,Australia,Sydney Cricket Ground,Australia,Sri Lanka,bat,Australia,239,7,240,4
ODI,Sri Lanka,West Indies,Tasmania Cricket Association Ground,Australia,West Indies,bowl,West Indies,197,7,198,2
ODI,New Zealand,Pakistan,McLean Park,New Zealand,New Zealand,bat,New Zealand,277,6,167,9
ODI,West Indies,Sri Lanka,Brisbane Cricket Ground,Australia,Sri Lanka,bowl,West Indies,270,6,180,10
ODI,Australia,West Indies,Brisbane Cricket Ground,Australia,West Indies,bowl,West Indies,191,10,195,5
ODI,Pakistan,New Zealand,Trust Bank Park,New Zealand,Pakistan,bat,New Zealand,221,4,222,6
ODI,Australia,West Indies,Sydney Cricket Ground,Australia,Australia,bat,West Indies,200,5,201,5
ODI,West Indies,Sri Lanka,Sydney Cricket Ground,Australia,West Indies,bat,West Indies,267,3,202,5
ODI,Australia,Sri Lanka,Melbourne Cricket Ground,Australia,Sri Lanka,bowl,Sri Lanka,226,9,230,6
ODI,West Indies,Australia,Melbourne Cricket Ground,Australia,Australia,bowl,West Indies,271,7,206,9
ODI,India,England,Karnataka State Cricket Association Stadium,India,England,bowl,England,205,6,206,7
ODI,Sri Lanka,Australia,Sydney Cricket Ground,Australia,Australia,bowl,Australia,240,6,242,7
ODI,England,India,Vidarbha Cricket Association Ground,India,India,bowl,India,240,7,241,7
ODI,Sri Lanka,West Indies,Adelaide Oval,Australia,West Indies,bowl,West Indies,204,6,205,2
ODI,Australia,West Indies,Adelaide Oval,Australia,West Indies,bowl,West Indies,200,9,201,4
ODI,England,India,Sector 16 Stadium,India,India,bowl,England,121,6,114,5
ODI,Australia,Sri Lanka,Adelaide Oval,Australia,Sri Lanka,bowl,Australia,323,2,91,10
ODI,West Indies,Sri Lanka,Western Australia Cricket Association Ground,Australia,Sri Lanka,bowl,West Indies,309,6,227,6
ODI,Sri Lanka,Australia,Western Australia Cricket Association Ground,Australia,Sri Lanka,bat,Australia,171,10,172,1
ODI,New Zealand,Pakistan,Lancaster Park,New Zealand,New Zealand,bat,New Zealand,264,8,251,10
ODI,Australia,West Indies,Sydney Cricket Ground,Australia,West Indies,bowl,Australia,247,6,221,10
ODI,Australia,West Indies,Melbourne Cricket Ground,Australia,West Indies,bowl,West Indies,271,3,273,6
ODI,Australia,West Indies,Sydney Cricket Ground,Australia,West Indies,bowl,West Indies,178,10,179,3
ODI,Pakistan,New Zealand,Eden Park,New Zealand,Pakistan,bat,0,189,10,0,0
ODI,England,Australia,Melbourne Cricket Ground,Australia,England,bat,Australia,214,8,215,3
ODI,New Zealand,West Indies,Sydney Cricket Ground,Australia,New Zealand,bat,0,57,2,0,0
ODI,Pakistan,India,Melbourne Cricket Ground,Australia,Pakistan,bat,India,183,10,184,4
ODI,New Zealand,Sri Lanka,Melbourne Cricket Ground,Australia,Sri Lanka,bowl,New Zealand,223,10,172,10
ODI,Pakistan,Australia,Melbourne Cricket Ground,Australia,Australia,bowl,Pakistan,262,6,200,10
ODI,India,England,Sydney Cricket Ground,Australia,England,bowl,India,235,9,149,10
ODI,Sri Lanka,West Indies,Melbourne Cricket Ground,Australia,Sri Lanka,bat,West Indies,135,7,136,2
ODI,Pakistan,England,Melbourne Cricket Ground,Australia,Pakistan,bat,Pakistan,213,8,146,10
ODI,Australia,India,Melbourne Cricket Ground,Australia,India,bowl,India,163,10,165,2
ODI,New Zealand,India,Sydney Cricket Ground,Australia,India,bowl,India,206,10,207,3
ODI,West Indies,Pakistan,Melbourne Cricket Ground,Australia,West Indies,bat,Pakistan,159,10,160,3
ODI,New Zealand,West Indies,Sydney Cricket Ground,Australia,West Indies,bowl,West Indies,138,9,139,4
ODI,Pakistan,India,Melbourne Cricket Ground,Australia,Pakistan,bat,India,176,9,177,2
ODI,West Indies,New Zealand,Antigua Recreation Ground,West Indies,New Zealand,bowl,West Indies,231,8,208,8
ODI,India,Pakistan,Sharjah Cricket Association Stadium,United Arab Emirates,Pakistan,bowl,India,125,10,87,10
ODI,England,Australia,Sharjah Cricket Association Stadium,United Arab Emirates,Australia,bowl,Australia,177,8,178,8
ODI,Pakistan,England,Sharjah Cricket Association Stadium,United Arab Emirates,England,bowl,Pakistan,175,7,132,10
ODI,New Zealand,West Indies,Queen's Park Oval,West Indies,West Indies,bowl,West Indies,51,3,55,4
ODI,Australia,India,Sharjah Cricket Association Stadium,United Arab Emirates,India,bowl,India,139,10,140,7
ODI,West Indies,New Zealand,Albion Sports Complex,West Indies,New Zealand,bowl,West Indies,259,5,129,10
ODI,New Zealand,West Indies,Queen's Park Oval,West Indies,West Indies,bowl,West Indies,116,10,117,0
ODI,West Indies,New Zealand,Kensington Oval,West Indies,New Zealand,bowl,West Indies,265,3,153,8
ODI,England,Australia,Old Trafford,England,England,bat,Australia,219,10,220,7
ODI,England,Australia,Edgbaston,England,Australia,bowl,Australia,231,7,233,6
ODI,Australia,England,Lord's,England,England,bowl,England,254,5,257,2
ODI,Sri Lanka,India,Sinhalese Sports Club Ground,Sri Lanka,India,bowl,India,241,6,242,8
ODI,Sri Lanka,India,P Saravanamuttu Stadium,Sri Lanka,India,bowl,Sri Lanka,171,5,157,4
ODI,India,Sri Lanka,P Saravanamuttu Stadium,Sri Lanka,Sri Lanka,bowl,0,194,6,32,4
ODI,Sri Lanka,Pakistan,Arbab Niaz Stadium,Pakistan,Pakistan,bowl,Pakistan,145,10,147,2
ODI,Pakistan,Sri Lanka,Municipal Stadium,Pakistan,Sri Lanka,bowl,Pakistan,224,5,209,7
ODI,Sri Lanka,Pakistan,Gaddafi Stadium,Pakistan,Pakistan,bowl,Pakistan,228,7,231,5
ODI,Pakistan,Sri Lanka,Niaz Stadium,Pakistan,Sri Lanka,bowl,Pakistan,216,7,127,10
ODI,Pakistan,West Indies,Sharjah Cricket Association Stadium,United Arab Emirates,Pakistan,bat,West Indies,196,4,199,3
ODI,Pakistan,India,Sharjah Cricket Association Stadium,United Arab Emirates,India,bowl,Pakistan,203,4,155,10
ODI,India,West Indies,Sharjah Cricket Association Stadium,United Arab Emirates,India,bat,West Indies,180,4,186,2
ODI,Pakistan,West Indies,Municipal Stadium,Pakistan,West Indies,bowl,West Indies,218,5,224,2
ODI,West Indies,Pakistan,Gaddafi Stadium,Pakistan,Pakistan,bowl,Pakistan,173,10,175,4
ODI,West Indies,Pakistan,Arbab Niaz Stadium,Pakistan,West Indies,bat,West Indies,201,5,161,10
ODI,West Indies,Pakistan,Pindi Club Ground,Pakistan,Pakistan,bowl,Pakistan,199,8,203,5
ODI,Pakistan,West Indies,National Stadium,Pakistan,West Indies,bowl,West Indies,127,7,128,2
ODI,New Zealand,Australia,Melbourne Cricket Ground,Australia,Australia,bowl,0,161,7,0,0
ODI,New Zealand,India,Brisbane Cricket Ground,Australia,India,bowl,India,259,9,263,5
ODI,India,Australia,Brisbane Cricket Ground,Australia,Australia,bowl,Australia,161,10,164,6
ODI,New Zealand,Australia,Sydney Cricket Ground,Australia,Australia,bowl,Australia,152,10,153,6
ODI,Australia,India,Melbourne Cricket Ground,Australia,India,bowl,India,161,10,162,2
ODI,India,New Zealand,Western Australia Cricket Association Ground,Australia,New Zealand,bowl,New Zealand,113,10,115,7
ODI,New Zealand,Australia,Western Australia Cricket Association Ground,Australia,Australia,bowl,Australia,159,6,161,6
ODI,Australia,India,Sydney Cricket Ground,Australia,India,bowl,Australia,292,6,192,4
ODI,India,New Zealand,Melbourne Cricket Ground,Australia,New Zealand,bowl,New Zealand,238,8,239,5
ODI,New Zealand,India,Adelaide Oval,Australia,India,bowl,India,172,10,174,5
ODI,Australia,India,Adelaide Oval,Australia,India,bowl,Australia,262,8,226,10
ODI,New Zealand,Australia,Adelaide Oval,Australia,New Zealand,bat,New Zealand,276,7,70,10
ODI,Australia,New Zealand,Sydney Cricket Ground,Australia,Australia,bat,Australia,239,7,140,10
ODI,Australia,India,Melbourne Cricket Ground,Australia,Australia,bat,India,235,7,238,4
ODI,India,New Zealand,North Tasmania Cricket Association Ground,Australia,New Zealand,bowl,India,202,9,168,9
ODI,Australia,India,Sydney Cricket Ground,Australia,India,bowl,Australia,170,8,159,10
ODI,India,Australia,Melbourne Cricket Ground,Australia,Australia,bowl,Australia,187,10,188,3
ODI,England,West Indies,Sabina Park,West Indies,West Indies,bowl,West Indies,145,8,146,4
ODI,Sri Lanka,Pakistan,Asgiriya Stadium,Sri Lanka,Pakistan,bowl,Pakistan,124,6,125,2
ODI,West Indies,England,Queen's Park Oval,West Indies,England,bowl,England,229,3,230,5
ODI,Pakistan,Sri Lanka,Tyronne Fernando Stadium,Sri Lanka,Sri Lanka,bowl,0,125,8,0,0
ODI,Sri Lanka,Pakistan,Sinhalese Sports Club Ground,Sri Lanka,Pakistan,bowl,Pakistan,160,8,103,2
ODI,New Zealand,Australia,Carisbrook,New Zealand,Australia,bowl,New Zealand,186,6,156,10
ODI,West Indies,England,Kensington Oval,West Indies,England,bowl,West Indies,249,7,114,10
ODI,New Zealand,Australia,Lancaster Park,New Zealand,Australia,bowl,New Zealand,258,7,205,10
ODI,New Zealand,Australia,Basin Reserve,New Zealand,New Zealand,bat,Australia,229,9,232,7
ODI,Australia,New Zealand,Eden Park,New Zealand,Australia,bat,Australia,231,10,187,9
ODI,Pakistan,Sri Lanka,P Saravanamuttu Stadium,Sri Lanka,Sri Lanka,bowl,Pakistan,197,10,116,10
ODI,Bangladesh,Pakistan,Tyronne Fernando Stadium,Sri Lanka,Pakistan,bowl,Pakistan,94,10,98,3
ODI,England,West Indies,Queen's Park Oval,West Indies,West Indies,bowl,West Indies,165,9,166,2
ODI,Bangladesh,Sri Lanka,Asgiriya Stadium,Sri Lanka,Sri Lanka,bowl,Sri Lanka,131,8,132,3
ODI,Sri Lanka,New Zealand,Khettarama Stadium,Sri Lanka,New Zealand,bowl,New Zealand,137,9,140,4
ODI,Pakistan,Sri Lanka,Sinhalese Sports Club Ground,Sri Lanka,Sri Lanka,bowl,Sri Lanka,191,9,195,5
ODI,New Zealand,Pakistan,Sinhalese Sports Club Ground,Sri Lanka,Pakistan,bowl,Pakistan,214,8,217,6
ODI,New Zealand,India,Sharjah Cricket Association Stadium,United Arab Emirates,India,bowl,India,132,8,134,7
ODI,Australia,Pakistan,Sharjah Cricket Association Stadium,United Arab Emirates,Australia,bat,Pakistan,202,7,206,2
ODI,Sri Lanka,India,Sharjah Cricket Association Stadium,United Arab Emirates,India,bowl,India,205,9,206,7
ODI,New Zealand,Pakistan,Sharjah Cricket Association Stadium,United Arab Emirates,Pakistan,bowl,Pakistan,64,10,66,0
ODI,India,Pakistan,Sharjah Cricket Association Stadium,United Arab Emirates,Pakistan,bowl,Pakistan,245,7,248,9
ODI,England,India,Kennington Oval,England,India,bowl,India,162,10,163,1
ODI,India,England,Old Trafford,England,England,bowl,England,254,6,256,5
ODI,New Zealand,England,Headingley,England,New Zealand,bat,New Zealand,217,8,170,10
ODI,New Zealand,England,Old Trafford,England,England,bowl,England,284,5,286,4
ODI,Australia,India,Sawai Mansingh Stadium,India,India,bowl,India,250,3,251,3
ODI,India,Australia,Sher-i-Kashmir Stadium,India,Australia,bowl,Australia,222,8,226,7
ODI,Australia,India,Lal Bahadur Shastri Stadium,India,India,bowl,0,242,6,41,1
ODI,Australia,India,Feroz Shah Kotla,India,India,bowl,India,238,6,242,7
ODI,India,Australia,Gujarat Stadium,India,India,bat,India,193,10,141,10
ODI,India,Australia,Municipal Stadium,India,Australia,bowl,Australia,260,6,263,3
ODI,Pakistan,West Indies,Arbab Niaz Stadium,Pakistan,Pakistan,bat,West Indies,164,7,165,6
ODI,West Indies,Pakistan,Municipal Stadium,Pakistan,Pakistan,bowl,West Indies,196,7,155,6
ODI,Pakistan,West Indies,Jinnah Stadium,Pakistan,Pakistan,bat,West Indies,148,7,151,6
ODI,West Indies,Pakistan,Ibn-e-Qasim Bagh Stadium,Pakistan,Pakistan,bowl,West Indies,202,5,113,10
ODI,Pakistan,West Indies,Niaz Stadium,Pakistan,West Indies,bowl,Pakistan,202,6,191,7
ODI,Sri Lanka,India,Sharjah Cricket Association Stadium,United Arab Emirates,India,bowl,India,214,9,215,3
ODI,Pakistan,West Indies,Sharjah Cricket Association Stadium,United Arab Emirates,Pakistan,bat,West Indies,143,10,145,1
ODI,West Indies,India,Sharjah Cricket Association Stadium,United Arab Emirates,India,bowl,West Indies,198,8,165,8
ODI,Sri Lanka,Pakistan,Sharjah Cricket Association Stadium,United Arab Emirates,Pakistan,bowl,Pakistan,164,7,165,6
ODI,West Indies,Sri Lanka,Sharjah Cricket Association Stadium,United Arab Emirates,Sri Lanka,bowl,West Indies,248,5,55,10
ODI,India,Pakistan,Sharjah Cricket Association Stadium,United Arab Emirates,Pakistan,bowl,Pakistan,144,10,145,7
ODI,Sri Lanka,India,Green Park,India,India,bowl,Sri Lanka,195,8,78,10
ODI,Pakistan,West Indies,Western Australia Cricket Association Ground,Australia,West Indies,bowl,Pakistan,199,8,165,10
ODI,England,Australia,Western Australia Cricket Association Ground,Australia,England,bat,England,272,6,235,10
ODI,Australia,Pakistan,Western Australia Cricket Association Ground,Australia,Australia,bat,Pakistan,273,6,274,9
ODI,England,West Indies,Western Australia Cricket Association Ground,Australia,West Indies,bowl,England,228,9,209,10
ODI,West Indies,Australia,Western Australia Cricket Association Ground,Australia,Australia,bowl,West Indies,255,8,91,10
ODI,Pakistan,England,Western Australia Cricket Association Ground,Australia,Pakistan,bat,England,229,5,232,7
ODI,Pakistan,England,Western Australia Cricket Association Ground,Australia,England,bowl,England,166,9,167,5
ODI,Sri Lanka,India,Nehru Stadium,India,India,bowl,India,145,8,146,2
ODI,Sri Lanka,India,Feroz Shah Kotla,India,India,bowl,India,208,6,209,4
ODI,India,Sri Lanka,Moti Bagh Stadium,India,Sri Lanka,bowl,India,235,8,141,9
ODI,West Indies,England,Brisbane Cricket Ground,Australia,England,bowl,England,154,10,156,4
ODI,India,Sri Lanka,Wankhede Stadium,India,Sri Lanka,bowl,India,299,4,289,7
ODI,Australia,England,Brisbane Cricket Ground,Australia,Australia,bat,Australia,261,4,250,9
ODI,Australia,West Indies,Melbourne Cricket Ground,Australia,West Indies,bowl,West Indies,181,6,182,3
ODI,Australia,England,Sydney Cricket Ground,Australia,Australia,bat,England,233,8,234,7
ODI,England,West Indies,Adelaide Oval,Australia,West Indies,bowl,England,252,6,163,10
ODI,West Indies,Australia,Adelaide Oval,Australia,Australia,bowl,West Indies,237,5,221,9
ODI,Australia,England,Adelaide Oval,Australia,Australia,bat,Australia,225,6,192,10
ODI,India,Pakistan,Nehru Stadium,India,Pakistan,bowl,Pakistan,196,7,200,7
ODI,Australia,West Indies,Sydney Cricket Ground,Australia,Australia,bat,Australia,194,10,158,10
ODI,England,West Indies,Melbourne Cricket Ground,Australia,England,bat,West Indies,147,10,148,4
ODI,Australia,England,Melbourne Cricket Ground,Australia,England,bowl,Australia,248,5,139,10
ODI,England,West Indies,Devonport Oval,Australia,West Indies,bowl,England,177,9,148,10
ODI,West Indies,Australia,Sydney Cricket Ground,Australia,West Indies,bat,Australia,192,10,195,8
ODI,Australia,England,Melbourne Cricket Ground,Australia,England,bowl,England,171,8,172,4
ODI,England,Australia,Sydney Cricket Ground,Australia,England,bat,England,187,9,179,8
ODI,India,Pakistan,Eden Gardens,India,Pakistan,bowl,Pakistan,238,6,241,8
ODI,West Indies,New Zealand,Carisbrook,New Zealand,New Zealand,bowl,West Indies,237,9,142,10
ODI,India,Pakistan,Lal Bahadur Shastri Stadium,India,Pakistan,bowl,India,212,6,212,7
ODI,New Zealand,West Indies,Eden Park,New Zealand,West Indies,bowl,West Indies,213,10,217,4
ODI,India,Pakistan,Nehru Stadium,India,India,bat,Pakistan,120,9,121,4
ODI,Pakistan,India,Vidarbha Cricket Association Ground,India,India,bowl,Pakistan,286,6,245,9
ODI,India,Pakistan,Keenan Stadium,India,Pakistan,bowl,Pakistan,265,3,266,5
ODI,New Zealand,West Indies,Lancaster Park,New Zealand,New Zealand,bat,West Indies,191,9,192,0
ODI,England,India,Sharjah Cricket Association Stadium,United Arab Emirates,India,bowl,India,211,7,214,7
ODI,Australia,Pakistan,Sharjah Cricket Association Stadium,United Arab Emirates,Pakistan,bowl,Pakistan,176,9,180,4
ODI,Australia,India,Sharjah Cricket Association Stadium,United Arab Emirates,India,bowl,India,176,6,177,3
ODI,Pakistan,England,Sharjah Cricket Association Stadium,United Arab Emirates,England,bowl,England,217,9,220,5
ODI,England,Australia,Sharjah Cricket Association Stadium,United Arab Emirates,Australia,bowl,England,230,6,219,9
ODI,India,Pakistan,Sharjah Cricket Association Stadium,United Arab Emirates,Pakistan,bowl,Pakistan,183,8,184,2
ODI,Pakistan,England,Kennington Oval,England,England,bowl,England,232,6,233,3
ODI,England,Pakistan,Trent Bridge,England,Pakistan,bowl,Pakistan,157,10,158,4
ODI,Pakistan,England,Edgbaston,England,England,bowl,England,213,9,217,9
ODI,Pakistan,Sri Lanka,Niaz Stadium,Pakistan,Pakistan,bat,Pakistan,267,6,252,10
ODI,West Indies,England,Municipal Stadium,Pakistan,England,bowl,England,243,7,246,8
ODI,Australia,India,MA Chidambaram Stadium,India,India,bowl,Australia,270,6,269,10
ODI,New Zealand,Zimbabwe,Lal Bahadur Shastri Stadium,India,Zimbabwe,bowl,New Zealand,242,7,239,10
ODI,Pakistan,England,Pindi Club Ground,Pakistan,England,bowl,Pakistan,239,7,221,10
ODI,Australia,Zimbabwe,MA Chidambaram Stadium,India,Zimbabwe,bowl,Australia,235,9,139,10
ODI,West Indies,Pakistan,Iqbal Stadium,Pakistan,Pakistan,bowl,West Indies,204,5,187,8
ODI,West Indies,Sri Lanka,National Stadium,Pakistan,Sri Lanka,bowl,West Indies,360,4,169,4
ODI,India,New Zealand,M Chinnaswamy Stadium,India,New Zealand,bowl,India,252,7,236,8
ODI,West Indies,Pakistan,Gaddafi Stadium,Pakistan,West Indies,bat,Pakistan,216,10,217,9
ODI,England,Sri Lanka,Arbab Niaz Stadium,Pakistan,England,bat,England,296,4,158,8
ODI,Zimbabwe,India,Wankhede Stadium,India,Zimbabwe,bat,India,135,10,136,2
ODI,Australia,New Zealand,Nehru Stadium,India,New Zealand,bowl,Australia,199,4,196,9
ODI,England,Pakistan,National Stadium,Pakistan,Pakistan,bowl,Pakistan,244,9,247,3
ODI,West Indies,Sri Lanka,Green Park,India,Sri Lanka,bowl,West Indies,236,8,211,8
ODI,India,Australia,Feroz Shah Kotla,India,Australia,bowl,India,289,6,233,10
ODI,Zimbabwe,New Zealand,Eden Gardens,India,New Zealand,bowl,New Zealand,227,5,228,6
ODI,Pakistan,Sri Lanka,Iqbal Stadium,Pakistan,Pakistan,bat,Pakistan,297,7,184,8
ODI,England,West Indies,Sawai Mansingh Stadium,India,West Indies,bowl,England,269,5,235,10
ODI,Zimbabwe,India,Gujarat Stadium,India,India,bowl,India,191,7,194,3
ODI,Australia,New Zealand,Sector 16 Stadium,India,Australia,bat,Australia,251,8,234,10
ODI,Australia,Zimbabwe,Barabati Stadium,India,Zimbabwe,bowl,Australia,266,5,196,6
ODI,Sri Lanka,England,Nehru Stadium,India,Sri Lanka,bat,England,218,7,219,2
ODI,West Indies,Pakistan,National Stadium,Pakistan,West Indies,bat,West Indies,258,7,230,9
ODI,New Zealand,India,Vidarbha Cricket Association Ground,India,New Zealand,bat,India,221,9,224,1
ODI,Australia,Pakistan,Gaddafi Stadium,Pakistan,Australia,bat,Australia,267,8,249,10
ODI,England,India,Wankhede Stadium,India,India,bowl,England,254,6,219,10
ODI,Australia,England,Eden Gardens,India,Australia,bat,Australia,253,5,246,8
ODI,Pakistan,England,Gaddafi Stadium,Pakistan,Pakistan,bat,England,166,10,167,8
ODI,England,Pakistan,National Stadium,Pakistan,England,bat,England,263,6,240,8
ODI,England,Pakistan,Arbab Niaz Stadium,Pakistan,England,bat,England,236,8,138,9
ODI,West Indies,India,Vidarbha Cricket Association Ground,India,West Indies,bat,West Indies,203,8,193,10
ODI,West Indies,India,Nehru Stadium,India,India,bowl,West Indies,187,7,135,10
ODI,India,West Indies,Eden Gardens,India,India,bat,India,222,7,166,10
ODI,Australia,Sri Lanka,Western Australia Cricket Association Ground,Australia,Sri Lanka,bowl,Australia,249,7,168,10
ODI,New Zealand,Australia,Western Australia Cricket Association Ground,Australia,New Zealand,bat,New Zealand,232,9,231,10
ODI,Sri Lanka,New Zealand,Sydney Cricket Ground,Australia,Sri Lanka,bat,New Zealand,174,10,178,4
ODI,India,West Indies,Municipal Stadium,India,India,bat,West Indies,221,7,225,4
ODI,West Indies,India,Gujarat Stadium,India,India,bowl,West Indies,196,10,194,9
ODI,Sri Lanka,New Zealand,Adelaide Oval,Australia,Sri Lanka,bat,New Zealand,241,10,242,6
ODI,Australia,Sri Lanka,Adelaide Oval,Australia,Australia,bat,Australia,289,6,208,8
ODI,Australia,Sri Lanka,Melbourne Cricket Ground,Australia,Australia,bat,Australia,243,8,205,10
ODI,Sri Lanka,New Zealand,Brisbane Cricket Ground,Australia,New Zealand,bowl,New Zealand,164,8,167,6
ODI,India,West Indies,Nahar Singh Stadium,India,West Indies,bowl,West Indies,230,6,231,6
ODI,Australia,New Zealand,Sydney Cricket Ground,Australia,Australia,bat,Australia,221,8,143,10
ODI,New Zealand,Australia,Melbourne Cricket Ground,Australia,Australia,bowl,Australia,177,10,180,2
ODI,West Indies,India,Captain Roop Singh Stadium,India,India,bowl,West Indies,278,6,205,10
ODI,New Zealand,Australia,Sydney Cricket Ground,Australia,Australia,bowl,Australia,168,5,169,4
ODI,India,West Indies,University Stadium,India,West Indies,bowl,West Indies,239,8,241,1
ODI,Australia,England,Melbourne Cricket Ground,Australia,Australia,bat,Australia,235,6,213,8
ODI,New Zealand,England,Carisbrook,New Zealand,New Zealand,bat,England,204,10,207,5
ODI,New Zealand,England,Lancaster Park,New Zealand,England,bowl,England,186,8,188,4
ODI,West Indies,Pakistan,Sabina Park,West Indies,Pakistan,bowl,West Indies,241,4,194,7
ODI,Pakistan,West Indies,Antigua Recreation Ground,West Indies,West Indies,bowl,West Indies,166,9,167,5
ODI,West Indies,Pakistan,Queen's Park Oval,West Indies,Pakistan,bowl,West Indies,315,4,265,10
ODI,England,New Zealand,Eden Park,New Zealand,New Zealand,bowl,New Zealand,208,10,211,6
ODI,Pakistan,West Indies,Queen's Park Oval,West Indies,Pakistan,bat,West Indies,271,6,272,3
ODI,India,Sri Lanka,Sharjah Cricket Association Stadium,United Arab Emirates,Sri Lanka,bowl,India,219,8,201,10
ODI,India,New Zealand,Sharjah Cricket Association Stadium,United Arab Emirates,New Zealand,bowl,India,267,6,194,8
ODI,New Zealand,Sri Lanka,Sharjah Cricket Association Stadium,United Arab Emirates,Sri Lanka,bowl,New Zealand,258,8,159,10
ODI,Pakistan,West Indies,Bourda,West Indies,West Indies,bowl,West Indies,221,7,225,3
ODI,New Zealand,Sri Lanka,Sharjah Cricket Association Stadium,United Arab Emirates,New Zealand,bat,New Zealand,249,7,206,9
ODI,India,New Zealand,Sharjah Cricket Association Stadium,United Arab Emirates,India,bat,India,250,7,198,10
ODI,West Indies,England,Edgbaston,England,England,bowl,England,217,10,219,4
ODI,England,West Indies,Headingley,England,West Indies,bowl,England,186,8,139,10
ODI,West Indies,England,Lord's,England,England,bowl,England,178,7,180,3
ODI,Sri Lanka,England,Kennington Oval,England,England,bowl,England,242,7,245,5
ODI,Australia,Pakistan,Gaddafi Stadium,Pakistan,Pakistan,bowl,Pakistan,229,8,229,7
ODI,India,West Indies,Sharjah Cricket Association Stadium,United Arab Emirates,West Indies,bowl,India,238,5,215,10
ODI,Pakistan,West Indies,Sharjah Cricket Association Stadium,United Arab Emirates,West Indies,bowl,Pakistan,294,6,210,5
ODI,Pakistan,India,Sharjah Cricket Association Stadium,United Arab Emirates,India,bowl,Pakistan,246,10,212,8
ODI,West Indies,Pakistan,Sharjah Cricket Association Stadium,United Arab Emirates,Pakistan,bowl,West Indies,235,6,224,10
ODI,Pakistan,Sri Lanka,National Stadium,Bangladesh,Sri Lanka,bowl,Sri Lanka,194,7,195,5
ODI,Bangladesh,India,Chittagong Stadium,Bangladesh,India,bowl,India,99,8,100,1
ODI,Pakistan,Bangladesh,Chittagong Stadium,Bangladesh,Pakistan,bat,Pakistan,284,3,111,6
ODI,Pakistan,India,National Stadium,Bangladesh,India,bowl,India,142,10,143,6
ODI,Bangladesh,Sri Lanka,National Stadium,Bangladesh,Sri Lanka,bowl,Sri Lanka,118,8,120,1
ODI,Sri Lanka,India,National Stadium,Bangladesh,India,bowl,India,176,10,180,4
ODI,West Indies,Pakistan,Adelaide Oval,Australia,Pakistan,bowl,West Indies,269,9,180,7
ODI,New Zealand,India,Indira Priyadarshini Stadium,India,India,bowl,India,196,9,197,6
ODI,Pakistan,Australia,Adelaide Oval,Australia,Pakistan,bat,Australia,177,10,178,1
ODI,West Indies,Australia,Sydney Cricket Ground,Australia,West Indies,bat,West Indies,220,10,219,8
ODI,India,New Zealand,Nehru Stadium,India,New Zealand,bowl,India,222,6,169,9
ODI,New Zealand,India,Moti Bagh Stadium,India,New Zealand,bat,India,278,3,282,8
ODI,Pakistan,West Indies,Western Australia Cricket Association Ground,Australia,West Indies,bowl,West Indies,140,9,142,3
ODI,Pakistan,Australia,Western Australia Cricket Association Ground,Australia,Pakistan,bat,Pakistan,216,7,178,10
ODI,Australia,West Indies,Melbourne Cricket Ground,Australia,West Indies,bowl,Australia,226,10,218,8
ODI,Pakistan,West Indies,Brisbane Cricket Ground,Australia,West Indies,bowl,Pakistan,258,7,203,10
ODI,Pakistan,Australia,Brisbane Cricket Ground,Australia,Pakistan,bat,Australia,203,9,204,5
ODI,Australia,Pakistan,Melbourne Cricket Ground,Australia,Pakistan,bowl,Australia,258,4,108,7
ODI,Australia,West Indies,Sydney Cricket Ground,Australia,Australia,bat,Australia,215,5,154,8
ODI,Australia,West Indies,Melbourne Cricket Ground,Australia,Australia,bat,Australia,204,9,202,9
ODI,West Indies,Australia,Sydney Cricket Ground,Australia,West Indies,bat,West Indies,277,9,185,10
ODI,Australia,West Indies,Sydney Cricket Ground,Australia,Australia,bat,West Indies,226,4,111,2
ODI,Pakistan,New Zealand,Carisbrook,New Zealand,New Zealand,bowl,New Zealand,170,9,174,2
ODI,Pakistan,New Zealand,Lancaster Park,New Zealand,New Zealand,bowl,New Zealand,170,7,171,3
ODI,West Indies,India,Kensington Oval,West Indies,India,bowl,West Indies,248,4,198,8
ODI,Pakistan,New Zealand,Basin Reserve,New Zealand,New Zealand,bowl,New Zealand,253,6,254,4
ODI,India,West Indies,Queen's Park Oval,West Indies,West Indies,bowl,West Indies,148,10,151,4
ODI,New Zealand,Pakistan,Eden Park,New Zealand,Pakistan,bowl,Pakistan,249,10,251,3
ODI,India,West Indies,Queen's Park Oval,West Indies,India,bat,West Indies,192,10,193,4
ODI,Pakistan,New Zealand,Trust Bank Park,New Zealand,New Zealand,bowl,New Zealand,138,9,139,3
ODI,India,West Indies,Antigua Recreation Ground,West Indies,India,bat,West Indies,237,8,240,2
ODI,West Indies,India,Bourda,West Indies,India,bowl,West Indies,289,2,188,8
ODI,Pakistan,Sri Lanka,Sharjah Cricket Association Stadium,United Arab Emirates,Sri Lanka,bowl,Pakistan,237,8,207,10
ODI,Sri Lanka,Pakistan,Sharjah Cricket Association Stadium,United Arab Emirates,Sri Lanka,bat,Pakistan,244,8,248,3
ODI,England,Australia,Old Trafford,England,England,bat,England,231,9,136,10
ODI,England,Australia,Trent Bridge,England,England,bat,0,226,5,226,8
ODI,England,Australia,Lord's,England,England,bat,Australia,278,7,279,4
ODI,India,West Indies,Sharjah Cricket Association Stadium,United Arab Emirates,India,bat,West Indies,169,10,173,5
ODI,Pakistan,West Indies,Sharjah Cricket Association Stadium,United Arab Emirates,West Indies,bowl,Pakistan,250,8,239,10
ODI,Sri Lanka,England,Feroz Shah Kotla,India,England,bowl,England,193,10,196,5
ODI,India,Pakistan,Sharjah Cricket Association Stadium,United Arab Emirates,India,bat,Pakistan,273,4,274,4
ODI,India,West Indies,Sharjah Cricket Association Stadium,United Arab Emirates,West Indies,bowl,India,211,9,174,10
ODI,Pakistan,West Indies,Sharjah Cricket Association Stadium,United Arab Emirates,Pakistan,bat,Pakistan,237,7,180,10
ODI,Australia,England,Lal Bahadur Shastri Stadium,India,Australia,bat,England,242,3,243,3
ODI,West Indies,Sri Lanka,Municipal Stadium,India,Sri Lanka,bowl,Sri Lanka,176,9,180,6
ODI,Pakistan,India,Sharjah Cricket Association Stadium,United Arab Emirates,India,bowl,Pakistan,252,4,214,9
ODI,Australia,West Indies,MA Chidambaram Stadium,India,Australia,bat,Australia,241,6,142,10
ODI,Pakistan,England,Barabati Stadium,India,Pakistan,bat,England,148,9,149,6
ODI,India,Sri Lanka,Gujarat Stadium,India,India,bat,India,227,8,221,10
ODI,Pakistan,Australia,Brabourne Stadium,India,Australia,bowl,Pakistan,205,8,139,10
ODI,West Indies,India,Feroz Shah Kotla,India,India,bowl,West Indies,196,9,176,10
ODI,England,India,Green Park,India,India,bowl,India,255,7,259,4
ODI,Pakistan,West Indies,Gandhi Stadium,India,Pakistan,bat,West Indies,223,5,226,4
ODI,Australia,Sri Lanka,Nehru Stadium,India,Australia,bat,Australia,222,7,194,10
ODI,West Indies,England,Captain Roop Singh Stadium,India,West Indies,bat,West Indies,265,5,239,8
ODI,Australia,India,M Chinnaswamy Stadium,India,Australia,bat,India,247,8,249,7
ODI,Pakistan,Sri Lanka,KD Singh Babu Stadium,India,Pakistan,bat,Pakistan,219,6,213,10
ODI,Pakistan,India,Eden Gardens,India,India,bowl,Pakistan,279,7,202,10
ODI,England,Pakistan,Vidarbha Cricket Association Ground,India,Pakistan,bowl,Pakistan,194,7,195,4
ODI,India,West Indies,Wankhede Stadium,India,India,bat,West Indies,165,10,166,2
ODI,West Indies,Pakistan,Eden Gardens,India,West Indies,bat,Pakistan,273,5,277,6
ODI,Pakistan,India,Municipal Stadium,Pakistan,India,bowl,Pakistan,87,9,80,9
ODI,Pakistan,India,National Stadium,Pakistan,India,bowl,0,28,3,0,0
ODI,Pakistan,India,Gaddafi Stadium,Pakistan,India,bowl,Pakistan,150,8,112,10
ODI,Australia,Sri Lanka,Melbourne Cricket Ground,Australia,Sri Lanka,bowl,Australia,228,5,198,10
ODI,Sri Lanka,Australia,Western Australia Cricket Association Ground,Australia,Sri Lanka,bat,Australia,203,9,204,1
ODI,Pakistan,Sri Lanka,Western Australia Cricket Association Ground,Australia,Pakistan,bat,Sri Lanka,222,7,223,7
ODI,Pakistan,Australia,Melbourne Cricket Ground,Australia,Pakistan,bat,Australia,161,10,162,3
ODI,Australia,Sri Lanka,Melbourne Cricket Ground,Australia,Australia,bat,Australia,202,7,129,10
ODI,Sri Lanka,Pakistan,Brisbane Cricket Ground,Australia,Pakistan,bowl,Pakistan,253,5,254,5
ODI,Australia,Pakistan,Brisbane Cricket Ground,Australia,Pakistan,bowl,Australia,300,5,233,10
ODI,Australia,Pakistan,Sydney Cricket Ground,Australia,Pakistan,bowl,Pakistan,165,8,167,5
ODI,West Indies,England,Queen's Park Oval,West Indies,England,bowl,0,208,8,26,1
ODI,Sri Lanka,Pakistan,Bellerive Oval,Australia,Pakistan,bowl,Pakistan,195,10,198,4
ODI,Pakistan,Sri Lanka,Adelaide Oval,Australia,Sri Lanka,bowl,Pakistan,315,3,288,8
ODI,West Indies,England,Queen's Park Oval,West Indies,England,bowl,0,13,0,0,0
ODI,Sri Lanka,Australia,Adelaide Oval,Australia,Sri Lanka,bat,Australia,158,10,159,3
ODI,Pakistan,Australia,Sydney Cricket Ground,Australia,Pakistan,bat,Pakistan,220,8,218,9
ODI,Pakistan,Australia,Melbourne Cricket Ground,Australia,Australia,bowl,Australia,162,10,163,3
ODI,Australia,Pakistan,Sydney Cricket Ground,Australia,Australia,bat,Australia,255,6,186,10
ODI,New Zealand,India,Carisbrook,New Zealand,India,bowl,New Zealand,246,6,138,10
ODI,Australia,India,Lancaster Park,New Zealand,Australia,bat,Australia,187,9,169,10
ODI,England,West Indies,Sabina Park,West Indies,England,bat,West Indies,214,8,216,7
ODI,Australia,New Zealand,Lancaster Park,New Zealand,Australia,bat,Australia,244,8,94,10
ODI,India,New Zealand,Basin Reserve,New Zealand,India,bat,India,221,10,220,10
ODI,England,West Indies,Bourda,West Indies,West Indies,bowl,West Indies,188,8,191,4
ODI,India,Australia,Trust Bank Park,New Zealand,India,bat,Australia,211,8,212,3
ODI,Australia,New Zealand,Eden Park,New Zealand,New Zealand,bowl,Australia,239,6,167,2
ODI,New Zealand,Australia,Eden Park,New Zealand,New Zealand,bat,Australia,162,10,164,2
ODI,England,West Indies,Bourda,West Indies,West Indies,bowl,West Indies,166,9,167,3
ODI,England,West Indies,Kensington Oval,West Indies,West Indies,bowl,West Indies,214,3,217,6
ODI,India,Sri Lanka,Sharjah Cricket Association Stadium,United Arab Emirates,Sri Lanka,bowl,Sri Lanka,241,8,242,7
ODI,Australia,New Zealand,Sharjah Cricket Association Stadium,United Arab Emirates,New Zealand,bowl,Australia,258,5,195,7
ODI,Pakistan,India,Sharjah Cricket Association Stadium,United Arab Emirates,India,bowl,Pakistan,235,9,209,10
ODI,New Zealand,Bangladesh,Sharjah Cricket Association Stadium,United Arab Emirates,New Zealand,bat,New Zealand,338,4,177,5
ODI,Pakistan,Sri Lanka,Sharjah Cricket Association Stadium,United Arab Emirates,Sri Lanka,bowl,Pakistan,311,8,221,10
ODI,Bangladesh,Australia,Sharjah Cricket Association Stadium,United Arab Emirates,Bangladesh,bat,Australia,134,8,140,3
ODI,New Zealand,Pakistan,Sharjah Cricket Association Stadium,United Arab Emirates,New Zealand,bat,Pakistan,74,10,77,2
ODI,Australia,Sri Lanka,Sharjah Cricket Association Stadium,United Arab Emirates,Australia,bat,Australia,332,3,218,9
ODI,Pakistan,Australia,Sharjah Cricket Association Stadium,United Arab Emirates,Pakistan,bat,Pakistan,266,7,230,10
ODI,England,New Zealand,Headingley,England,New Zealand,bowl,New Zealand,295,6,298,6
ODI,New Zealand,England,Kennington Oval,England,England,bowl,England,212,6,213,4
ODI,England,India,Headingley,England,India,bowl,India,229,10,233,4
ODI,England,India,Trent Bridge,England,India,bowl,India,281,10,282,5
ODI,Pakistan,New Zealand,Gaddafi Stadium,Pakistan,New Zealand,bowl,Pakistan,196,8,177,10
ODI,New Zealand,Pakistan,Arbab Niaz Stadium,Pakistan,New Zealand,bat,Pakistan,127,10,128,2
ODI,Pakistan,New Zealand,Jinnah Stadium,Pakistan,New Zealand,bowl,Pakistan,223,2,118,10
ODI,Pakistan,West Indies,National Stadium,Pakistan,Pakistan,bat,Pakistan,211,5,205,7
ODI,West Indies,Pakistan,Gaddafi Stadium,Pakistan,West Indies,bat,Pakistan,176,7,177,5
ODI,Pakistan,West Indies,Ibn-e-Qasim Bagh Stadium,Pakistan,Pakistan,bat,Pakistan,168,9,137,7
ODI,Australia,New Zealand,Sydney Cricket Ground,Australia,New Zealand,bowl,Australia,236,9,174,7
ODI,New Zealand,England,Adelaide Oval,Australia,England,bowl,New Zealand,199,6,192,9
ODI,India,Sri Lanka,Vidarbha Cricket Association Ground,India,Sri Lanka,bowl,India,245,5,226,7
ODI,New Zealand,Australia,Adelaide Oval,Australia,New Zealand,bat,Australia,208,7,210,4
ODI,Sri Lanka,India,Nehru Stadium,India,India,bowl,India,227,8,230,4
ODI,New Zealand,England,Western Australia Cricket Association Ground,Australia,New Zealand,bat,England,158,10,161,6
ODI,India,Sri Lanka,Nehru Stadium,India,India,bat,Sri Lanka,136,10,137,3
ODI,England,Australia,Western Australia Cricket Association Ground,Australia,England,bat,Australia,192,9,193,4
ODI,Australia,New Zealand,Melbourne Cricket Ground,Australia,New Zealand,bowl,Australia,263,7,224,8
ODI,England,New Zealand,Sydney Cricket Ground,Australia,New Zealand,bowl,England,194,10,161,10
ODI,England,New Zealand,Brisbane Cricket Ground,Australia,New Zealand,bowl,New Zealand,203,6,204,2
ODI,Australia,England,Brisbane Cricket Ground,Australia,Australia,bat,Australia,283,5,246,7
ODI,New Zealand,Australia,Bellerive Oval,Australia,Australia,bowl,New Zealand,194,6,193,10
ODI,Pakistan,Sri Lanka,Sharjah Cricket Association Stadium,United Arab Emirates,Sri Lanka,bowl,Sri Lanka,170,10,172,4
ODI,Pakistan,Sri Lanka,Sharjah Cricket Association Stadium,United Arab Emirates,Sri Lanka,bowl,Pakistan,181,9,131,9
ODI,Bangladesh,India,Sector 16 Stadium,India,Bangladesh,bat,India,170,6,171,1
ODI,Sri Lanka,India,Barabati Stadium,India,Sri Lanka,bat,Sri Lanka,214,10,178,10
ODI,Sri Lanka,Bangladesh,Eden Gardens,India,Sri Lanka,bat,Sri Lanka,249,4,178,9
ODI,Australia,England,Sydney Cricket Ground,Australia,England,bowl,Australia,221,7,153,10
ODI,Sri Lanka,India,Eden Gardens,India,India,bowl,India,204,9,205,3
ODI,Australia,England,Melbourne Cricket Ground,Australia,Australia,bat,Australia,222,6,219,9
ODI,New Zealand,Australia,Sydney Cricket Ground,Australia,New Zealand,bat,Australia,199,7,202,4
ODI,New Zealand,Australia,Melbourne Cricket Ground,Australia,New Zealand,bat,Australia,208,6,209,3
ODI,Sri Lanka,New Zealand,McLean Park,New Zealand,New Zealand,bowl,New Zealand,177,8,178,5
ODI,New Zealand,Sri Lanka,Eden Park,New Zealand,Sri Lanka,bowl,New Zealand,242,5,201,10
ODI,New Zealand,Sri Lanka,Carisbrook,New Zealand,Sri Lanka,bowl,New Zealand,272,6,165,10
ODI,England,New Zealand,Lancaster Park,New Zealand,England,bat,England,230,7,216,8
ODI,New Zealand,England,Basin Reserve,New Zealand,England,bowl,New Zealand,196,8,187,10
ODI,New Zealand,England,Eden Park,New Zealand,England,bowl,New Zealand,224,7,217,10
ODI,Australia,West Indies,Sabina Park,West Indies,Australia,bat,Australia,244,4,209,10
ODI,Australia,West Indies,Queen's Park Oval,West Indies,West Indies,bowl,Australia,172,9,127,10
ODI,Australia,West Indies,Queen's Park Oval,West Indies,Australia,bat,West Indies,245,7,181,3
ODI,Australia,West Indies,Kensington Oval,West Indies,Australia,bat,Australia,283,6,246,10
ODI,West Indies,Australia,Bourda,West Indies,West Indies,bat,Australia,251,10,252,4
ODI,West Indies,England,Edgbaston,England,England,bowl,England,173,8,175,9
ODI,England,West Indies,Old Trafford,England,West Indies,bowl,England,270,4,261,8
ODI,West Indies,England,Lord's,England,England,bowl,England,264,9,265,3
ODI,Pakistan,West Indies,Sharjah Cricket Association Stadium,United Arab Emirates,West Indies,bowl,West Indies,215,10,217,9
ODI,India,Pakistan,Sharjah Cricket Association Stadium,United Arab Emirates,India,bat,India,238,4,178,10
ODI,India,West Indies,Sharjah Cricket Association Stadium,United Arab Emirates,West Indies,bowl,India,240,6,221,10
ODI,Pakistan,West Indies,Sharjah Cricket Association Stadium,United Arab Emirates,Pakistan,bat,Pakistan,236,7,235,10
ODI,West Indies,India,Sharjah Cricket Association Stadium,United Arab Emirates,India,bowl,India,145,10,147,3
ODI,Pakistan,India,Sharjah Cricket Association Stadium,United Arab Emirates,Pakistan,bat,Pakistan,257,7,253,6
ODI,Pakistan,India,Sharjah Cricket Association Stadium,United Arab Emirates,India,bowl,Pakistan,262,6,190,10
ODI,South Africa,India,Eden Gardens,India,India,bowl,India,177,8,178,7
ODI,India,South Africa,Captain Roop Singh Stadium,India,South Africa,bowl,India,223,6,185,8
ODI,India,South Africa,Jawaharlal Nehru Stadium,India,India,bat,South Africa,287,4,288,2
ODI,West Indies,Pakistan,National Stadium,Pakistan,West Indies,bat,West Indies,170,6,146,10
ODI,West Indies,Pakistan,Gaddafi Stadium,Pakistan,Pakistan,bowl,0,186,5,186,9
ODI,India,West Indies,Western Australia Cricket Association Ground,Australia,West Indies,bowl,0,126,10,126,10
ODI,India,Australia,Western Australia Cricket Association Ground,Australia,India,bat,India,208,7,101,10
ODI,India,Australia,Bellerive Oval,Australia,India,bat,Australia,175,8,176,2
ODI,Australia,West Indies,Melbourne Cricket Ground,Australia,Australia,bat,Australia,173,9,164,10
ODI,India,West Indies,Adelaide Oval,Australia,India,bat,India,262,4,252,10
ODI,India,Australia,Adelaide Oval,Australia,India,bat,Australia,157,10,158,4
ODI,Australia,West Indies,Sydney Cricket Ground,Australia,Australia,bat,Australia,234,6,183,10
ODI,West Indies,Australia,Melbourne Cricket Ground,Australia,West Indies,bat,0,160,7,0,0
ODI,Sri Lanka,Pakistan,Sargodha Stadium,Pakistan,Pakistan,bowl,Pakistan,155,6,157,2
ODI,New Zealand,England,Eden Park,New Zealand,New Zealand,bat,England,178,7,179,3
ODI,India,West Indies,Brisbane Cricket Ground,Australia,India,bat,West Indies,191,10,192,4
ODI,West Indies,Australia,Brisbane Cricket Ground,Australia,Australia,bowl,West Indies,215,10,203,10
ODI,Pakistan,Sri Lanka,National Stadium,Pakistan,Sri Lanka,bowl,Pakistan,210,5,181,9
ODI,India,Australia,Sydney Cricket Ground,Australia,India,bat,Australia,175,10,177,1
ODI,Pakistan,Sri Lanka,Niaz Stadium,Pakistan,Sri Lanka,bowl,Pakistan,241,3,182,9
ODI,West Indies,India,Melbourne Cricket Ground,Australia,West Indies,bat,India,175,8,176,5
ODI,Pakistan,Sri Lanka,Ibn-e-Qasim Bagh Stadium,Pakistan,Sri Lanka,bowl,Sri Lanka,205,5,206,6
ODI,Australia,India,Melbourne Cricket Ground,Australia,Australia,bat,Australia,233,5,145,10
ODI,Pakistan,Sri Lanka,Rawalpindi Cricket Stadium,Pakistan,Sri Lanka,bowl,Pakistan,271,4,154,10
ODI,Australia,India,Sydney Cricket Ground,Australia,Australia,bat,Australia,208,9,202,7
ODI,New Zealand,England,Carisbrook,New Zealand,New Zealand,bat,England,186,7,188,7
ODI,England,New Zealand,Lancaster Park,New Zealand,New Zealand,bowl,England,255,7,184,8
ODI,New Zealand,Australia,Eden Park,New Zealand,New Zealand,bat,New Zealand,248,6,211,10
ODI,England,India,Western Australia Cricket Association Ground,Australia,England,bat,England,236,9,227,10
ODI,Zimbabwe,Sri Lanka,Pukekura Park,New Zealand,Sri Lanka,bowl,Sri Lanka,312,4,313,7
ODI,Pakistan,West Indies,Melbourne Cricket Ground,Australia,West Indies,bowl,West Indies,220,2,221,0
ODI,Sri Lanka,New Zealand,Trust Bank Park,New Zealand,New Zealand,bowl,New Zealand,206,9,210,4
ODI,Australia,South Africa,Sydney Cricket Ground,Australia,Australia,bat,South Africa,170,9,171,1
ODI,Pakistan,Zimbabwe,Bellerive Oval,Australia,Zimbabwe,bowl,Pakistan,254,4,201,7
ODI,West Indies,England,Melbourne Cricket Ground,Australia,England,bowl,England,157,10,160,4
ODI,India,Sri Lanka,Ray Mitchell Oval,Australia,Sri Lanka,bowl,0,1,0,0,0
ODI,South Africa,New Zealand,Eden Park,New Zealand,South Africa,bat,New Zealand,190,7,191,3
ODI,West Indies,Zimbabwe,Brisbane Cricket Ground,Australia,Zimbabwe,bowl,West Indies,264,8,189,7
ODI,Australia,India,Brisbane Cricket Ground,Australia,Australia,bat,Australia,237,9,234,10
ODI,Pakistan,England,Adelaide Oval,Australia,England,bowl,0,74,10,24,1
ODI,South Africa,Sri Lanka,Basin Reserve,New Zealand,Sri Lanka,bowl,Sri Lanka,195,10,198,7
ODI,New Zealand,Zimbabwe,McLean Park,New Zealand,Zimbabwe,bowl,New Zealand,162,3,105,7
ODI,India,Pakistan,Sydney Cricket Ground,Australia,India,bat,India,216,7,173,10
ODI,South Africa,West Indies,Lancaster Park,New Zealand,West Indies,bowl,South Africa,200,8,136,10
ODI,Australia,England,Sydney Cricket Ground,Australia,Australia,bat,England,171,10,173,2
ODI,India,Zimbabwe,Trust Bank Park,New Zealand,India,bat,India,203,7,104,1
ODI,Sri Lanka,Australia,Adelaide Oval,Australia,Australia,bowl,Australia,189,9,190,3
ODI,West Indies,New Zealand,Eden Park,New Zealand,New Zealand,bowl,New Zealand,203,7,206,5
ODI,South Africa,Pakistan,Brisbane Cricket Ground,Australia,Pakistan,bowl,South Africa,211,7,173,8
ODI,England,Sri Lanka,Eastern Oval,Australia,England,bat,England,280,6,174,10
ODI,India,West Indies,Basin Reserve,New Zealand,India,bat,West Indies,197,10,195,5
ODI,Zimbabwe,South Africa,Manuka Oval,Australia,South Africa,bowl,South Africa,163,10,164,3
ODI,Pakistan,Australia,Western Australia Cricket Association Ground,Australia,Pakistan,bat,Pakistan,220,9,172,10
ODI,India,New Zealand,Carisbrook,New Zealand,New Zealand,bowl,New Zealand,230,6,231,6
ODI,South Africa,England,Melbourne Cricket Ground,Australia,England,bowl,England,236,4,226,7
ODI,West Indies,Sri Lanka,Berri Oval,Australia,Sri Lanka,bowl,West Indies,268,8,177,9
ODI,Australia,Zimbabwe,Bellerive Oval,Australia,Australia,bat,Australia,265,6,137,10
ODI,England,New Zealand,Basin Reserve,New Zealand,New Zealand,bowl,New Zealand,200,8,201,3
ODI,India,South Africa,Adelaide Oval,Australia,South Africa,bowl,South Africa,180,6,181,4
ODI,Sri Lanka,Pakistan,Western Australia Cricket Association Ground,Australia,Sri Lanka,bat,Pakistan,212,6,216,6
ODI,New Zealand,Pakistan,Lancaster Park,New Zealand,Pakistan,bowl,Pakistan,166,10,167,3
ODI,Zimbabwe,England,Lavington Sports Oval,Australia,England,bowl,Zimbabwe,134,10,125,10
ODI,Australia,West Indies,Melbourne Cricket Ground,Australia,Australia,bat,Australia,216,6,159,10
ODI,New Zealand,Pakistan,Eden Park,New Zealand,New Zealand,bat,Pakistan,262,7,264,6
ODI,England,South Africa,Sydney Cricket Ground,Australia,South Africa,bowl,England,252,6,232,6
ODI,Pakistan,England,Melbourne Cricket Ground,Australia,Pakistan,bat,Pakistan,249,6,227,10
ODI,West Indies,South Africa,Sabina Park,West Indies,South Africa,bowl,West Indies,287,6,180,10
ODI,South Africa,West Indies,Queen's Park Oval,West Indies,West Indies,bowl,West Indies,152,10,154,0
ODI,South Africa,West Indies,Queen's Park Oval,West Indies,West Indies,bowl,West Indies,189,6,190,3
ODI,England,Pakistan,Lord's,England,Pakistan,bowl,England,278,6,199,10
ODI,England,Pakistan,Kennington Oval,England,England,bat,England,302,5,263,10
ODI,Australia,Sri Lanka,P Saravanamuttu Stadium,Sri Lanka,Sri Lanka,bowl,Sri Lanka,247,5,251,6
ODI,England,Pakistan,Trent Bridge,England,Pakistan,bowl,England,363,7,165,10
ODI,Pakistan,England,Lord's,England,Pakistan,bat,Pakistan,204,5,201,10
ODI,Pakistan,England,Old Trafford,England,Pakistan,bat,England,254,5,255,4
ODI,Australia,Sri Lanka,Khettarama Stadium,Sri Lanka,Sri Lanka,bowl,Sri Lanka,216,7,194,5
ODI,Sri Lanka,Australia,Khettarama Stadium,Sri Lanka,Australia,bowl,Australia,207,6,208,5
ODI,India,Zimbabwe,Harare Sports Club,Zimbabwe,Zimbabwe,bowl,India,239,10,209,10
ODI,New Zealand,Zimbabwe,Bulawayo Athletic Club,Zimbabwe,Zimbabwe,bowl,New Zealand,244,7,222,9
ODI,Zimbabwe,New Zealand,Harare Sports Club,Zimbabwe,Zimbabwe,bat,New Zealand,271,6,272,6
ODI,West Indies,Pakistan,Western Australia Cricket Association Ground,Australia,Pakistan,bowl,Pakistan,197,9,199,5
ODI,New Zealand,Sri Lanka,Khettarama Stadium,Sri Lanka,Sri Lanka,bowl,0,166,9,41,2
ODI,Australia,West Indies,Western Australia Cricket Association Ground,Australia,Australia,bat,West Indies,160,7,164,1
ODI,India,South Africa,Newlands,South Africa,India,bat,South Africa,184,10,185,4
ODI,Australia,West Indies,Sydney Cricket Ground,Australia,West Indies,bowl,Australia,101,9,87,10
ODI,India,South Africa,Crusaders Ground,South Africa,India,bat,South Africa,147,10,148,4
ODI,Australia,Pakistan,Bellerive Oval,Australia,Australia,bat,0,228,7,228,9
ODI,South Africa,India,Centurion Park,South Africa,India,bowl,India,214,5,215,6
ODI,West Indies,Pakistan,Adelaide Oval,Australia,Pakistan,bowl,West Indies,177,7,173,10
ODI,New Zealand,Sri Lanka,P Saravanamuttu Stadium,Sri Lanka,Sri Lanka,bowl,Sri Lanka,190,7,192,2
ODI,Pakistan,Australia,Adelaide Oval,Australia,Australia,bowl,Australia,195,6,196,2
ODI,Sri Lanka,New Zealand,Khettarama Stadium,Sri Lanka,New Zealand,bowl,Sri Lanka,262,6,231,10
ODI,India,South Africa,New Wanderers Stadium,South Africa,South Africa,bowl,South Africa,161,9,165,4
ODI,Australia,West Indies,Melbourne Cricket Ground,Australia,Australia,bat,Australia,198,8,194,10
ODI,India,South Africa,Springbok Park,South Africa,South Africa,bowl,South Africa,207,4,208,2
ODI,West Indies,Pakistan,Sydney Cricket Ground,Australia,West Indies,bat,West Indies,214,9,81,10
ODI,South Africa,India,Kingsmead,South Africa,India,bowl,South Africa,216,8,177,10
ODI,South Africa,India,Buffalo Park,South Africa,India,bowl,India,203,8,204,5
ODI,Pakistan,New Zealand,Basin Reserve,New Zealand,New Zealand,bowl,Pakistan,158,8,108,10
ODI,Pakistan,New Zealand,McLean Park,New Zealand,New Zealand,bowl,New Zealand,136,8,137,4
ODI,Pakistan,New Zealand,Eden Park,New Zealand,New Zealand,bowl,New Zealand,139,10,140,4
ODI,Pakistan,West Indies,Brisbane Cricket Ground,Australia,Pakistan,bat,West Indies,71,10,72,1
ODI,West Indies,Australia,Brisbane Cricket Ground,Australia,Australia,bowl,West Indies,197,9,190,10
ODI,Australia,Pakistan,Melbourne Cricket Ground,Australia,Australia,bat,Australia,212,6,180,7
ODI,Australia,Pakistan,Sydney Cricket Ground,Australia,Australia,bat,Australia,260,8,237,6
ODI,West Indies,Australia,Sydney Cricket Ground,Australia,West Indies,bat,West Indies,239,8,214,10
ODI,Australia,West Indies,Melbourne Cricket Ground,Australia,Australia,bat,West Indies,147,10,148,6
ODI,India,England,Sawai Mansingh Stadium,India,England,bowl,England,223,3,224,6
ODI,England,India,Sector 16 Stadium,India,India,bowl,India,198,6,201,5
ODI,Zimbabwe,India,Nehru Stadium,India,India,bowl,India,234,10,238,2
ODI,Pakistan,Zimbabwe,Sharjah Cricket Association Stadium,United Arab Emirates,Zimbabwe,bowl,Pakistan,262,8,213,6
ODI,Sri Lanka,Pakistan,Sharjah Cricket Association Stadium,United Arab Emirates,Pakistan,bowl,Pakistan,180,9,181,2
ODI,Sri Lanka,Zimbabwe,Sharjah Cricket Association Stadium,United Arab Emirates,Sri Lanka,bat,Sri Lanka,266,5,236,9
ODI,Pakistan,Sri Lanka,Sharjah Cricket Association Stadium,United Arab Emirates,Sri Lanka,bowl,Pakistan,281,3,167,7
ODI,Pakistan,South Africa,Kingsmead,South Africa,South Africa,bowl,Pakistan,208,6,198,10
ODI,West Indies,South Africa,Crusaders Ground,South Africa,South Africa,bowl,South Africa,149,10,150,4
ODI,Pakistan,West Indies,New Wanderers Stadium,South Africa,Pakistan,bat,West Indies,150,10,109,2
ODI,Pakistan,South Africa,Buffalo Park,South Africa,Pakistan,bat,Pakistan,214,6,162,10
ODI,South Africa,West Indies,Newlands,South Africa,West Indies,bowl,South Africa,140,9,136,10
ODI,West Indies,Pakistan,Kingsmead,South Africa,Pakistan,bowl,West Indies,268,5,144,10
ODI,Pakistan,South Africa,Centurion Park,South Africa,Pakistan,bat,Pakistan,220,8,198,9
ODI,South Africa,West Indies,Springbok Park,South Africa,South Africa,bat,West Indies,185,6,188,1
ODI,New Zealand,Australia,Basin Reserve,New Zealand,New Zealand,bat,New Zealand,214,10,126,10
ODI,Pakistan,West Indies,Newlands,South Africa,West Indies,bowl,West Indies,43,10,45,3
ODI,England,India,M Chinnaswamy Stadium,India,India,bowl,England,218,9,170,10
ODI,Pakistan,West Indies,New Wanderers Stadium,South Africa,West Indies,bowl,West Indies,187,10,190,5
ODI,India,England,Keenan Stadium,India,England,bowl,England,137,7,141,4
ODI,Zimbabwe,Pakistan,Harare Sports Club,Zimbabwe,Pakistan,bowl,Pakistan,164,10,165,3
ODI,England,India,Captain Roop Singh Stadium,India,India,bowl,India,256,10,257,7
ODI,England,India,Captain Roop Singh Stadium,India,India,bowl,India,265,4,267,6
ODI,Sri Lanka,England,Khettarama Stadium,Sri Lanka,Sri Lanka,bat,Sri Lanka,250,5,170,10
ODI,Australia,New Zealand,Carisbrook,New Zealand,New Zealand,bowl,Australia,258,4,129,10
ODI,India,Zimbabwe,Nahar Singh Stadium,India,Zimbabwe,bowl,India,249,7,182,10
ODI,England,Sri Lanka,Tyronne Fernando Stadium,Sri Lanka,Sri Lanka,bowl,Sri Lanka,180,10,183,2
ODI,New Zealand,Australia,Lancaster Park,New Zealand,New Zealand,bat,Australia,196,8,197,9
ODI,Zimbabwe,India,Nehru Stadium,India,India,bowl,India,149,6,150,3
ODI,Pakistan,West Indies,Sabina Park,West Indies,West Indies,bowl,West Indies,223,6,224,6
ODI,Pakistan,West Indies,Queen's Park Oval,West Indies,West Indies,bowl,West Indies,194,7,196,5
ODI,Australia,New Zealand,Trust Bank Park,New Zealand,Australia,bat,New Zealand,247,7,250,7
ODI,West Indies,Pakistan,Queen's Park Oval,West Indies,West Indies,bat,Pakistan,259,4,261,3
ODI,Australia,New Zealand,Eden Park,New Zealand,New Zealand,bowl,Australia,232,8,229,8
ODI,Pakistan,West Indies,Arnos Vale Ground,West Indies,West Indies,bowl,Pakistan,186,9,148,10
ODI,Pakistan,West Indies,Bourda,West Indies,Pakistan,bat,0,244,6,244,5
ODI,Australia,England,Old Trafford,England,England,bowl,Australia,258,9,254,10
ODI,England,Australia,Edgbaston,England,Australia,bowl,Australia,277,5,280,4
ODI,Australia,England,Lord's,England,England,bowl,Australia,230,5,211,10
ODI,India,Sri Lanka,Khettarama Stadium,Sri Lanka,Sri Lanka,bowl,India,212,8,211,10
ODI,Sri Lanka,India,Khettarama Stadium,Sri Lanka,India,bowl,Sri Lanka,204,7,196,10
ODI,India,Sri Lanka,Tyronne Fernando Stadium,Sri Lanka,India,bat,Sri Lanka,227,9,231,6
ODI,Sri Lanka,South Africa,Asgiriya Stadium,Sri Lanka,South Africa,bowl,0,179,5,52,4
ODI,South Africa,Sri Lanka,Khettarama Stadium,Sri Lanka,South Africa,bat,South Africa,222,7,98,10
ODI,Sri Lanka,South Africa,Khettarama Stadium,Sri Lanka,Sri Lanka,bat,Sri Lanka,198,9,154,10
ODI,Sri Lanka,West Indies,Sharjah Cricket Association Stadium,United Arab Emirates,West Indies,bowl,West Indies,172,10,173,2
ODI,West Indies,Pakistan,Sharjah Cricket Association Stadium,United Arab Emirates,Pakistan,bowl,West Indies,267,7,228,9
ODI,Pakistan,Sri Lanka,Sharjah Cricket Association Stadium,United Arab Emirates,Sri Lanka,bowl,Pakistan,313,3,199,7
ODI,West Indies,Pakistan,Sharjah Cricket Association Stadium,United Arab Emirates,West Indies,bat,Pakistan,260,9,261,5
ODI,Sri Lanka,Pakistan,Sharjah Cricket Association Stadium,United Arab Emirates,Sri Lanka,bat,Pakistan,270,6,271,8
ODI,Sri Lanka,West Indies,Sharjah Cricket Association Stadium,United Arab Emirates,Sri Lanka,bat,West Indies,182,9,183,2
ODI,Pakistan,West Indies,Sharjah Cricket Association Stadium,United Arab Emirates,West Indies,bowl,West Indies,284,4,285,4
ODI,Sri Lanka,India,Green Park,India,India,bowl,India,203,10,205,3
ODI,West Indies,Sri Lanka,Wankhede Stadium,India,Sri Lanka,bowl,West Indies,268,8,222,8
ODI,South Africa,Zimbabwe,M Chinnaswamy Stadium,India,Zimbabwe,bowl,0,22,1,0,0
ODI,South Africa,West Indies,Brabourne Stadium,India,West Indies,bowl,South Africa,180,5,139,10
ODI,Sri Lanka,Zimbabwe,Moin-ul-Haq Stadium,India,Zimbabwe,bowl,Sri Lanka,263,6,208,10
ODI,West Indies,India,Gujarat Stadium,India,West Indies,bat,West Indies,202,7,100,10
ODI,India,Zimbabwe,Nehru Stadium,India,Zimbabwe,bowl,0,248,5,248,10
ODI,South Africa,Sri Lanka,Nehru Stadium,India,Sri Lanka,bowl,South Africa,214,7,136,10
ODI,West Indies,Zimbabwe,Lal Bahadur Shastri Stadium,India,West Indies,bat,West Indies,233,9,99,9
ODI,India,South Africa,Punjab Cricket Association Stadium,India,South Africa,bowl,India,221,10,178,9
ODI,India,South Africa,Eden Gardens,India,India,bat,India,195,10,193,9
ODI,Sri Lanka,West Indies,Eden Gardens,India,West Indies,bowl,West Indies,188,6,190,3
ODI,India,West Indies,Eden Gardens,India,West Indies,bowl,India,225,7,123,10
ODI,West Indies,Sri Lanka,P Saravanamuttu Stadium,Sri Lanka,West Indies,bat,0,197,3,35,1
ODI,Australia,South Africa,Melbourne Cricket Ground,Australia,Australia,bat,South Africa,189,10,190,3
ODI,New Zealand,Australia,Adelaide Oval,Australia,New Zealand,bat,Australia,135,10,136,2
ODI,Australia,South Africa,Sydney Cricket Ground,Australia,South Africa,bowl,Australia,172,9,69,10
ODI,Australia,New Zealand,Melbourne Cricket Ground,Australia,Australia,bat,Australia,202,5,199,9
ODI,West Indies,Sri Lanka,Khettarama Stadium,Sri Lanka,West Indies,bat,Sri Lanka,229,8,230,7
ODI,South Africa,New Zealand,Bellerive Oval,Australia,South Africa,bat,New Zealand,147,7,148,6
ODI,Sri Lanka,West Indies,Sinhalese Sports Club Ground,Sri Lanka,Sri Lanka,bat,West Indies,103,5,107,4
ODI,Zimbabwe,Pakistan,National Stadium,Pakistan,Pakistan,bowl,Pakistan,143,10,147,3
ODI,Zimbabwe,Pakistan,Rawalpindi Cricket Stadium,Pakistan,Pakistan,bowl,Pakistan,195,5,196,4
ODI,Pakistan,Zimbabwe,Gaddafi Stadium,Pakistan,Pakistan,bat,Pakistan,216,4,141,9
ODI,New Zealand,South Africa,Brisbane Cricket Ground,Australia,South Africa,bowl,New Zealand,256,7,219,8
ODI,Australia,South Africa,Brisbane Cricket Ground,Australia,South Africa,bowl,Australia,230,9,182,10
ODI,New Zealand,Australia,Sydney Cricket Ground,Australia,New Zealand,bat,New Zealand,198,9,185,10
ODI,New Zealand,South Africa,Western Australia Cricket Association Ground,Australia,New Zealand,bat,South Africa,150,10,151,5
ODI,South Africa,Australia,Western Australia Cricket Association Ground,Australia,Australia,bowl,South Africa,208,7,126,10
ODI,Australia,New Zealand,Melbourne Cricket Ground,Australia,Australia,bat,Australia,217,3,166,10
ODI,South Africa,Australia,Melbourne Cricket Ground,Australia,South Africa,bat,South Africa,230,5,202,10
ODI,Australia,South Africa,Sydney Cricket Ground,Australia,Australia,bat,Australia,247,6,178,10
ODI,Australia,South Africa,Sydney Cricket Ground,Australia,Australia,bat,Australia,223,8,188,9
ODI,India,Sri Lanka,Municipal Stadium,India,Sri Lanka,bowl,India,246,5,238,8
ODI,England,West Indies,Kensington Oval,West Indies,England,bat,England,202,5,141,10
ODI,Sri Lanka,India,Lal Bahadur Shastri Stadium,India,India,bowl,India,226,7,227,3
ODI,South Africa,Australia,New Wanderers Stadium,South Africa,South Africa,bat,South Africa,232,3,227,5
ODI,India,Sri Lanka,Gandhi Stadium,India,Sri Lanka,bowl,Sri Lanka,213,9,141,6
ODI,South Africa,Australia,Centurion Park,South Africa,South Africa,bat,South Africa,265,5,209,10
ODI,Australia,South Africa,Crusaders Ground,South Africa,Australia,bat,Australia,281,6,193,10
ODI,Australia,South Africa,Kingsmead,South Africa,Australia,bat,South Africa,154,10,157,3
ODI,England,West Indies,Sabina Park,West Indies,West Indies,bowl,West Indies,253,8,240,7
ODI,West Indies,England,Arnos Vale Ground,West Indies,England,bowl,West Indies,313,6,148,9
ODI,India,South Africa,Wankhede Stadium,India,India,bat,India,267,6,193,10
ODI,New Zealand,Pakistan,Carisbrook,New Zealand,New Zealand,bat,Pakistan,122,9,123,5
ODI,West Indies,England,Queen's Park Oval,West Indies,England,bowl,West Indies,265,7,193,9
ODI,Pakistan,New Zealand,Eden Park,New Zealand,New Zealand,bowl,Pakistan,146,10,110,10
ODI,West Indies,England,Queen's Park Oval,West Indies,West Indies,bat,England,250,9,201,5
ODI,Pakistan,New Zealand,Basin Reserve,New Zealand,New Zealand,bowl,Pakistan,213,6,202,8
ODI,Pakistan,New Zealand,Eden Park,New Zealand,Pakistan,bat,0,161,9,161,10
ODI,Pakistan,New Zealand,Lancaster Park,New Zealand,New Zealand,bowl,New Zealand,145,9,146,3
ODI,New Zealand,India,McLean Park,New Zealand,India,bowl,New Zealand,240,5,212,9
ODI,New Zealand,India,Eden Park,New Zealand,New Zealand,bat,India,142,10,143,3
ODI,India,New Zealand,Basin Reserve,New Zealand,New Zealand,bowl,India,255,5,243,9
ODI,India,New Zealand,Lancaster Park,New Zealand,India,bat,New Zealand,222,6,223,4
ODI,South Africa,Australia,Buffalo Park,South Africa,South Africa,bat,Australia,158,10,159,3
ODI,South Africa,Australia,Crusaders Ground,South Africa,South Africa,bat,South Africa,227,6,201,10
ODI,Australia,South Africa,Newlands,South Africa,Australia,bat,Australia,242,6,206,5
ODI,Australia,South Africa,Springbok Park,South Africa,Australia,bat,Australia,203,6,202,8
ODI,India,U.A.E.,Sharjah Cricket Association Stadium,United Arab Emirates,U.A.E.,bowl,India,273,5,202,9
ODI,Sri Lanka,Australia,Sharjah Cricket Association Stadium,United Arab Emirates,Sri Lanka,bat,Australia,154,10,158,1
ODI,India,Pakistan,Sharjah Cricket Association Stadium,United Arab Emirates,Pakistan,bowl,Pakistan,219,10,223,4
ODI,New Zealand,Australia,Sharjah Cricket Association Stadium,United Arab Emirates,New Zealand,bat,Australia,207,9,208,3
ODI,U.A.E.,Pakistan,Sharjah Cricket Association Stadium,United Arab Emirates,U.A.E.,bat,Pakistan,145,10,146,1
ODI,New Zealand,Sri Lanka,Sharjah Cricket Association Stadium,United Arab Emirates,Sri Lanka,bowl,New Zealand,217,8,215,9
ODI,Australia,India,Sharjah Cricket Association Stadium,United Arab Emirates,Australia,bat,India,244,9,245,3
ODI,Pakistan,New Zealand,Sharjah Cricket Association Stadium,United Arab Emirates,New Zealand,bowl,Pakistan,328,2,266,7
ODI,Pakistan,India,Sharjah Cricket Association Stadium,United Arab Emirates,India,bowl,Pakistan,250,6,211,10
ODI,England,New Zealand,Edgbaston,England,New Zealand,bowl,England,224,8,182,10
ODI,Sri Lanka,Pakistan,R Premadasa Stadium,Sri Lanka,Sri Lanka,bat,Pakistan,200,6,169,1
ODI,Pakistan,Sri Lanka,R Premadasa Stadium,Sri Lanka,Sri Lanka,bowl,Sri Lanka,180,8,181,3
ODI,Pakistan,Sri Lanka,Sinhalese Sports Club Ground,Sri Lanka,Sri Lanka,bowl,Pakistan,237,7,218,10
ODI,Sri Lanka,Pakistan,Sinhalese Sports Club Ground,Sri Lanka,Pakistan,bowl,Pakistan,174,9,175,5
ODI,Pakistan,Sri Lanka,R Premadasa Stadium,Sri Lanka,Sri Lanka,bowl,Pakistan,187,10,160,10
ODI,South Africa,England,Edgbaston,England,South Africa,bat,England,215,7,219,4
ODI,South Africa,England,Old Trafford,England,England,bowl,England,181,9,182,6
ODI,India,Sri Lanka,R Premadasa Stadium,Sri Lanka,Sri Lanka,bowl,0,16,0,0,0
ODI,India,Sri Lanka,R Premadasa Stadium,Sri Lanka,Sri Lanka,bowl,Sri Lanka,125,5,126,3
ODI,Australia,Pakistan,Sinhalese Sports Club Ground,Sri Lanka,Pakistan,bowl,Australia,179,7,151,9
ODI,India,Australia,R Premadasa Stadium,Sri Lanka,India,bat,India,246,8,215,10
ODI,Pakistan,Sri Lanka,Sinhalese Sports Club Ground,Sri Lanka,Sri Lanka,bowl,Sri Lanka,210,6,213,3
ODI,Australia,Sri Lanka,P Saravanamuttu Stadium,Sri Lanka,Sri Lanka,bowl,Sri Lanka,225,6,164,4
ODI,Sri Lanka,India,Sinhalese Sports Club Ground,Sri Lanka,India,bowl,India,98,9,99,4
ODI,Australia,South Africa,Gaddafi Stadium,Pakistan,Australia,bat,Australia,207,6,201,8
ODI,Pakistan,Australia,Ibn-e-Qasim Bagh Stadium,Pakistan,Pakistan,bat,Australia,200,8,201,3
ODI,South Africa,Pakistan,National Stadium,Pakistan,South Africa,bat,Pakistan,163,9,166,2
ODI,West Indies,India,Nahar Singh Stadium,India,West Indies,bat,West Indies,273,5,177,10
ODI,Australia,South Africa,Iqbal Stadium,Pakistan,Australia,bat,Australia,208,6,186,10
ODI,West Indies,India,Wankhede Stadium,India,India,bowl,India,192,9,135,4
ODI,Pakistan,South Africa,Rawalpindi Cricket Stadium,Pakistan,South Africa,bowl,Pakistan,249,6,210,5
ODI,Australia,Pakistan,Rawalpindi Cricket Stadium,Pakistan,Pakistan,bowl,Pakistan,250,6,251,1
ODI,West Indies,India,MA Chidambaram Stadium,India,India,bowl,India,221,10,225,6
ODI,South Africa,Australia,Arbab Niaz Stadium,Pakistan,South Africa,bat,Australia,251,6,252,7
ODI,West Indies,New Zealand,Nehru Stadium,India,West Indies,bat,0,123,10,25,1
ODI,New Zealand,India,Indian Petrochemicals Corporation Limited Sports Complex Ground,India,New Zealand,bat,India,269,4,271,3
ODI,South Africa,Pakistan,Iqbal Stadium,Pakistan,South Africa,bat,Pakistan,222,4,223,4
ODI,West Indies,India,Green Park,India,India,bowl,West Indies,257,6,211,5
ODI,Australia,Pakistan,Gaddafi Stadium,Pakistan,Australia,bat,Australia,269,5,205,10
ODI,West Indies,New Zealand,Nehru Stadium,India,West Indies,bat,West Indies,306,6,171,9
ODI,India,New Zealand,Feroz Shah Kotla,India,India,bat,India,289,3,182,10
ODI,Sri Lanka,Zimbabwe,Harare Sports Club,Zimbabwe,Zimbabwe,bowl,Sri Lanka,256,5,200,10
ODI,Zimbabwe,Sri Lanka,Harare Sports Club,Zimbabwe,Zimbabwe,bat,Zimbabwe,290,5,288,8
ODI,India,West Indies,Eden Gardens,India,West Indies,bowl,India,274,6,202,10
ODI,Sri Lanka,Zimbabwe,Harare Sports Club,Zimbabwe,Sri Lanka,bat,Sri Lanka,296,4,105,9
ODI,India,West Indies,Indira Priyadarshini Stadium,India,West Indies,bowl,India,260,4,256,7
ODI,West Indies,India,Barabati Stadium,India,West Indies,bat,India,251,9,256,2
ODI,India,West Indies,Sawai Mansingh Stadium,India,India,bat,India,259,5,254,10
ODI,Zimbabwe,Australia,Western Australia Cricket Association Ground,Australia,Australia,bowl,Australia,166,9,167,8
ODI,Sri Lanka,Pakistan,Kingsmead,South Africa,Sri Lanka,bat,Pakistan,238,5,239,4
ODI,Pakistan,Sri Lanka,Centurion Park,South Africa,Sri Lanka,bowl,Pakistan,245,9,233,9
ODI,Australia,England,Sydney Cricket Ground,Australia,Australia,bat,Australia,224,4,196,10
ODI,South Africa,New Zealand,Newlands,South Africa,South Africa,bat,South Africa,203,8,134,10
ODI,Australia,Zimbabwe,Bellerive Oval,Australia,Australia,bat,Australia,254,3,170,8
ODI,Sri Lanka,New Zealand,Springbok Park,South Africa,Sri Lanka,bat,0,288,4,66,1
ODI,Pakistan,South Africa,New Wanderers Stadium,South Africa,Pakistan,bat,South Africa,214,10,215,3
ODI,South Africa,New Zealand,Centurion Park,South Africa,South Africa,bat,South Africa,314,7,233,10
ODI,New Zealand,Pakistan,Crusaders Ground,South Africa,Pakistan,bowl,Pakistan,201,10,206,5
ODI,Zimbabwe,England,Sydney Cricket Ground,Australia,Zimbabwe,bat,Zimbabwe,205,10,192,10
ODI,Sri Lanka,South Africa,Springbok Park,South Africa,Sri Lanka,bat,Sri Lanka,226,8,191,10
ODI,South Africa,Pakistan,Kingsmead,South Africa,Pakistan,bowl,Pakistan,206,8,208,2
ODI,New Zealand,Sri Lanka,Buffalo Park,South Africa,New Zealand,bat,Sri Lanka,255,4,257,5
ODI,New Zealand,Pakistan,Buffalo Park,South Africa,New Zealand,bat,Pakistan,172,10,175,5
ODI,South Africa,Sri Lanka,Crusaders Ground,South Africa,South Africa,bat,South Africa,237,8,139,6
ODI,England,Zimbabwe,Brisbane Cricket Ground,Australia,England,bat,England,200,8,174,10
ODI,England,Australia,Melbourne Cricket Ground,Australia,England,bat,England,225,8,188,10
ODI,South Africa,Pakistan,Newlands,South Africa,Pakistan,bowl,South Africa,215,10,178,10
ODI,South Africa,Pakistan,New Wanderers Stadium,South Africa,Pakistan,bowl,South Africa,266,5,109,10
ODI,New Zealand,West Indies,Eden Park,New Zealand,New Zealand,bat,West Indies,167,6,149,1
ODI,West Indies,New Zealand,Basin Reserve,New Zealand,New Zealand,bowl,West Indies,246,7,205,10
ODI,New Zealand,West Indies,Lancaster Park,New Zealand,West Indies,bowl,West Indies,146,10,149,1
ODI,South Africa,Australia,Basin Reserve,New Zealand,South Africa,bat,Australia,123,10,124,7
ODI,India,New Zealand,McLean Park,New Zealand,New Zealand,bowl,New Zealand,160,10,162,6
ODI,South Africa,India,Trust Bank Park,New Zealand,South Africa,bat,South Africa,223,6,209,9
ODI,Australia,New Zealand,Eden Park,New Zealand,Australia,bat,Australia,254,5,227,9
ODI,Australia,India,Carisbrook,New Zealand,Australia,bat,India,250,6,252,5
ODI,Zimbabwe,Pakistan,Harare Sports Club,Zimbabwe,Zimbabwe,bat,0,219,9,219,10
ODI,New Zealand,South Africa,Lancaster Park,New Zealand,South Africa,bowl,New Zealand,249,7,203,10
ODI,Zimbabwe,Pakistan,Harare Sports Club,Zimbabwe,Pakistan,bowl,Pakistan,209,5,210,6
ODI,New Zealand,Australia,Eden Park,New Zealand,New Zealand,bat,Australia,137,9,138,4
ODI,Zimbabwe,Pakistan,Harare Sports Club,Zimbabwe,Pakistan,bowl,Zimbabwe,222,9,148,9
ODI,West Indies,Australia,Kensington Oval,West Indies,West Indies,bat,West Indies,257,10,251,6
ODI,Australia,West Indies,Queen's Park Oval,West Indies,Australia,bat,Australia,260,8,234,10
ODI,West Indies,Australia,Queen's Park Oval,West Indies,West Indies,bat,West Indies,282,5,149,10
ODI,Australia,West Indies,Arnos Vale Ground,West Indies,Australia,bat,West Indies,210,9,208,3
ODI,Australia,West Indies,Bourda,West Indies,Australia,bat,West Indies,286,9,287,5
ODI,New Zealand,Sri Lanka,Lancaster Park,New Zealand,Sri Lanka,bowl,New Zealand,271,6,238,10
ODI,New Zealand,Sri Lanka,Trust Bank Park,New Zealand,New Zealand,bat,New Zealand,280,6,117,6
ODI,Sri Lanka,New Zealand,Eden Park,New Zealand,Sri Lanka,bat,Sri Lanka,250,6,199,10
ODI,Bangladesh,India,Sharjah Cricket Association Stadium,United Arab Emirates,Bangladesh,bat,India,163,10,164,1
ODI,Sri Lanka,Bangladesh,Sharjah Cricket Association Stadium,United Arab Emirates,Bangladesh,bowl,Sri Lanka,233,10,126,10
ODI,Pakistan,India,Sharjah Cricket Association Stadium,United Arab Emirates,Pakistan,bat,Pakistan,266,9,169,10
ODI,Bangladesh,Pakistan,Sharjah Cricket Association Stadium,United Arab Emirates,Bangladesh,bat,Pakistan,151,8,152,4
ODI,Sri Lanka,India,Sharjah Cricket Association Stadium,United Arab Emirates,Sri Lanka,bat,India,202,9,206,2
ODI,Pakistan,Sri Lanka,Sharjah Cricket Association Stadium,United Arab Emirates,Sri Lanka,bowl,Sri Lanka,178,9,180,5
ODI,Sri Lanka,India,Sharjah Cricket Association Stadium,United Arab Emirates,India,bowl,India,230,7,233,2
ODI,England,West Indies,Trent Bridge,England,West Indies,bowl,West Indies,199,9,201,5
ODI,England,West Indies,Kennington Oval,England,West Indies,bowl,England,306,5,281,10
ODI,England,West Indies,Lord's,England,West Indies,bowl,England,276,7,203,10
ODI,Sri Lanka,Pakistan,Municipal Stadium,Pakistan,Pakistan,bowl,Pakistan,233,5,234,1
ODI,Sri Lanka,Pakistan,Iqbal Stadium,Pakistan,Pakistan,bowl,Sri Lanka,257,7,208,8
ODI,Pakistan,Sri Lanka,Rawalpindi Cricket Stadium,Pakistan,Sri Lanka,bowl,Sri Lanka,183,9,184,6
ODI,Sri Lanka,West Indies,Sharjah Cricket Association Stadium,United Arab Emirates,West Indies,bowl,Sri Lanka,234,7,228,9
ODI,Pakistan,Sri Lanka,Sharjah Cricket Association Stadium,United Arab Emirates,Pakistan,bat,Pakistan,264,7,182,8
ODI,Pakistan,West Indies,Sharjah Cricket Association Stadium,United Arab Emirates,Pakistan,bat,Pakistan,242,4,227,10
ODI,Pakistan,West Indies,Sharjah Cricket Association Stadium,United Arab Emirates,West Indies,bowl,West Indies,194,9,195,6
ODI,West Indies,Sri Lanka,Sharjah Cricket Association Stadium,United Arab Emirates,West Indies,bat,West Indies,333,7,329,10
ODI,Pakistan,Sri Lanka,Sharjah Cricket Association Stadium,United Arab Emirates,Pakistan,bat,Sri Lanka,143,10,149,2
ODI,Sri Lanka,West Indies,Sharjah Cricket Association Stadium,United Arab Emirates,West Indies,bowl,Sri Lanka,273,10,223,10
ODI,South Africa,Zimbabwe,Harare Sports Club,Zimbabwe,Zimbabwe,bowl,South Africa,303,5,169,7
ODI,South Africa,Zimbabwe,Harare Sports Club,Zimbabwe,South Africa,bat,South Africa,239,10,127,10
ODI,India,New Zealand,Keenan Stadium,India,New Zealand,bowl,New Zealand,236,10,237,2
ODI,New Zealand,India,Gandhi Sports Complex Ground,India,India,bowl,India,145,10,146,4
ODI,New Zealand,India,Nehru Stadium,India,India,bowl,India,235,6,236,5
ODI,New Zealand,India,Vidarbha Cricket Association Ground,India,India,bowl,New Zealand,348,8,249,10
ODI,New Zealand,India,Brabourne Stadium,India,India,bowl,India,126,10,128,4
ODI,Pakistan,New Zealand,Carisbrook,New Zealand,Pakistan,bat,Pakistan,189,9,169,10
ODI,West Indies,Sri Lanka,Adelaide Oval,Australia,Sri Lanka,bowl,Sri Lanka,160,8,161,6
ODI,Pakistan,New Zealand,Lancaster Park,New Zealand,Pakistan,bat,New Zealand,232,9,236,9
ODI,Australia,West Indies,Adelaide Oval,Australia,West Indies,bowl,Australia,242,6,121,6
ODI,Australia,West Indies,Melbourne Cricket Ground,Australia,Australia,bat,Australia,249,6,225,10
ODI,Pakistan,New Zealand,Basin Reserve,New Zealand,New Zealand,bowl,Pakistan,261,4,207,10
ODI,Sri Lanka,Australia,Sydney Cricket Ground,Australia,Sri Lanka,bat,Australia,255,9,257,5
ODI,New Zealand,Pakistan,Eden Park,New Zealand,Pakistan,bowl,New Zealand,244,8,212,10
ODI,West Indies,Australia,Sydney Cricket Ground,Australia,West Indies,bat,Australia,172,9,173,9
ODI,West Indies,Sri Lanka,Bellerive Oval,Australia,Sri Lanka,bowl,West Indies,194,10,124,10
ODI,Sri Lanka,West Indies,Brisbane Cricket Ground,Australia,Sri Lanka,bat,West Indies,102,10,104,3
ODI,West Indies,Australia,Brisbane Cricket Ground,Australia,Australia,bowl,West Indies,231,10,217,10
ODI,Australia,Sri Lanka,Melbourne Cricket Ground,Australia,Australia,bat,Sri Lanka,213,5,214,7
ODI,South Africa,England,Newlands,South Africa,South Africa,bat,South Africa,211,8,205,10
ODI,South Africa,England,Springbok Park,South Africa,South Africa,bat,England,262,8,265,5
ODI,Australia,Sri Lanka,Western Australia Cricket Association Ground,Australia,Australia,bat,Australia,266,6,183,9
ODI,England,South Africa,New Wanderers Stadium,South Africa,England,bat,South Africa,198,8,199,7
ODI,Sri Lanka,West Indies,Western Australia Cricket Association Ground,Australia,West Indies,bowl,Sri Lanka,202,10,186,9
ODI,England,South Africa,Centurion Park,South Africa,England,bat,South Africa,272,8,276,3
ODI,Australia,Sri Lanka,Melbourne Cricket Ground,Australia,Australia,bat,Sri Lanka,242,4,246,7
ODI,England,South Africa,Kingsmead,South Africa,South Africa,bowl,South Africa,184,10,185,5
ODI,Australia,Sri Lanka,Melbourne Cricket Ground,Australia,Sri Lanka,bowl,Australia,201,7,183,10
ODI,South Africa,England,Buffalo Park,South Africa,South Africa,bat,South Africa,129,10,115,10
ODI,Australia,Sri Lanka,Sydney Cricket Ground,Australia,Sri Lanka,bowl,Australia,273,5,159,8
ODI,South Africa,England,Crusaders Ground,South Africa,South Africa,bat,South Africa,218,9,154,10
ODI,New Zealand,Zimbabwe,Eden Park,New Zealand,New Zealand,bat,New Zealand,278,5,204,10
ODI,Zimbabwe,New Zealand,Basin Reserve,New Zealand,Zimbabwe,bat,New Zealand,181,9,184,4
ODI,Zimbabwe,New Zealand,McLean Park,New Zealand,New Zealand,bowl,Zimbabwe,267,7,246,10
ODI,New Zealand,England,Gujarat Stadium,India,England,bowl,New Zealand,239,6,228,9
ODI,South Africa,U.A.E.,Rawalpindi Cricket Stadium,Pakistan,U.A.E.,bowl,South Africa,321,2,152,8
ODI,Zimbabwe,West Indies,Lal Bahadur Shastri Stadium,India,Zimbabwe,bat,West Indies,151,9,155,4
ODI,New Zealand,Netherlands,Indian Petrochemicals Corporation Limited Sports Complex Ground,India,New Zealand,bat,New Zealand,307,8,188,7
ODI,Kenya,India,Barabati Stadium,India,India,bowl,India,199,6,203,3
ODI,U.A.E.,England,Arbab Niaz Stadium,Pakistan,U.A.E.,bat,England,136,10,140,2
ODI,New Zealand,South Africa,Iqbal Stadium,Pakistan,New Zealand,bat,South Africa,177,9,178,5
ODI,Zimbabwe,Sri Lanka,Sinhalese Sports Club Ground,Sri Lanka,Zimbabwe,bat,Sri Lanka,228,6,229,4
ODI,West Indies,India,Captain Roop Singh Stadium,India,West Indies,bat,India,173,10,174,5
ODI,England,Netherlands,Arbab Niaz Stadium,Pakistan,England,bat,England,279,4,230,6
ODI,Australia,Kenya,Indira Priyadarshini Stadium,India,Kenya,bowl,Australia,304,7,207,7
ODI,U.A.E.,Pakistan,Jinnah Stadium,Pakistan,Pakistan,bowl,Pakistan,109,9,112,1
ODI,South Africa,England,Rawalpindi Cricket Stadium,Pakistan,South Africa,bat,South Africa,230,10,152,10
ODI,Zimbabwe,Kenya,Moin-ul-Haq Stadium,India,Zimbabwe,bat,0,45,3,0,0
ODI,Netherlands,Pakistan,Gaddafi Stadium,Pakistan,Netherlands,bat,Pakistan,145,7,151,2
ODI,Kenya,Zimbabwe,Moin-ul-Haq Stadium,India,Zimbabwe,bowl,Zimbabwe,134,10,137,5
ODI,New Zealand,U.A.E.,Iqbal Stadium,Pakistan,U.A.E.,bowl,New Zealand,276,8,167,9
ODI,Australia,India,Wankhede Stadium,India,Australia,bat,Australia,258,10,242,10
ODI,Kenya,West Indies,Nehru Stadium,India,West Indies,bowl,Kenya,166,10,93,10
ODI,Pakistan,South Africa,National Stadium,Pakistan,Pakistan,bat,South Africa,242,6,243,5
ODI,Zimbabwe,Australia,Vidarbha Cricket Association Ground,India,Zimbabwe,bat,Australia,154,10,158,2
ODI,Netherlands,U.A.E.,Gaddafi Stadium,Pakistan,U.A.E.,bowl,U.A.E.,216,9,220,3
ODI,India,Sri Lanka,Feroz Shah Kotla,India,Sri Lanka,bowl,Sri Lanka,271,3,272,4
ODI,England,Pakistan,National Stadium,Pakistan,England,bat,Pakistan,249,9,250,3
ODI,Pakistan,India,Toronto Cricket,Canada,India,bowl,India,159,6,162,3
ODI,Australia,West Indies,Sawai Mansingh Stadium,India,Australia,bat,West Indies,229,6,232,6
ODI,South Africa,Netherlands,Rawalpindi Cricket Stadium,Pakistan,South Africa,bat,South Africa,328,3,168,8
ODI,Sri Lanka,Kenya,Asgiriya Stadium,Sri Lanka,Kenya,bowl,Sri Lanka,398,5,254,7
ODI,India,Zimbabwe,Green Park,India,Zimbabwe,bowl,India,247,5,207,10
ODI,Pakistan,New Zealand,Gaddafi Stadium,Pakistan,New Zealand,bowl,Pakistan,281,5,235,9
ODI,England,Sri Lanka,Iqbal Stadium,Pakistan,England,bat,Sri Lanka,235,8,236,5
ODI,India,Pakistan,M Chinnaswamy Stadium,India,India,bat,India,287,8,248,9
ODI,West Indies,South Africa,National Stadium,Pakistan,West Indies,bat,West Indies,264,8,245,10
ODI,New Zealand,Australia,MA Chidambaram Stadium,India,New Zealand,bat,Australia,286,9,289,4
ODI,Sri Lanka,India,Eden Gardens,India,India,bowl,Sri Lanka,251,8,120,8
ODI,Australia,West Indies,Punjab Cricket Association Stadium,India,Australia,bat,Australia,207,8,202,10
ODI,Australia,Sri Lanka,Gaddafi Stadium,Pakistan,Sri Lanka,bowl,Sri Lanka,241,7,245,3
ODI,New Zealand,West Indies,Sabina Park,West Indies,West Indies,bowl,West Indies,243,10,247,9
ODI,West Indies,New Zealand,Queen's Park Oval,West Indies,New Zealand,bowl,New Zealand,238,7,239,6
ODI,New Zealand,West Indies,Queen's Park Oval,West Indies,New Zealand,bat,West Indies,219,8,225,3
ODI,Pakistan,Sri Lanka,The Padang,Singapore,Sri Lanka,bowl,0,54,3,0,0
ODI,Sri Lanka,Pakistan,The Padang,Singapore,Pakistan,bowl,Sri Lanka,349,9,315,10
ODI,India,Sri Lanka,The Padang,Singapore,India,bat,India,199,10,187,10
ODI,New Zealand,West Indies,Bourda,West Indies,West Indies,bowl,New Zealand,158,10,154,10
ODI,India,Pakistan,The Padang,Singapore,Pakistan,bowl,Pakistan,226,8,190,2
ODI,New Zealand,West Indies,Arnos Vale Ground,West Indies,West Indies,bowl,West Indies,241,8,242,3
ODI,Pakistan,Sri Lanka,The Padang,Singapore,Sri Lanka,bowl,Pakistan,215,10,172,10
ODI,Pakistan,India,Sharjah Cricket Association Stadium,United Arab Emirates,India,bowl,Pakistan,271,5,233,10
ODI,South Africa,Pakistan,Sharjah Cricket Association Stadium,United Arab Emirates,South Africa,bat,South Africa,314,3,171,7
ODI,Sri Lanka,West Indies,Queen's Park Oval,West Indies,Sri Lanka,bat,Sri Lanka,251,10,216,9
ODI,South Africa,India,Sharjah Cricket Association Stadium,United Arab Emirates,South Africa,bat,South Africa,288,6,208,8
ODI,India,Pakistan,Sharjah Cricket Association Stadium,United Arab Emirates,India,bat,India,305,5,277,10
ODI,Pakistan,South Africa,Sharjah Cricket Association Stadium,United Arab Emirates,Pakistan,bat,South Africa,188,10,189,2
ODI,India,South Africa,Sharjah Cricket Association Stadium,United Arab Emirates,India,bat,South Africa,215,8,216,5
ODI,South Africa,India,Sharjah Cricket Association Stadium,United Arab Emirates,South Africa,bat,South Africa,287,5,249,9
ODI,England,India,Kennington Oval,England,England,bat,0,291,8,96,5
ODI,India,England,Headingley,England,England,bowl,England,158,10,162,4
ODI,India,England,Old Trafford,England,India,bat,England,236,4,239,6
ODI,Australia,Zimbabwe,R Premadasa Stadium,Sri Lanka,Australia,bat,Australia,263,7,138,10
ODI,India,Sri Lanka,R Premadasa Stadium,Sri Lanka,India,bat,Sri Lanka,226,5,230,1
ODI,Pakistan,England,Old Trafford,England,Pakistan,bat,England,225,5,226,5
ODI,Australia,Sri Lanka,R Premadasa Stadium,Sri Lanka,Australia,bat,Sri Lanka,228,9,232,6
ODI,England,Pakistan,Edgbaston,England,Pakistan,bowl,England,292,8,185,10
ODI,Zimbabwe,India,Sinhalese Sports Club Ground,Sri Lanka,India,bowl,India,226,10,229,3
ODI,England,Pakistan,Trent Bridge,England,England,bat,Pakistan,246,10,247,8
ODI,Zimbabwe,Sri Lanka,Sinhalese Sports Club Ground,Sri Lanka,Sri Lanka,bowl,Sri Lanka,227,5,228,4
ODI,India,Australia,Sinhalese Sports Club Ground,Sri Lanka,Australia,bowl,Australia,201,10,202,7
ODI,Sri Lanka,Australia,R Premadasa Stadium,Sri Lanka,Australia,bowl,Sri Lanka,234,3,184,10
ODI,Pakistan,India,Toronto Cricket,Canada,India,bowl,India,170,9,173,2
ODI,India,Pakistan,Toronto Cricket,Canada,Pakistan,bowl,Pakistan,264,6,266,8
ODI,India,Pakistan,Toronto Cricket,Canada,India,bat,India,191,10,136,10
ODI,Pakistan,India,Toronto Cricket,Canada,India,bowl,Pakistan,258,8,161,10
ODI,Pakistan,India,Toronto Cricket,Canada,Pakistan,bat,Pakistan,213,9,161,10
ODI,Kenya,Sri Lanka,Gymkhana Club Ground,Kenya,Sri Lanka,bowl,Sri Lanka,188,9,190,3
ODI,South Africa,Pakistan,Gymkhana Club Ground,Kenya,Pakistan,bowl,South Africa,321,8,259,10
ODI,South Africa,Sri Lanka,Nairobi Club Ground,Kenya,South Africa,bat,Sri Lanka,169,10,170,8
ODI,Kenya,Pakistan,Aga Khan Sports Club Ground,Kenya,Kenya,bat,Pakistan,148,10,149,6
ODI,South Africa,Kenya,Gymkhana Club Ground,Kenya,South Africa,bat,South Africa,305,8,103,10
ODI,Pakistan,Sri Lanka,Gymkhana Club Ground,Kenya,Sri Lanka,bowl,Pakistan,371,9,289,10
ODI,Pakistan,South Africa,Gymkhana Club Ground,Kenya,Pakistan,bat,South Africa,203,10,204,3
ODI,South Africa,India,Lal Bahadur Shastri Stadium,India,South Africa,bat,South Africa,261,7,214,10
ODI,Australia,South Africa,Nehru Stadium,India,Australia,bat,South Africa,219,7,220,3
ODI,Australia,India,M Chinnaswamy Stadium,India,Australia,bat,India,215,7,216,8
ODI,South Africa,India,Sawai Mansingh Stadium,India,India,bowl,South Africa,249,6,222,7
ODI,Australia,South Africa,Nahar Singh Stadium,India,Australia,bat,South Africa,215,10,218,8
ODI,India,South Africa,Municipal Stadium,India,India,bat,South Africa,185,10,188,5
ODI,Zimbabwe,Pakistan,Bugti Stadium,Pakistan,Zimbabwe,bat,Pakistan,237,9,239,7
ODI,Australia,South Africa,Nehru Stadium,India,Australia,bat,South Africa,238,6,239,2
ODI,Zimbabwe,Pakistan,Gaddafi Stadium,Pakistan,Zimbabwe,bat,Pakistan,195,10,196,1
ODI,Pakistan,Zimbabwe,Arbab Niaz Stadium,Pakistan,Pakistan,bat,Pakistan,264,9,147,9
ODI,India,Australia,Punjab Cricket Association Stadium,India,Australia,bowl,India,289,6,284,10
ODI,India,South Africa,Wankhede Stadium,India,India,bat,India,220,7,185,10
ODI,New Zealand,Sri Lanka,Sharjah Cricket Association Stadium,United Arab Emirates,Sri Lanka,bowl,New Zealand,206,8,177,10
ODI,Sri Lanka,Pakistan,Sharjah Cricket Association Stadium,United Arab Emirates,Pakistan,bowl,Sri Lanka,206,10,131,10
ODI,New Zealand,Pakistan,Sharjah Cricket Association Stadium,United Arab Emirates,New Zealand,bat,Pakistan,197,10,198,6
ODI,New Zealand,Sri Lanka,Sharjah Cricket Association Stadium,United Arab Emirates,New Zealand,bat,0,169,8,169,10
ODI,Sri Lanka,Pakistan,Sharjah Cricket Association Stadium,United Arab Emirates,Sri Lanka,bat,Pakistan,189,10,193,2
ODI,New Zealand,Pakistan,Sharjah Cricket Association Stadium,United Arab Emirates,Pakistan,bowl,Pakistan,192,10,196,6
ODI,Pakistan,New Zealand,Sharjah Cricket Association Stadium,United Arab Emirates,New Zealand,bowl,Pakistan,160,10,119,10
ODI,Pakistan,New Zealand,Jinnah Stadium,Pakistan,Pakistan,bat,Pakistan,228,8,217,10
ODI,West Indies,Australia,Melbourne Cricket Ground,Australia,West Indies,bat,Australia,172,10,173,5
ODI,Pakistan,New Zealand,Jinnah Stadium,Pakistan,Pakistan,bat,Pakistan,277,9,231,10
ODI,West Indies,Australia,Sydney Cricket Ground,Australia,West Indies,bat,Australia,161,10,162,2
ODI,Pakistan,New Zealand,National Stadium,Pakistan,Pakistan,bat,New Zealand,234,4,235,3
ODI,Pakistan,Australia,Adelaide Oval,Australia,Pakistan,bat,Pakistan,223,10,211,10
ODI,England,Zimbabwe,Queens Sports Club,Zimbabwe,Zimbabwe,bowl,Zimbabwe,152,10,153,8
ODI,Pakistan,West Indies,Adelaide Oval,Australia,West Indies,bowl,West Indies,176,10,177,3
ODI,Australia,Pakistan,Sydney Cricket Ground,Australia,Australia,bat,Pakistan,199,10,203,6
ODI,Zimbabwe,England,Harare Sports Club,Zimbabwe,England,bowl,Zimbabwe,200,10,179,7
ODI,Pakistan,West Indies,Brisbane Cricket Ground,Australia,West Indies,bowl,West Indies,197,10,198,4
ODI,Zimbabwe,England,Harare Sports Club,Zimbabwe,England,bowl,Zimbabwe,249,7,118,10
ODI,Australia,West Indies,Brisbane Cricket Ground,Australia,Australia,bat,West Indies,281,4,284,3
ODI,Pakistan,Australia,Bellerive Oval,Australia,Pakistan,bat,Pakistan,149,10,120,10
ODI,Pakistan,West Indies,Western Australia Cricket Association Ground,Australia,West Indies,bowl,West Indies,257,7,258,5
ODI,Australia,West Indies,Western Australia Cricket Association Ground,Australia,Australia,bat,West Indies,267,7,269,6
ODI,West Indies,Pakistan,Sydney Cricket Ground,Australia,Pakistan,bowl,Pakistan,181,10,183,2
ODI,Pakistan,Australia,Melbourne Cricket Ground,Australia,Pakistan,bat,Australia,181,9,182,7
ODI,West Indies,Pakistan,Sydney Cricket Ground,Australia,Pakistan,bowl,Pakistan,179,9,185,6
ODI,Pakistan,West Indies,Melbourne Cricket Ground,Australia,Pakistan,bat,Pakistan,165,10,103,10
ODI,South Africa,India,Springbok Park,South Africa,South Africa,bat,South Africa,270,4,231,10
ODI,Zimbabwe,South Africa,Centurion Park,South Africa,Zimbabwe,bat,South Africa,211,10,212,5
ODI,Zimbabwe,India,Boland Bank Park,South Africa,Zimbabwe,bat,0,236,8,236,10
ODI,Zimbabwe,South Africa,Newlands,South Africa,Zimbabwe,bat,South Africa,226,6,229,5
ODI,Zimbabwe,South Africa,New Wanderers Stadium,South Africa,Zimbabwe,bat,South Africa,256,8,259,6
ODI,India,South Africa,Crusaders Ground,South Africa,India,bat,South Africa,179,9,180,4
ODI,India,South Africa,Buffalo Park,South Africa,India,bat,South Africa,232,5,236,4
ODI,India,Zimbabwe,Centurion Park,South Africa,India,bat,Zimbabwe,216,10,171,7
ODI,Zimbabwe,India,Willowmoore Park,South Africa,India,bowl,India,240,8,241,4
ODI,India,South Africa,Kingsmead,South Africa,India,bat,0,191,9,42,1
ODI,India,West Indies,Kensington Oval,West Indies,West Indies,bowl,West Indies,199,7,200,0
ODI,South Africa,India,Kingsmead,South Africa,South Africa,bat,South Africa,278,8,234,10
ODI,India,Zimbabwe,Queens Sports Club,Zimbabwe,Zimbabwe,bowl,Zimbabwe,168,10,139,2
ODI,New Zealand,England,Lancaster Park,New Zealand,New Zealand,bat,England,222,6,226,6
ODI,New Zealand,England,Eden Park,New Zealand,New Zealand,bat,England,253,8,134,4
ODI,New Zealand,England,McLean Park,New Zealand,New Zealand,bat,0,237,10,237,8
ODI,New Zealand,England,Eden Park,New Zealand,England,bowl,New Zealand,153,10,144,10
ODI,New Zealand,England,Basin Reserve,New Zealand,New Zealand,bat,New Zealand,228,8,200,10
ODI,New Zealand,Sri Lanka,Lancaster Park,New Zealand,Sri Lanka,bowl,Sri Lanka,201,9,202,4
ODI,New Zealand,Sri Lanka,Basin Reserve,New Zealand,Sri Lanka,bowl,New Zealand,201,10,132,10
ODI,Australia,South Africa,Buffalo Park,South Africa,South Africa,bowl,South Africa,223,9,227,4
ODI,South Africa,Australia,Crusaders Ground,South Africa,Australia,bowl,Australia,221,8,222,3
ODI,South Africa,Australia,Newlands,South Africa,Australia,bowl,South Africa,245,8,199,9
ODI,Zimbabwe,Sri Lanka,Sharjah Cricket Association Stadium,United Arab Emirates,Sri Lanka,bowl,Sri Lanka,187,9,188,3
ODI,Sri Lanka,Pakistan,Sharjah Cricket Association Stadium,United Arab Emirates,Pakistan,bowl,Sri Lanka,243,8,224,9
ODI,Australia,South Africa,Kingsmead,South Africa,Australia,bat,Australia,211,9,196,10
ODI,Pakistan,Zimbabwe,Sharjah Cricket Association Stadium,United Arab Emirates,Pakistan,bat,Pakistan,187,10,94,10
ODI,Sri Lanka,Pakistan,Sharjah Cricket Association Stadium,United Arab Emirates,Sri Lanka,bat,Sri Lanka,251,7,200,10
ODI,Zimbabwe,Sri Lanka,Sharjah Cricket Association Stadium,United Arab Emirates,Zimbabwe,bat,Zimbabwe,203,10,153,10
ODI,Australia,South Africa,New Wanderers Stadium,South Africa,Australia,bat,Australia,258,7,250,8
ODI,Pakistan,Zimbabwe,Sharjah Cricket Association Stadium,United Arab Emirates,Pakistan,bat,Pakistan,151,9,119,10
ODI,South Africa,Australia,Centurion Park,South Africa,South Africa,bat,Australia,284,7,287,5
ODI,Pakistan,Sri Lanka,Sharjah Cricket Association Stadium,United Arab Emirates,Pakistan,bat,Sri Lanka,214,10,215,6
ODI,South Africa,Australia,Springbok Park,South Africa,Australia,bowl,South Africa,310,6,201,10
ODI,India,West Indies,Queen's Park Oval,West Indies,India,bat,West Indies,179,10,149,2
ODI,West Indies,India,Queen's Park Oval,West Indies,India,bowl,India,121,10,116,0
ODI,West Indies,India,Arnos Vale Ground,West Indies,India,bowl,West Indies,249,9,231,10
ODI,New Zealand,Pakistan,Punjab Cricket Association Stadium,India,Pakistan,bowl,New Zealand,285,7,263,9
ODI,Pakistan,Sri Lanka,Captain Roop Singh Stadium,India,Pakistan,bat,Pakistan,289,6,259,10
ODI,New Zealand,India,M Chinnaswamy Stadium,India,New Zealand,bat,India,220,9,221,2
ODI,India,Sri Lanka,Wankhede Stadium,India,India,bat,Sri Lanka,225,7,229,5
ODI,Sri Lanka,New Zealand,Lal Bahadur Shastri Stadium,India,Sri Lanka,bat,Sri Lanka,214,10,162,10
ODI,Pakistan,India,MA Chidambaram Stadium,India,Pakistan,bat,Pakistan,327,5,292,10
ODI,Australia,England,Headingley,England,England,bowl,England,170,8,175,4
ODI,Australia,England,Kennington Oval,England,England,bowl,England,249,6,253,4
ODI,Sri Lanka,Pakistan,Punjab Cricket Association Stadium,India,Sri Lanka,bat,Sri Lanka,339,4,224,8
ODI,Australia,England,Lord's,England,England,bowl,England,269,10,270,4
ODI,Sri Lanka,Pakistan,Eden Gardens,India,Sri Lanka,bat,Sri Lanka,309,10,224,10
ODI,West Indies,Sri Lanka,Queen's Park Oval,West Indies,Sri Lanka,bowl,West Indies,283,7,248,8
ODI,Sri Lanka,Pakistan,R Premadasa Stadium,Sri Lanka,Pakistan,bowl,Sri Lanka,239,10,224,9
ODI,Pakistan,Bangladesh,R Premadasa Stadium,Sri Lanka,Pakistan,bat,Pakistan,319,5,210,9
ODI,India,Sri Lanka,R Premadasa Stadium,Sri Lanka,Sri Lanka,bowl,Sri Lanka,227,6,231,4
ODI,Pakistan,India,Sinhalese Sports Club Ground,Sri Lanka,India,bowl,0,30,5,0,0
ODI,Sri Lanka,Bangladesh,Sinhalese Sports Club Ground,Sri Lanka,Bangladesh,bowl,Sri Lanka,296,4,193,8
ODI,Bangladesh,India,Sinhalese Sports Club Ground,Sri Lanka,India,bowl,India,130,8,132,1
ODI,India,Sri Lanka,R Premadasa Stadium,Sri Lanka,India,bat,Sri Lanka,239,7,240,2
ODI,Sri Lanka,India,R Premadasa Stadium,Sri Lanka,India,bowl,Sri Lanka,302,4,300,7
ODI,India,Sri Lanka,R Premadasa Stadium,Sri Lanka,Sri Lanka,bowl,Sri Lanka,238,10,241,3
ODI,India,Sri Lanka,Sinhalese Sports Club Ground,Sri Lanka,Sri Lanka,bowl,0,291,9,132,6
ODI,Sri Lanka,India,Sinhalese Sports Club Ground,Sri Lanka,India,bowl,Sri Lanka,264,10,255,8
ODI,India,Pakistan,Toronto Cricket,Canada,Pakistan,bowl,India,208,10,188,10
ODI,Pakistan,India,Toronto Cricket,Canada,Pakistan,bat,India,116,10,117,3
ODI,Pakistan,India,Toronto Cricket,Canada,India,bowl,0,169,3,0,0
ODI,India,Pakistan,Toronto Cricket,Canada,Pakistan,bowl,India,182,6,148,10
ODI,India,Pakistan,Toronto Cricket,Canada,Pakistan,bowl,Pakistan,250,5,251,5
ODI,India,Pakistan,Niaz Stadium,Pakistan,India,bat,Pakistan,170,10,171,5
ODI,Pakistan,India,National Stadium,Pakistan,Pakistan,bat,India,265,4,266,6
ODI,Zimbabwe,New Zealand,Queens Sports Club,Zimbabwe,Zimbabwe,bat,0,233,8,233,9
ODI,India,Pakistan,Gaddafi Stadium,Pakistan,Pakistan,bowl,Pakistan,216,10,219,1
ODI,New Zealand,Zimbabwe,Harare Sports Club,Zimbabwe,New Zealand,bat,Zimbabwe,185,7,188,7
ODI,New Zealand,Zimbabwe,Harare Sports Club,Zimbabwe,New Zealand,bat,New Zealand,294,7,211,10
ODI,Kenya,Bangladesh,Gymkhana Club Ground,Kenya,Bangladesh,bowl,Kenya,347,3,197,9
ODI,Zimbabwe,Bangladesh,Gymkhana Club Ground,Kenya,Zimbabwe,bat,Zimbabwe,305,4,257,10
ODI,Kenya,Zimbabwe,Gymkhana Club Ground,Kenya,Kenya,bat,Zimbabwe,249,8,244,4
ODI,Zimbabwe,Bangladesh,Aga Khan Sports Club Ground,Kenya,Zimbabwe,bat,Zimbabwe,284,10,92,10
ODI,Bangladesh,Kenya,Aga Khan Sports Club Ground,Kenya,Bangladesh,bat,Kenya,100,10,102,2
ODI,Kenya,Zimbabwe,Aga Khan Sports Club Ground,Kenya,Zimbabwe,bowl,Zimbabwe,207,9,210,3
ODI,Zimbabwe,Kenya,Gymkhana Club Ground,Kenya,Zimbabwe,bat,Zimbabwe,281,8,172,7
ODI,Zimbabwe,Kenya,Gymkhana Club Ground,Kenya,Zimbabwe,bat,Zimbabwe,272,6,190,10
ODI,West Indies,Sri Lanka,Gaddafi Stadium,Pakistan,Sri Lanka,bowl,Sri Lanka,237,8,240,3
ODI,South Africa,Pakistan,Gaddafi Stadium,Pakistan,Pakistan,bowl,South Africa,271,10,262,9
ODI,West Indies,South Africa,Gaddafi Stadium,Pakistan,South Africa,bowl,South Africa,293,8,297,5
ODI,West Indies,Pakistan,Gaddafi Stadium,Pakistan,Pakistan,bowl,Pakistan,215,7,219,2
ODI,Pakistan,Sri Lanka,Gaddafi Stadium,Pakistan,Sri Lanka,bowl,Sri Lanka,280,10,281,2
ODI,South Africa,Sri Lanka,Gaddafi Stadium,Pakistan,Sri Lanka,bowl,South Africa,311,9,245,9
ODI,Sri Lanka,South Africa,Gaddafi Stadium,Pakistan,South Africa,bowl,South Africa,209,7,210,6
ODI,South Africa,Australia,Sydney Cricket Ground,Australia,South Africa,bat,South Africa,200,10,133,10
ODI,New Zealand,South Africa,Adelaide Oval,Australia,South Africa,bowl,New Zealand,224,6,177,10
ODI,New Zealand,Australia,Adelaide Oval,Australia,New Zealand,bat,Australia,260,7,263,7
ODI,South Africa,Australia,Melbourne Cricket Ground,Australia,South Africa,bat,South Africa,170,8,125,10
ODI,Zimbabwe,Pakistan,Harare Sports Club,Zimbabwe,Pakistan,bowl,Pakistan,272,4,276,6
ODI,South Africa,New Zealand,Bellerive Oval,Australia,South Africa,bat,South Africa,174,9,173,7
ODI,England,India,Sharjah Cricket Association Stadium,United Arab Emirates,India,bowl,England,250,10,243,10
ODI,West Indies,Pakistan,Sharjah Cricket Association Stadium,United Arab Emirates,West Indies,bat,West Indies,275,7,232,10
ODI,West Indies,England,Sharjah Cricket Association Stadium,United Arab Emirates,West Indies,bat,England,197,7,198,6
ODI,India,Pakistan,Sharjah Cricket Association Stadium,United Arab Emirates,India,bat,Pakistan,239,7,243,6
ODI,England,Pakistan,Sharjah Cricket Association Stadium,United Arab Emirates,England,bat,England,215,9,207,10
ODI,West Indies,India,Sharjah Cricket Association Stadium,United Arab Emirates,India,bowl,West Indies,229,6,188,10
ODI,New Zealand,Australia,Melbourne Cricket Ground,Australia,New Zealand,bat,Australia,141,10,142,4
ODI,West Indies,England,Sharjah Cricket Association Stadium,United Arab Emirates,West Indies,bat,England,235,7,239,7
ODI,Sri Lanka,India,Nehru Stadium,India,India,bowl,India,172,9,173,3
ODI,Sri Lanka,India,Nehru Stadium,India,Sri Lanka,bat,0,17,1,0,0
ODI,India,Sri Lanka,Nehru Stadium,India,India,bat,Sri Lanka,228,6,229,5
ODI,South Africa,New Zealand,Brisbane Cricket Ground,Australia,South Africa,bat,South Africa,300,6,298,9
ODI,Bangladesh,India,National Stadium,Bangladesh,India,bowl,India,190,10,191,6
ODI,Australia,South Africa,Brisbane Cricket Ground,Australia,Australia,bat,South Africa,235,8,236,5
ODI,India,Pakistan,National Stadium,Bangladesh,Pakistan,bowl,India,245,7,227,9
ODI,Bangladesh,Pakistan,National Stadium,Bangladesh,Pakistan,bowl,Pakistan,134,10,136,1
ODI,Australia,New Zealand,Sydney Cricket Ground,Australia,Australia,bat,Australia,250,10,119,10
ODI,Pakistan,India,National Stadium,Bangladesh,Pakistan,bat,India,212,8,213,2
ODI,India,Pakistan,National Stadium,Bangladesh,India,bat,Pakistan,189,10,193,4
ODI,South Africa,New Zealand,Western Australia Cricket Association Ground,Australia,South Africa,bat,South Africa,233,7,166,10
ODI,Pakistan,India,National Stadium,Bangladesh,India,bowl,India,314,5,316,7
ODI,Australia,South Africa,Western Australia Cricket Association Ground,Australia,Australia,bat,South Africa,165,10,170,3
ODI,Australia,New Zealand,Melbourne Cricket Ground,Australia,Australia,bat,New Zealand,251,4,253,6
ODI,Zimbabwe,Sri Lanka,Sinhalese Sports Club Ground,Sri Lanka,Sri Lanka,bowl,Sri Lanka,207,10,210,5
ODI,South Africa,Australia,Melbourne Cricket Ground,Australia,South Africa,bat,South Africa,241,9,235,10
ODI,Zimbabwe,Sri Lanka,R Premadasa Stadium,Sri Lanka,Zimbabwe,bat,Sri Lanka,212,8,213,5
ODI,South Africa,Australia,Sydney Cricket Ground,Australia,South Africa,bat,Australia,228,6,229,3
ODI,Zimbabwe,Sri Lanka,Sinhalese Sports Club Ground,Sri Lanka,Zimbabwe,bat,Sri Lanka,281,6,286,6
ODI,Australia,South Africa,Sydney Cricket Ground,Australia,Australia,bat,Australia,247,7,233,10
ODI,New Zealand,Zimbabwe,WestpacTrust Park,New Zealand,New Zealand,bat,New Zealand,248,7,208,10
ODI,Zimbabwe,New Zealand,Basin Reserve,New Zealand,New Zealand,bowl,New Zealand,138,10,139,2
ODI,New Zealand,Australia,Lancaster Park,New Zealand,New Zealand,bat,Australia,212,7,215,3
ODI,Australia,New Zealand,Basin Reserve,New Zealand,Australia,bat,Australia,297,6,231,10
ODI,Australia,New Zealand,McLean Park,New Zealand,Australia,bat,New Zealand,236,10,240,3
ODI,New Zealand,Australia,Eden Park,New Zealand,Australia,bowl,New Zealand,223,7,193,10
ODI,Zimbabwe,New Zealand,Lancaster Park,New Zealand,New Zealand,bowl,Zimbabwe,228,7,227,9
ODI,Zimbabwe,New Zealand,McLean Park,New Zealand,Zimbabwe,bat,New Zealand,207,8,211,1
ODI,New Zealand,Zimbabwe,Eden Park,New Zealand,New Zealand,bat,New Zealand,231,9,229,9
ODI,Zimbabwe,Pakistan,Harare Sports Club,Zimbabwe,Pakistan,bowl,Pakistan,236,6,237,6
ODI,England,West Indies,Kensington Oval,West Indies,West Indies,bowl,England,293,5,277,10
ODI,India,Australia,Nehru Stadium,India,India,bat,India,309,5,268,10
ODI,England,West Indies,Kensington Oval,West Indies,West Indies,bowl,West Indies,266,10,267,9
ODI,Australia,Zimbabwe,Sardar Patel Stadium,India,Australia,bat,Australia,252,7,239,10
ODI,South Africa,Pakistan,Kingsmead,South Africa,South Africa,bat,South Africa,280,4,228,10
ODI,England,West Indies,Arnos Vale Ground,West Indies,England,bat,West Indies,209,8,213,5
ODI,India,Zimbabwe,Indian Petrochemicals Corporation Limited Sports Complex Ground,India,Zimbabwe,bowl,India,274,5,261,10
ODI,South Africa,Sri Lanka,New Wanderers Stadium,South Africa,South Africa,bat,South Africa,266,8,209,10
ODI,England,West Indies,Arnos Vale Ground,West Indies,England,bat,West Indies,149,10,150,6
ODI,Australia,India,Green Park,India,Australia,bat,India,222,9,223,4
ODI,Sri Lanka,Pakistan,Kimberley Country Club,South Africa,Sri Lanka,bat,Pakistan,295,7,300,6
ODI,West Indies,England,Queen's Park Oval,West Indies,West Indies,bat,West Indies,302,5,245,10
ODI,India,Zimbabwe,Barabati Stadium,India,Zimbabwe,bowl,India,301,3,269,10
ODI,Pakistan,Sri Lanka,Boland Bank Park,South Africa,Pakistan,bat,Pakistan,249,10,139,10
ODI,Australia,Zimbabwe,Feroz Shah Kotla,India,Zimbabwe,bowl,Australia,294,3,278,9
ODI,Pakistan,South Africa,Buffalo Park,South Africa,South Africa,bowl,South Africa,250,8,254,7
ODI,South Africa,Sri Lanka,Crusaders Ground,South Africa,South Africa,bat,Sri Lanka,231,10,232,4
ODI,India,Australia,Feroz Shah Kotla,India,India,bat,Australia,227,10,231,6
ODI,Sri Lanka,Pakistan,Willowmoore Park,South Africa,Pakistan,bowl,Sri Lanka,288,10,173,10
ODI,Pakistan,South Africa,Centurion Park,South Africa,Pakistan,bat,South Africa,145,10,149,3
ODI,India,New Zealand,Sharjah Cricket Association Stadium,United Arab Emirates,India,bat,India,220,9,205,10
ODI,New Zealand,Australia,Sharjah Cricket Association Stadium,United Arab Emirates,New Zealand,bat,Australia,159,10,160,4
ODI,Sri Lanka,South Africa,Springbok Park,South Africa,South Africa,bowl,South Africa,105,10,106,5
ODI,Australia,India,Sharjah Cricket Association Stadium,United Arab Emirates,Australia,bat,Australia,264,9,206,10
ODI,India,New Zealand,Sharjah Cricket Association Stadium,United Arab Emirates,India,bat,New Zealand,181,10,183,6
ODI,Kenya,India,Eden Gardens,India,Kenya,bat,India,196,10,197,1
ODI,New Zealand,Australia,Sharjah Cricket Association Stadium,United Arab Emirates,New Zealand,bat,Australia,259,5,261,5
ODI,Australia,India,Sharjah Cricket Association Stadium,United Arab Emirates,Australia,bat,Australia,284,7,250,5
ODI,Pakistan,South Africa,Newlands,South Africa,South Africa,bowl,South Africa,114,10,115,1
ODI,Australia,India,Sharjah Cricket Association Stadium,United Arab Emirates,India,bowl,India,272,9,275,4
ODI,Bangladesh,India,Punjab Cricket Association Stadium,India,India,bowl,India,184,9,185,5
ODI,Kenya,Bangladesh,Lal Bahadur Shastri Stadium,India,Kenya,bat,Bangladesh,236,10,237,4
ODI,Kenya,India,M Chinnaswamy Stadium,India,India,bowl,India,223,9,224,6
ODI,England,South Africa,Kennington Oval,England,South Africa,bowl,South Africa,223,9,224,7
ODI,South Africa,England,Old Trafford,England,England,bowl,South Africa,226,9,194,10
ODI,Kenya,Bangladesh,MA Chidambaram Stadium,India,Kenya,bat,Kenya,226,8,198,10
ODI,South Africa,England,Headingley,England,South Africa,bat,England,205,8,206,3
ODI,Bangladesh,India,Wankhede Stadium,India,Bangladesh,bat,India,115,10,116,5
ODI,Kenya,India,Captain Roop Singh Stadium,India,Kenya,bat,Kenya,265,5,196,10
ODI,Sri Lanka,India,R Premadasa Stadium,Sri Lanka,Sri Lanka,bat,India,243,6,246,2
ODI,New Zealand,Sri Lanka,R Premadasa Stadium,Sri Lanka,New Zealand,bat,Sri Lanka,200,9,201,3
ODI,New Zealand,India,R Premadasa Stadium,Sri Lanka,India,bowl,0,219,8,131,2
ODI,Sri Lanka,India,Sinhalese Sports Club Ground,Sri Lanka,India,bowl,Sri Lanka,171,8,163,10
ODI,New Zealand,India,Sinhalese Sports Club Ground,Sri Lanka,New Zealand,bat,0,128,5,0,0
ODI,Sri Lanka,New Zealand,Sinhalese Sports Club Ground,Sri Lanka,New Zealand,bowl,Sri Lanka,293,4,206,10
ODI,India,Sri Lanka,R Premadasa Stadium,Sri Lanka,India,bat,India,307,6,301,10
ODI,Sri Lanka,South Africa,Trent Bridge,England,South Africa,bowl,Sri Lanka,258,10,201,10
ODI,England,Sri Lanka,Lord's,England,Sri Lanka,bowl,England,247,10,211,10
ODI,South Africa,England,Edgbaston,England,South Africa,bat,South Africa,244,7,230,10
ODI,England,Sri Lanka,Lord's,England,England,bat,Sri Lanka,256,8,260,5
ODI,Pakistan,India,Toronto Cricket,Canada,India,bowl,India,189,9,193,4
ODI,Pakistan,India,Toronto Cricket,Canada,India,bowl,Pakistan,246,9,195,10
ODI,Pakistan,India,Toronto Cricket,Canada,India,bowl,Pakistan,257,5,180,10
ODI,Pakistan,India,Toronto Cricket,Canada,India,bowl,Pakistan,316,6,182,10
ODI,India,Pakistan,Toronto Cricket,Canada,India,bat,Pakistan,256,9,258,5
ODI,Zimbabwe,India,Queens Sports Club,Zimbabwe,India,bowl,India,213,10,216,2
ODI,Zimbabwe,India,Queens Sports Club,Zimbabwe,India,bowl,India,235,7,236,2
ODI,Zimbabwe,India,Harare Sports Club,Zimbabwe,India,bowl,Zimbabwe,259,5,222,10
ODI,Zimbabwe,New Zealand,Bangabandhu National Stadium,Bangladesh,Zimbabwe,bat,New Zealand,258,7,260,5
ODI,England,South Africa,Bangabandhu National Stadium,Bangladesh,England,bat,South Africa,281,7,283,4
ODI,New Zealand,Sri Lanka,Bangabandhu National Stadium,Bangladesh,Sri Lanka,bowl,Sri Lanka,188,10,191,5
ODI,India,Australia,Bangabandhu National Stadium,Bangladesh,Australia,bowl,India,307,8,263,10
ODI,West Indies,Pakistan,Bangabandhu National Stadium,Bangladesh,West Indies,bat,West Indies,289,9,259,9
ODI,South Africa,Sri Lanka,Bangabandhu National Stadium,Bangladesh,Sri Lanka,bowl,South Africa,240,7,132,9
ODI,India,West Indies,Bangabandhu National Stadium,Bangladesh,India,bat,West Indies,242,6,245,4
ODI,West Indies,South Africa,Bangabandhu National Stadium,Bangladesh,South Africa,bowl,South Africa,245,10,248,6
ODI,Australia,Pakistan,National Stadium,Pakistan,Pakistan,bowl,Australia,324,8,238,10
ODI,Sri Lanka,India,Sharjah Cricket Association Stadium,United Arab Emirates,India,bowl,India,245,7,248,7
ODI,Sri Lanka,Zimbabwe,Sharjah Cricket Association Stadium,United Arab Emirates,Zimbabwe,bowl,Zimbabwe,196,10,197,3
ODI,Pakistan,Australia,Arbab Niaz Stadium,Pakistan,Pakistan,bat,Australia,217,7,220,5
ODI,Zimbabwe,India,Sharjah Cricket Association Stadium,United Arab Emirates,India,bowl,India,196,10,197,3
ODI,India,Sri Lanka,Sharjah Cricket Association Stadium,United Arab Emirates,Sri Lanka,bowl,India,179,10,98,10
ODI,Pakistan,Australia,Gaddafi Stadium,Pakistan,Pakistan,bat,Australia,315,8,316,4
ODI,Zimbabwe,Sri Lanka,Sharjah Cricket Association Stadium,United Arab Emirates,Sri Lanka,bowl,Zimbabwe,259,7,235,10
ODI,Zimbabwe,India,Sharjah Cricket Association Stadium,United Arab Emirates,India,bowl,Zimbabwe,205,7,192,10
ODI,Zimbabwe,India,Sharjah Cricket Association Stadium,United Arab Emirates,India,bowl,India,196,9,197,0
ODI,Zimbabwe,Pakistan,Jinnah Stadium,Pakistan,Pakistan,bowl,Pakistan,237,10,241,6
ODI,Pakistan,Zimbabwe,Sheikhupura Stadium,Pakistan,Zimbabwe,bowl,Zimbabwe,211,10,212,4
ODI,Pakistan,Zimbabwe,Rawalpindi Cricket Stadium,Pakistan,Zimbabwe,bowl,Pakistan,302,6,191,10
ODI,India,New Zealand,Owen Delany Park,New Zealand,India,bat,New Zealand,257,5,200,5
ODI,England,Australia,Brisbane Cricket Ground,Australia,England,bat,England,178,8,145,9
ODI,Sri Lanka,England,Brisbane Cricket Ground,Australia,Sri Lanka,bat,England,207,7,208,6
ODI,New Zealand,India,McLean Park,New Zealand,India,bowl,India,213,10,214,8
ODI,Sri Lanka,Australia,Sydney Cricket Ground,Australia,Sri Lanka,bat,Australia,259,9,260,2
ODI,India,New Zealand,Basin Reserve,New Zealand,New Zealand,bowl,0,208,4,89,2
ODI,England,Australia,Melbourne Cricket Ground,Australia,England,bat,Australia,178,10,182,1
ODI,New Zealand,India,Eden Park,New Zealand,India,bowl,India,207,7,208,5
ODI,England,Australia,Sydney Cricket Ground,Australia,England,bat,England,282,4,275,6
ODI,New Zealand,India,Jade Stadium,New Zealand,India,bowl,New Zealand,300,8,230,10
ODI,Sri Lanka,England,Melbourne Cricket Ground,Australia,Sri Lanka,bat,England,186,10,189,3
ODI,Australia,Sri Lanka,Bellerive Oval,Australia,Sri Lanka,bowl,Sri Lanka,210,9,211,7
ODI,West Indies,South Africa,New Wanderers Stadium,South Africa,South Africa,bowl,South Africa,154,4,160,8
ODI,England,Sri Lanka,Adelaide Oval,Australia,Sri Lanka,bowl,Sri Lanka,302,3,303,9
ODI,Australia,Sri Lanka,Adelaide Oval,Australia,Sri Lanka,bowl,Australia,270,10,190,10
ODI,West Indies,South Africa,Buffalo Park,South Africa,South Africa,bowl,West Indies,292,9,249,10
ODI,Australia,England,Adelaide Oval,Australia,Australia,bat,Australia,239,8,223,10
ODI,South Africa,West Indies,Kingsmead,South Africa,South Africa,bat,South Africa,274,9,219,10
ODI,England,Sri Lanka,Western Australia Cricket Association Ground,Australia,Sri Lanka,bowl,England,227,7,99,10
ODI,South Africa,West Indies,Crusaders Ground,South Africa,West Indies,bowl,South Africa,278,6,179,10
ODI,Australia,Sri Lanka,Western Australia Cricket Association Ground,Australia,Sri Lanka,bowl,Australia,274,7,229,9
ODI,South Africa,West Indies,Newlands,South Africa,South Africa,bat,South Africa,221,8,132,10
ODI,Sri Lanka,England,Sydney Cricket Ground,Australia,England,bowl,Sri Lanka,181,7,170,9
ODI,England,Australia,Sydney Cricket Ground,Australia,England,bat,Australia,210,8,211,6
ODI,South Africa,West Indies,Springbok Park,South Africa,South Africa,bat,South Africa,273,10,159,10
ODI,Australia,Sri Lanka,Melbourne Cricket Ground,Australia,Australia,bat,Australia,310,8,267,10
ODI,South Africa,West Indies,SuperSport Centurion,South Africa,South Africa,bat,South Africa,226,8,176,10
ODI,Australia,England,Sydney Cricket Ground,Australia,Australia,bat,Australia,232,8,222,10
ODI,Australia,England,Melbourne Cricket Ground,Australia,Australia,bat,Australia,272,5,110,10
ODI,South Africa,New Zealand,Carisbrook,New Zealand,New Zealand,bowl,New Zealand,211,10,215,7
ODI,New Zealand,South Africa,Jade Stadium,New Zealand,New Zealand,bat,South Africa,220,9,224,3
ODI,South Africa,New Zealand,Eden Park,New Zealand,New Zealand,bowl,New Zealand,212,7,215,3
ODI,Pakistan,Bangladesh,Bangabandhu National Stadium,Bangladesh,Bangladesh,bowl,Pakistan,293,7,141,10
ODI,Pakistan,Sri Lanka,Keenan Stadium,India,Pakistan,bat,Pakistan,246,9,237,10
ODI,Zimbabwe,Kenya,Bangabandhu National Stadium,Bangladesh,Zimbabwe,bat,Zimbabwe,272,6,139,10
ODI,Bangladesh,Kenya,Bangabandhu National Stadium,Bangladesh,Bangladesh,bat,Kenya,213,10,215,2
ODI,Zimbabwe,Bangladesh,Bangabandhu National Stadium,Bangladesh,Zimbabwe,bat,Zimbabwe,310,6,184,10
ODI,India,Sri Lanka,Vidarbha Cricket Association Ground,India,Sri Lanka,bowl,India,287,4,207,10
ODI,Zimbabwe,Kenya,Bangabandhu National Stadium,Bangladesh,Zimbabwe,bat,Zimbabwe,280,6,216,8
ODI,Pakistan,India,Sawai Mansingh Stadium,India,Pakistan,bat,Pakistan,278,9,135,10
ODI,Kenya,Bangladesh,Bangabandhu National Stadium,Bangladesh,Kenya,bat,Kenya,231,10,158,10
ODI,New Zealand,South Africa,McLean Park,New Zealand,South Africa,bowl,0,257,8,10,0
ODI,Bangladesh,Zimbabwe,Bangabandhu National Stadium,Bangladesh,Bangladesh,bat,Zimbabwe,257,5,261,7
ODI,New Zealand,South Africa,McLean Park,New Zealand,South Africa,bowl,South Africa,191,10,194,8
ODI,South Africa,New Zealand,Eden Park,New Zealand,South Africa,bat,South Africa,290,5,147,10
ODI,Sri Lanka,Pakistan,Indira Priyadarshini Stadium,India,Sri Lanka,bat,Sri Lanka,253,8,241,10
ODI,Zimbabwe,Kenya,Bangabandhu National Stadium,Bangladesh,Zimbabwe,bat,Zimbabwe,325,6,123,9
ODI,South Africa,New Zealand,Basin Reserve,New Zealand,South Africa,bat,0,249,4,0,0
ODI,India,Sri Lanka,Nehru Stadium,India,Sri Lanka,bowl,India,286,6,235,10
ODI,India,Pakistan,Punjab Cricket Association Stadium,India,India,bat,Pakistan,196,10,197,3
ODI,Pakistan,India,M Chinnaswamy Stadium,India,Pakistan,bat,Pakistan,291,8,168,10
ODI,Pakistan,England,Sharjah Cricket Association Stadium,United Arab Emirates,Pakistan,bat,Pakistan,323,5,233,10
ODI,Pakistan,India,Sharjah Cricket Association Stadium,United Arab Emirates,Pakistan,bat,Pakistan,279,8,163,6
ODI,India,England,Sharjah Cricket Association Stadium,United Arab Emirates,India,bat,India,222,5,202,10
ODI,India,England,Sharjah Cricket Association Stadium,United Arab Emirates,India,bat,India,239,6,230,10
ODI,West Indies,Australia,Arnos Vale Ground,West Indies,Australia,bowl,West Indies,209,10,165,10
ODI,England,Pakistan,Sharjah Cricket Association Stadium,United Arab Emirates,England,bat,England,206,10,144,10
ODI,Pakistan,India,Sharjah Cricket Association Stadium,United Arab Emirates,Pakistan,bat,India,205,9,206,4
ODI,Australia,West Indies,Queen's Park (New),West Indies,Australia,bat,Australia,288,4,242,10
ODI,India,Pakistan,Sharjah Cricket Association Stadium,United Arab Emirates,India,bat,Pakistan,125,10,129,2
ODI,Australia,West Indies,Queen's Park Oval,West Indies,Australia,bat,West Indies,242,7,244,5
ODI,Australia,West Indies,Queen's Park Oval,West Indies,Australia,bat,Australia,189,9,169,10
ODI,West Indies,Australia,Bourda,West Indies,Australia,bowl,0,173,5,173,7
ODI,West Indies,Australia,Kensington Oval,West Indies,West Indies,bat,Australia,249,8,253,6
ODI,Australia,West Indies,Kensington Oval,West Indies,Australia,bat,West Indies,252,9,197,2
ODI,Sri Lanka,England,Lord's,England,England,bowl,England,204,10,207,2
ODI,India,South Africa,New County Ground,England,India,bat,South Africa,253,5,254,6
ODI,Kenya,Zimbabwe,County Ground,England,Zimbabwe,bowl,Zimbabwe,229,7,231,5
ODI,Scotland,Australia,County Ground,England,Australia,bowl,Australia,181,7,182,4
ODI,Pakistan,West Indies,County Ground,England,Pakistan,bat,Pakistan,229,8,202,10
ODI,Bangladesh,New Zealand,County Ground,England,New Zealand,bowl,New Zealand,116,10,117,4
ODI,Kenya,England,St Lawrence Ground,England,England,bowl,England,203,10,204,1
ODI,Zimbabwe,India,Grace Road,England,India,bowl,Zimbabwe,252,9,249,10
ODI,South Africa,Sri Lanka,County Ground,England,Sri Lanka,bowl,South Africa,199,9,110,10
ODI,Australia,New Zealand,Sophia Gardens,England,Australia,bat,New Zealand,213,8,214,5
ODI,Pakistan,Scotland,Riverside Ground,England,Scotland,bowl,Pakistan,261,6,167,10
ODI,Bangladesh,West Indies,Clontarf Cricket Club Ground,Ireland,Bangladesh,bat,West Indies,182,10,183,3
ODI,South Africa,England,Kennington Oval,England,England,bowl,South Africa,225,7,103,10
ODI,Zimbabwe,Sri Lanka,County Ground,England,Sri Lanka,bowl,Sri Lanka,197,9,198,6
ODI,India,Kenya,County Ground,England,Kenya,bowl,India,329,2,235,7
ODI,Pakistan,Australia,Headingley,England,Australia,bowl,Pakistan,275,8,265,10
ODI,Bangladesh,Scotland,Grange Cricket Club Ground,Scotland,Scotland,bowl,Bangladesh,185,9,163,10
ODI,New Zealand,West Indies,County Ground,England,West Indies,bowl,West Indies,156,10,158,3
ODI,Zimbabwe,England,Trent Bridge,England,England,bowl,England,167,8,168,3
ODI,Kenya,South Africa,VRA Ground,Netherlands,South Africa,bowl,South Africa,152,10,153,3
ODI,India,Sri Lanka,County Ground,England,Sri Lanka,bowl,India,373,6,216,10
ODI,Bangladesh,Australia,Riverside Ground,England,Australia,bowl,Australia,178,7,181,3
ODI,Scotland,West Indies,Grace Road,England,Scotland,bat,West Indies,68,10,70,2
ODI,Pakistan,New Zealand,County Ground,England,New Zealand,bowl,Pakistan,269,8,207,8
ODI,India,England,Edgbaston,England,England,bowl,India,232,8,169,10
ODI,Zimbabwe,South Africa,County Ground,England,Zimbabwe,bat,Zimbabwe,233,6,185,10
ODI,Sri Lanka,Kenya,County Ground,England,Kenya,bowl,Sri Lanka,275,8,230,6
ODI,West Indies,Australia,Old Trafford,England,Australia,bowl,Australia,110,10,111,4
ODI,Bangladesh,Pakistan,County Ground,England,Pakistan,bowl,Bangladesh,223,9,161,10
ODI,Scotland,New Zealand,Grange Cricket Club Ground,Scotland,New Zealand,bowl,New Zealand,121,10,123,4
ODI,Australia,India,Kennington Oval,England,India,bowl,Australia,282,6,205,10
ODI,Pakistan,South Africa,Trent Bridge,England,Pakistan,bat,South Africa,220,7,221,7
ODI,Zimbabwe,New Zealand,Headingley,England,Zimbabwe,bat,0,175,10,70,3
ODI,India,Pakistan,Old Trafford,England,India,bat,India,227,6,180,10
ODI,Australia,Zimbabwe,Lord's,England,Zimbabwe,bowl,Australia,303,4,259,6
ODI,South Africa,New Zealand,Edgbaston,England,South Africa,bat,South Africa,287,5,213,8
ODI,Pakistan,Zimbabwe,Kennington Oval,England,Pakistan,bat,Pakistan,271,9,123,10
ODI,India,New Zealand,Trent Bridge,England,India,bat,New Zealand,251,6,253,5
ODI,South Africa,Australia,Headingley,England,South Africa,bat,Australia,271,7,272,5
ODI,New Zealand,Pakistan,Old Trafford,England,New Zealand,bat,Pakistan,241,7,242,1
ODI,Australia,South Africa,Edgbaston,England,South Africa,bowl,0,213,10,213,10
ODI,Pakistan,Australia,Lord's,England,Pakistan,bat,Australia,132,10,133,2
ODI,Australia,Sri Lanka,Galle International Stadium,Sri Lanka,Sri Lanka,bowl,Australia,205,9,160,10
ODI,India,Australia,Galle International Stadium,Sri Lanka,India,bat,Australia,151,7,159,2
ODI,India,Sri Lanka,R Premadasa Stadium,Sri Lanka,India,bat,Sri Lanka,205,8,206,3
ODI,Australia,Sri Lanka,R Premadasa Stadium,Sri Lanka,Australia,bat,Australia,241,9,214,10
ODI,Australia,India,Sinhalese Sports Club Ground,Sri Lanka,India,bowl,Australia,252,8,211,10
ODI,India,Sri Lanka,Sinhalese Sports Club Ground,Sri Lanka,Sri Lanka,bowl,India,296,4,247,9
ODI,Australia,Sri Lanka,R Premadasa Stadium,Sri Lanka,Australia,bat,Sri Lanka,202,10,208,2
ODI,Zimbabwe,West Indies,Kallang Ground,Singapore,Zimbabwe,bat,West Indies,244,9,247,4
ODI,India,Zimbabwe,Kallang Ground,Singapore,Zimbabwe,bowl,India,245,6,130,8
ODI,West Indies,India,Kallang Ground,Singapore,West Indies,bat,West Indies,196,7,154,8
ODI,India,West Indies,Kallang Ground,Singapore,India,bat,0,149,6,0,0
ODI,India,West Indies,Kallang Ground,Singapore,West Indies,bowl,West Indies,254,6,255,6
ODI,West Indies,India,Toronto Cricket,Canada,India,bowl,India,163,10,165,2
ODI,West Indies,India,Toronto Cricket,Canada,West Indies,bat,West Indies,190,6,120,10
ODI,India,West Indies,Toronto Cricket,Canada,West Indies,bowl,India,225,7,137,10
ODI,Pakistan,West Indies,Toronto Cricket,Canada,Pakistan,bat,Pakistan,230,6,215,9
ODI,Pakistan,West Indies,Toronto Cricket,Canada,Pakistan,bat,Pakistan,222,5,180,10
ODI,West Indies,Pakistan,Toronto Cricket,Canada,West Indies,bat,Pakistan,161,10,162,3
ODI,Kenya,Zimbabwe,Gymkhana Club Ground,Kenya,Zimbabwe,bowl,Zimbabwe,199,8,200,7
ODI,South Africa,India,Gymkhana Club Ground,Kenya,South Africa,bat,India,117,10,120,2
ODI,Zimbabwe,South Africa,Gymkhana Club Ground,Kenya,South Africa,bowl,South Africa,216,10,217,1
ODI,India,Kenya,Gymkhana Club Ground,Kenya,Kenya,bowl,India,220,7,162,10
ODI,South Africa,Kenya,Gymkhana Club Ground,Kenya,Kenya,bowl,South Africa,220,7,196,10
ODI,India,Zimbabwe,Gymkhana Club Ground,Kenya,Zimbabwe,bowl,India,277,6,170,10
ODI,South Africa,India,Gymkhana Club Ground,Kenya,India,bowl,South Africa,235,9,209,10
ODI,West Indies,Bangladesh,Bangabandhu National Stadium,Bangladesh,West Indies,bat,West Indies,292,6,219,5
ODI,West Indies,Bangladesh,Bangabandhu National Stadium,Bangladesh,West Indies,bat,West Indies,314,6,205,10
ODI,Sri Lanka,West Indies,Sharjah Cricket Association Stadium,United Arab Emirates,Sri Lanka,bat,West Indies,178,10,181,7
ODI,Pakistan,West Indies,Sharjah Cricket Association Stadium,United Arab Emirates,Pakistan,bat,Pakistan,260,5,130,9
ODI,Pakistan,Sri Lanka,Sharjah Cricket Association Stadium,United Arab Emirates,Pakistan,bat,0,196,10,196,10
ODI,West Indies,Sri Lanka,Sharjah Cricket Association Stadium,United Arab Emirates,West Indies,bat,Sri Lanka,145,10,146,1
ODI,Pakistan,Sri Lanka,Sharjah Cricket Association Stadium,United Arab Emirates,Pakistan,bat,Pakistan,239,8,121,10
ODI,Pakistan,West Indies,Sharjah Cricket Association Stadium,United Arab Emirates,Pakistan,bat,Pakistan,255,5,117,10
ODI,Australia,Zimbabwe,Queens Sports Club,Zimbabwe,Zimbabwe,bowl,Australia,303,6,220,10
ODI,Pakistan,Sri Lanka,Sharjah Cricket Association Stadium,United Arab Emirates,Pakistan,bat,Pakistan,211,9,123,10
ODI,Zimbabwe,Australia,Harare Sports Club,Zimbabwe,Australia,bowl,Australia,116,10,117,1
ODI,Zimbabwe,Australia,Harare Sports Club,Zimbabwe,Australia,bowl,Australia,200,9,201,1
ODI,New Zealand,India,Municipal Stadium,India,New Zealand,bat,New Zealand,349,9,306,10
ODI,India,New Zealand,Lal Bahadur Shastri Stadium,India,India,bat,India,376,2,202,10
ODI,India,New Zealand,Captain Roop Singh Stadium,India,India,bat,India,261,5,247,8
ODI,New Zealand,India,Nehru Stadium,India,India,bowl,New Zealand,236,9,188,10
ODI,New Zealand,India,Feroz Shah Kotla,India,New Zealand,bat,India,179,9,181,3
ODI,Sri Lanka,Zimbabwe,Queens Sports Club,Zimbabwe,Zimbabwe,bowl,0,284,9,65,1
ODI,Sri Lanka,Zimbabwe,Queens Sports Club,Zimbabwe,Zimbabwe,bowl,Sri Lanka,213,10,200,10
ODI,Sri Lanka,Zimbabwe,Harare Sports Club,Zimbabwe,Zimbabwe,bowl,Sri Lanka,248,7,150,10
ODI,Zimbabwe,Sri Lanka,Harare Sports Club,Zimbabwe,Zimbabwe,bat,Sri Lanka,260,4,262,4
ODI,Sri Lanka,Zimbabwe,Harare Sports Club,Zimbabwe,Sri Lanka,bat,Zimbabwe,202,10,206,4
ODI,West Indies,New Zealand,Eden Park,New Zealand,West Indies,bat,New Zealand,268,7,250,7
ODI,West Indies,New Zealand,Owen Delany Park,New Zealand,New Zealand,bowl,New Zealand,192,10,194,3
ODI,West Indies,New Zealand,McLean Park,New Zealand,West Indies,bat,New Zealand,159,10,160,6
ODI,West Indies,New Zealand,WestpacTrust Stadium,New Zealand,New Zealand,bowl,New Zealand,171,9,172,2
ODI,Pakistan,Australia,Brisbane Cricket Ground,Australia,Pakistan,bat,Pakistan,184,8,139,10
ODI,India,Pakistan,Brisbane Cricket Ground,Australia,India,bat,Pakistan,195,10,196,8
ODI,New Zealand,West Indies,Jade Stadium,New Zealand,New Zealand,bat,New Zealand,302,6,282,10
ODI,Australia,India,Melbourne Cricket Ground,Australia,Australia,bat,Australia,269,7,241,6
ODI,India,Australia,Sydney Cricket Ground,Australia,India,bat,Australia,100,10,101,5
ODI,Pakistan,Australia,Melbourne Cricket Ground,Australia,Australia,bowl,Australia,176,9,177,4
ODI,Australia,Pakistan,Sydney Cricket Ground,Australia,Australia,bat,Australia,286,10,205,10
ODI,Pakistan,India,Bellerive Oval,Australia,India,bowl,Pakistan,262,7,230,10
ODI,Zimbabwe,South Africa,New Wanderers Stadium,South Africa,Zimbabwe,bat,South Africa,226,10,229,4
ODI,Australia,Pakistan,Melbourne Cricket Ground,Australia,Australia,bat,Australia,260,9,245,10
ODI,South Africa,England,Goodyear Park,South Africa,South Africa,bat,England,184,10,185,1
ODI,India,Pakistan,Adelaide Oval,Australia,India,bat,India,267,6,219,10
ODI,Australia,India,Adelaide Oval,Australia,Australia,bat,Australia,329,5,177,10
ODI,South Africa,England,Newlands,South Africa,South Africa,bat,South Africa,204,7,203,9
ODI,Pakistan,India,Western Australia Cricket Association Ground,Australia,Pakistan,bat,Pakistan,261,8,157,10
ODI,Zimbabwe,England,Newlands,South Africa,Zimbabwe,bat,Zimbabwe,211,7,107,10
ODI,India,Australia,Western Australia Cricket Association Ground,Australia,India,bat,Australia,226,6,230,6
ODI,Zimbabwe,England,De Beers Diamond Oval,South Africa,Zimbabwe,bat,England,161,9,162,2
ODI,Pakistan,Australia,Melbourne Cricket Ground,Australia,Pakistan,bat,Australia,154,10,155,4
ODI,South Africa,Zimbabwe,Kingsmead,South Africa,South Africa,bat,Zimbabwe,222,7,223,8
ODI,Australia,Pakistan,Sydney Cricket Ground,Australia,Australia,bat,Australia,337,7,185,10
ODI,England,South Africa,Buffalo Park,South Africa,South Africa,bowl,South Africa,231,6,233,8
ODI,South Africa,Zimbabwe,Crusaders Ground,South Africa,South Africa,bat,South Africa,204,7,151,10
ODI,Sri Lanka,Pakistan,National Stadium,Pakistan,Pakistan,bowl,Sri Lanka,274,8,245,10
ODI,South Africa,England,New Wanderers Stadium,South Africa,England,bowl,South Africa,149,10,111,10
ODI,Sri Lanka,Pakistan,Jinnah Stadium,Pakistan,Pakistan,bowl,Sri Lanka,263,6,229,10
ODI,Zimbabwe,England,Queens Sports Club,Zimbabwe,Zimbabwe,bat,England,194,7,199,5
ODI,Australia,New Zealand,WestpacTrust Stadium,New Zealand,New Zealand,bowl,0,119,1,0,0
ODI,Zimbabwe,England,Queens Sports Club,Zimbabwe,England,bowl,England,131,10,134,9
ODI,New Zealand,Australia,Eden Park,New Zealand,New Zealand,bat,Australia,122,10,123,5
ODI,Sri Lanka,Pakistan,Gaddafi Stadium,Pakistan,Pakistan,bowl,Sri Lanka,241,9,137,9
ODI,England,Zimbabwe,Harare Sports Club,Zimbabwe,Zimbabwe,bowl,England,248,7,163,10
ODI,Australia,New Zealand,Carisbrook,New Zealand,New Zealand,bowl,Australia,310,4,260,10
ODI,Australia,New Zealand,Jade Stadium,New Zealand,New Zealand,bowl,Australia,349,6,301,9
ODI,New Zealand,Australia,McLean Park,New Zealand,Australia,bowl,Australia,243,9,245,5
ODI,Australia,New Zealand,Eden Park,New Zealand,Australia,bat,New Zealand,191,10,194,3
ODI,South Africa,India,Nehru Stadium,India,South Africa,bat,India,301,3,302,7
ODI,South Africa,India,Keenan Stadium,India,South Africa,bat,India,199,10,203,4
ODI,India,South Africa,Nahar Singh Stadium,India,South Africa,bowl,South Africa,248,8,251,8
ODI,South Africa,India,Indian Petrochemicals Corporation Limited Sports Complex Ground,India,South Africa,bat,India,282,5,283,6
ODI,South Africa,India,Vidarbha Cricket Association Ground,India,India,bowl,South Africa,320,7,310,10
ODI,India,South Africa,Sharjah Cricket Association Stadium,United Arab Emirates,India,bat,South Africa,164,10,168,0
ODI,New Zealand,Zimbabwe,Queens Sports Club,Zimbabwe,New Zealand,bat,Zimbabwe,264,8,268,4
ODI,Pakistan,India,Sharjah Cricket Association Stadium,United Arab Emirates,Pakistan,bat,India,146,10,149,5
ODI,Pakistan,South Africa,Sharjah Cricket Association Stadium,United Arab Emirates,Pakistan,bat,South Africa,196,8,199,7
ODI,Pakistan,India,Sharjah Cricket Association Stadium,United Arab Emirates,Pakistan,bat,Pakistan,272,3,174,9
ODI,India,South Africa,Sharjah Cricket Association Stadium,United Arab Emirates,India,bat,South Africa,164,10,167,4
ODI,Pakistan,South Africa,Sharjah Cricket Association Stadium,United Arab Emirates,Pakistan,bat,Pakistan,168,10,101,9
ODI,Pakistan,South Africa,Sharjah Cricket Association Stadium,United Arab Emirates,Pakistan,bat,Pakistan,263,6,247,10
ODI,West Indies,Zimbabwe,Sabina Park,West Indies,Zimbabwe,bowl,West Indies,237,9,150,10
ODI,West Indies,Zimbabwe,Sabina Park,West Indies,West Indies,bat,West Indies,280,3,239,8
ODI,Zimbabwe,Pakistan,Antigua Recreation Ground,West Indies,Zimbabwe,bat,Pakistan,199,9,200,5
ODI,Australia,South Africa,Kingsmead,South Africa,South Africa,bowl,South Africa,240,9,241,4
ODI,West Indies,Pakistan,Arnos Vale Ground,West Indies,West Indies,bat,West Indies,213,7,117,10
ODI,South Africa,Australia,Newlands,South Africa,Australia,bowl,Australia,144,9,145,5
ODI,Kenya,India,Gymkhana Club Ground,Kenya,India,bowl,India,208,9,209,2
ODI,Zimbabwe,Pakistan,Queen's Park (New),West Indies,Zimbabwe,bat,Pakistan,204,7,205,4
ODI,Australia,South Africa,New Wanderers Stadium,South Africa,South Africa,bowl,South Africa,205,10,209,6
ODI,West Indies,Pakistan,Queen's Park (New),West Indies,West Indies,bat,West Indies,248,6,231,10
ODI,Pakistan,West Indies,Kensington Oval,West Indies,Pakistan,bat,Pakistan,197,8,180,10
ODI,West Indies,Pakistan,Queen's Park Oval,West Indies,West Indies,bat,West Indies,208,8,148,10
ODI,West Indies,Pakistan,Queen's Park Oval,West Indies,West Indies,bat,Pakistan,114,10,116,6
ODI,Bangladesh,Sri Lanka,Bangabandhu National Stadium,Bangladesh,Sri Lanka,bowl,Sri Lanka,175,6,178,1
ODI,Bangladesh,India,Bangabandhu National Stadium,Bangladesh,Bangladesh,bat,India,249,6,252,2
ODI,Sri Lanka,India,Bangabandhu National Stadium,Bangladesh,Sri Lanka,bat,Sri Lanka,276,8,205,10
ODI,Pakistan,Bangladesh,Bangabandhu National Stadium,Bangladesh,Pakistan,bat,Pakistan,320,3,87,9
ODI,Pakistan,India,Bangabandhu National Stadium,Bangladesh,Pakistan,bat,Pakistan,295,7,251,10
ODI,Sri Lanka,Pakistan,Bangabandhu National Stadium,Bangladesh,Sri Lanka,bat,Pakistan,192,10,193,3
ODI,Pakistan,Sri Lanka,Bangabandhu National Stadium,Bangladesh,Pakistan,bat,Pakistan,277,4,238,9
ODI,Pakistan,Sri Lanka,Galle International Stadium,Sri Lanka,Sri Lanka,bowl,Sri Lanka,164,8,166,5
ODI,Sri Lanka,South Africa,Galle International Stadium,Sri Lanka,South Africa,bowl,Sri Lanka,249,7,212,10
ODI,West Indies,Zimbabwe,The Royal & Sun Alliance County Ground,England,West Indies,bat,Zimbabwe,232,7,233,4
ODI,South Africa,Pakistan,R Premadasa Stadium,Sri Lanka,South Africa,bat,South Africa,241,6,223,9
ODI,England,Zimbabwe,Kennington Oval,England,England,bat,Zimbabwe,207,10,210,5
ODI,Pakistan,Sri Lanka,R Premadasa Stadium,Sri Lanka,Pakistan,bat,Sri Lanka,240,6,244,4
ODI,England,West Indies,Lord's,England,West Indies,bowl,0,158,8,0,0
ODI,South Africa,Sri Lanka,Sinhalese Sports Club Ground,Sri Lanka,Sri Lanka,bowl,Sri Lanka,167,10,168,2
ODI,Zimbabwe,West Indies,St Lawrence Ground,England,West Indies,bowl,Zimbabwe,256,4,186,8
ODI,Pakistan,South Africa,Sinhalese Sports Club Ground,Sri Lanka,Pakistan,bat,South Africa,153,10,156,3
ODI,Zimbabwe,England,Old Trafford,England,Zimbabwe,bat,England,114,10,115,2
ODI,Sri Lanka,South Africa,R Premadasa Stadium,Sri Lanka,Sri Lanka,bat,Sri Lanka,294,7,264,9
ODI,West Indies,England,Riverside Ground,England,England,bowl,England,169,8,171,0
ODI,West Indies,Zimbabwe,Riverside Ground,England,West Indies,bat,Zimbabwe,287,5,290,4
ODI,England,Zimbabwe,Edgbaston,England,England,bat,England,262,8,210,9
ODI,West Indies,England,Trent Bridge,England,England,bowl,West Indies,195,9,192,10
ODI,Zimbabwe,England,Lord's,England,England,bowl,England,169,7,170,4
ODI,Australia,South Africa,Docklands Stadium,Australia,South Africa,bowl,Australia,295,5,201,7
ODI,South Africa,Australia,Docklands Stadium,Australia,South Africa,bat,0,226,8,226,9
ODI,South Africa,Australia,Docklands Stadium,Australia,South Africa,bat,South Africa,206,7,198,9
ODI,Pakistan,New Zealand,Kallang Ground,Singapore,New Zealand,bowl,Pakistan,191,6,179,10
ODI,Pakistan,South Africa,Kallang Ground,Singapore,Pakistan,bat,Pakistan,227,9,199,10
ODI,New Zealand,South Africa,Kallang Ground,Singapore,New Zealand,bat,South Africa,158,10,159,2
ODI,South Africa,Pakistan,Kallang Ground,Singapore,South Africa,bat,South Africa,197,7,121,10
ODI,Zimbabwe,New Zealand,Harare Sports Club,Zimbabwe,New Zealand,bowl,New Zealand,183,8,184,3
ODI,Zimbabwe,New Zealand,Queens Sports Club,Zimbabwe,New Zealand,bowl,Zimbabwe,273,5,252,10
ODI,Sri Lanka,West Indies,Gymkhana Club Ground,Kenya,West Indies,bowl,Sri Lanka,287,6,179,10
ODI,Bangladesh,England,Gymkhana Club Ground,Kenya,Bangladesh,bat,England,232,8,236,2
ODI,India,Australia,Gymkhana Club Ground,Kenya,Australia,bowl,India,265,9,245,10
ODI,Sri Lanka,Pakistan,Gymkhana Club Ground,Kenya,Sri Lanka,bat,Pakistan,194,10,195,1
ODI,New Zealand,Zimbabwe,Gymkhana Club Ground,Kenya,Zimbabwe,bowl,New Zealand,265,7,201,10
ODI,England,South Africa,Gymkhana Club Ground,Kenya,England,bat,South Africa,182,10,184,2
ODI,Pakistan,New Zealand,Gymkhana Club Ground,Kenya,Pakistan,bat,New Zealand,252,10,255,6
ODI,India,South Africa,Gymkhana Club Ground,Kenya,India,bat,India,295,6,200,10
ODI,India,New Zealand,Gymkhana Club Ground,Kenya,New Zealand,bowl,New Zealand,264,6,265,6
ODI,India,Sri Lanka,Sharjah Cricket Association Stadium,United Arab Emirates,India,bat,Sri Lanka,224,8,225,5
ODI,South Africa,New Zealand,North West Cricket Stadium,South Africa,New Zealand,bowl,0,191,2,0,0
ODI,Zimbabwe,Sri Lanka,Sharjah Cricket Association Stadium,United Arab Emirates,Sri Lanka,bowl,Sri Lanka,225,4,229,3
ODI,New Zealand,South Africa,Willowmoore Park,South Africa,New Zealand,bat,South Africa,194,8,197,4
ODI,India,Zimbabwe,Sharjah Cricket Association Stadium,United Arab Emirates,Zimbabwe,bowl,India,265,8,252,6
ODI,Pakistan,England,National Stadium,Pakistan,Pakistan,bat,England,304,9,306,5
ODI,Sri Lanka,Zimbabwe,Sharjah Cricket Association Stadium,United Arab Emirates,Zimbabwe,bowl,Sri Lanka,276,9,153,10
ODI,South Africa,New Zealand,SuperSport Park,South Africa,New Zealand,bowl,South Africa,324,4,189,10
ODI,Zimbabwe,India,Sharjah Cricket Association Stadium,United Arab Emirates,India,bowl,India,218,9,219,7
ODI,England,Pakistan,Gaddafi Stadium,Pakistan,Pakistan,bowl,Pakistan,211,9,214,2
ODI,Sri Lanka,India,Sharjah Cricket Association Stadium,United Arab Emirates,India,bowl,Sri Lanka,294,5,226,10
ODI,New Zealand,South Africa,De Beers Diamond Oval,South Africa,South Africa,bowl,South Africa,287,6,289,5
ODI,Sri Lanka,India,Sharjah Cricket Association Stadium,United Arab Emirates,Sri Lanka,bat,Sri Lanka,299,5,54,10
ODI,England,Pakistan,Rawalpindi Cricket Stadium,Pakistan,Pakistan,bowl,Pakistan,158,10,161,4
ODI,New Zealand,South Africa,Kingsmead,South Africa,South Africa,bowl,South Africa,114,5,158,4
ODI,New Zealand,South Africa,Newlands,South Africa,South Africa,bowl,South Africa,256,9,258,7
ODI,Zimbabwe,India,Barabati Stadium,India,Zimbabwe,bat,India,253,7,255,7
ODI,India,Zimbabwe,Sardar Patel Stadium,India,India,bat,India,306,5,245,8
ODI,India,Zimbabwe,Barkatullah Khan Stadium,India,India,bat,Zimbabwe,283,8,284,9
ODI,Zimbabwe,India,Green Park,India,Zimbabwe,bat,India,165,10,166,1
ODI,India,Zimbabwe,Municipal Stadium,India,Zimbabwe,bowl,India,301,6,262,10
ODI,Sri Lanka,South Africa,Crusaders Ground,South Africa,Sri Lanka,bat,South Africa,221,10,223,6
ODI,South Africa,Sri Lanka,Buffalo Park,South Africa,South Africa,bat,South Africa,302,7,207,6
ODI,Zimbabwe,New Zealand,Owen Delany Park,New Zealand,New Zealand,bowl,Zimbabwe,300,7,210,10
ODI,Zimbabwe,New Zealand,WestpacTrust Stadium,New Zealand,Zimbabwe,bat,New Zealand,236,7,237,2
ODI,New Zealand,Zimbabwe,Eden Park,New Zealand,Zimbabwe,bowl,Zimbabwe,273,9,274,9
ODI,Sri Lanka,South Africa,Boland Bank Park,South Africa,Sri Lanka,bat,South Africa,247,4,250,2
ODI,Australia,West Indies,Melbourne Cricket Ground,Australia,Australia,bat,Australia,267,6,193,7
ODI,South Africa,Sri Lanka,Newlands,South Africa,South Africa,bat,South Africa,290,7,191,10
ODI,Zimbabwe,West Indies,Brisbane Cricket Ground,Australia,Zimbabwe,bat,West Indies,240,9,241,9
ODI,West Indies,Australia,Brisbane Cricket Ground,Australia,West Indies,bat,Australia,234,8,236,1
ODI,Sri Lanka,South Africa,Goodyear Park,South Africa,South Africa,bowl,South Africa,206,10,207,5
ODI,Australia,West Indies,Sydney Cricket Ground,Australia,West Indies,bowl,Australia,277,4,211,8
ODI,Sri Lanka,South Africa,New Wanderers Stadium,South Africa,South Africa,bowl,Sri Lanka,214,6,204,10
ODI,Zimbabwe,Australia,Melbourne Cricket Ground,Australia,Zimbabwe,bat,Australia,223,9,226,2
ODI,Zimbabwe,West Indies,Sydney Cricket Ground,Australia,West Indies,bowl,Zimbabwe,138,10,91,10
ODI,West Indies,Zimbabwe,Adelaide Oval,Australia,West Indies,bat,West Indies,235,6,175,10
ODI,West Indies,Australia,Adelaide Oval,Australia,West Indies,bat,Australia,123,10,124,0
ODI,Australia,Zimbabwe,Sydney Cricket Ground,Australia,Australia,bat,Australia,291,6,205,10
ODI,Zimbabwe,Australia,Bellerive Oval,Australia,Australia,bowl,Australia,279,6,282,4
ODI,Sri Lanka,New Zealand,McLean Park,New Zealand,Sri Lanka,bat,Sri Lanka,213,8,152,10
ODI,West Indies,Zimbabwe,Western Australia Cricket Association Ground,Australia,West Indies,bat,West Indies,178,10,134,10
ODI,New Zealand,Sri Lanka,WestpacTrust Stadium,New Zealand,New Zealand,bat,Sri Lanka,205,8,209,7
ODI,Australia,Zimbabwe,Western Australia Cricket Association Ground,Australia,Australia,bat,Australia,302,5,301,6
ODI,New Zealand,Sri Lanka,Eden Park,New Zealand,Sri Lanka,bowl,Sri Lanka,181,10,182,1
ODI,Australia,West Indies,Sydney Cricket Ground,Australia,West Indies,bowl,Australia,253,9,119,10
ODI,New Zealand,Sri Lanka,WestpacTrust Park,New Zealand,Sri Lanka,bowl,Sri Lanka,182,9,155,5
ODI,Australia,West Indies,Melbourne Cricket Ground,Australia,West Indies,bowl,Australia,338,6,299,10
ODI,New Zealand,Sri Lanka,Jade Stadium,New Zealand,Sri Lanka,bowl,New Zealand,282,6,269,10
ODI,New Zealand,Pakistan,Eden Park,New Zealand,Pakistan,bowl,Pakistan,149,10,150,4
ODI,Pakistan,New Zealand,McLean Park,New Zealand,New Zealand,bowl,New Zealand,135,10,136,4
ODI,Pakistan,New Zealand,WestpacTrust Stadium,New Zealand,New Zealand,bowl,Pakistan,243,9,215,10
ODI,New Zealand,Pakistan,Jade Stadium,New Zealand,Pakistan,bowl,New Zealand,284,5,146,10
ODI,Pakistan,New Zealand,Carisbrook,New Zealand,Pakistan,bat,New Zealand,285,10,290,6
ODI,England,Sri Lanka,Rangiri Dambulla International Stadium,Sri Lanka,England,bat,Sri Lanka,143,10,144,5
ODI,Sri Lanka,England,R Premadasa Stadium,Sri Lanka,Sri Lanka,bat,Sri Lanka,226,6,160,10
ODI,India,Australia,M Chinnaswamy Stadium,India,India,bat,India,315,10,255,10
ODI,England,Sri Lanka,Sinhalese Sports Club Ground,Sri Lanka,Sri Lanka,bowl,Sri Lanka,165,9,166,0
ODI,India,Australia,Nehru Stadium,India,India,bat,Australia,248,9,249,2
ODI,India,Australia,Nehru Stadium,India,Australia,bowl,India,299,8,181,10
ODI,Australia,India,Indira Priyadarshini Stadium,India,Australia,bat,Australia,338,4,245,10
ODI,India,Australia,Nehru Stadium,India,India,bat,Australia,265,6,269,6
ODI,Bangladesh,Zimbabwe,Harare Sports Club,Zimbabwe,Bangladesh,bat,Zimbabwe,151,8,155,3
ODI,Zimbabwe,Bangladesh,Harare Sports Club,Zimbabwe,Bangladesh,bowl,Zimbabwe,230,7,103,10
ODI,Pakistan,Sri Lanka,Sharjah Cricket Association Stadium,United Arab Emirates,Pakistan,bat,Pakistan,255,9,239,10
ODI,Sri Lanka,New Zealand,Sharjah Cricket Association Stadium,United Arab Emirates,Sri Lanka,bat,Sri Lanka,269,9,163,10
ODI,Zimbabwe,Bangladesh,Queens Sports Club,Zimbabwe,Zimbabwe,bat,Zimbabwe,308,4,272,8
ODI,New Zealand,Pakistan,Sharjah Cricket Association Stadium,United Arab Emirates,New Zealand,bat,Pakistan,266,7,270,2
ODI,Pakistan,Sri Lanka,Sharjah Cricket Association Stadium,United Arab Emirates,Pakistan,bat,Pakistan,278,9,250,8
ODI,New Zealand,Pakistan,Sharjah Cricket Association Stadium,United Arab Emirates,New Zealand,bat,Pakistan,127,10,131,3
ODI,New Zealand,Sri Lanka,Sharjah Cricket Association Stadium,United Arab Emirates,Sri Lanka,bowl,New Zealand,248,6,169,8
ODI,Sri Lanka,Pakistan,Sharjah Cricket Association Stadium,United Arab Emirates,Sri Lanka,bat,Sri Lanka,297,7,220,10
ODI,South Africa,West Indies,Sabina Park,West Indies,West Indies,bowl,West Indies,200,10,202,7
ODI,West Indies,South Africa,Antigua Recreation Ground,West Indies,South Africa,bowl,South Africa,220,8,221,2
ODI,South Africa,West Indies,Queen's Park (New),West Indies,West Indies,bowl,South Africa,287,4,155,10
ODI,West Indies,South Africa,Queen's Park (New),West Indies,South Africa,bowl,South Africa,200,10,201,2
ODI,West Indies,South Africa,Kensington Oval,West Indies,South Africa,bowl,South Africa,199,10,202,3
ODI,South Africa,West Indies,Queen's Park Oval,West Indies,West Indies,bowl,South Africa,190,10,137,10
ODI,South Africa,West Indies,Arnos Vale Ground,West Indies,South Africa,bat,West Indies,163,7,164,4
ODI,Pakistan,England,Edgbaston,England,Pakistan,bat,Pakistan,273,6,165,10
ODI,Pakistan,Australia,Sophia Gardens,England,Pakistan,bat,Australia,257,10,258,3
ODI,England,Australia,The Royal & Sun Alliance County Ground,England,England,bat,Australia,268,4,272,5
ODI,Pakistan,England,Lord's,England,England,bowl,Pakistan,242,8,240,10
ODI,Australia,England,Old Trafford,England,Australia,bat,Australia,208,7,86,10
ODI,England,Pakistan,Headingley,England,Pakistan,bowl,Pakistan,156,10,153,4
ODI,Pakistan,Australia,Trent Bridge,England,Pakistan,bat,Pakistan,290,9,254,10
ODI,England,Australia,Kennington Oval,England,England,bat,Australia,176,10,177,2
ODI,West Indies,Zimbabwe,Harare Sports Club,Zimbabwe,Zimbabwe,bowl,West Indies,266,5,239,9
ODI,Pakistan,Australia,Lord's,England,Pakistan,bat,Australia,152,10,156,1
ODI,Zimbabwe,India,Harare Sports Club,Zimbabwe,India,bowl,India,133,10,137,1
ODI,Zimbabwe,India,Queens Sports Club,Zimbabwe,India,bowl,India,234,6,237,6
ODI,West Indies,India,Queens Sports Club,Zimbabwe,India,bowl,India,169,7,170,4
ODI,Zimbabwe,West Indies,Queens Sports Club,Zimbabwe,West Indies,bowl,West Indies,255,5,258,5
ODI,West Indies,India,Harare Sports Club,Zimbabwe,India,bowl,India,229,5,230,4
ODI,West Indies,India,Harare Sports Club,Zimbabwe,India,bowl,West Indies,290,6,274,8
ODI,Sri Lanka,New Zealand,R Premadasa Stadium,Sri Lanka,Sri Lanka,bat,Sri Lanka,220,10,204,9
ODI,New Zealand,India,R Premadasa Stadium,Sri Lanka,New Zealand,bat,New Zealand,211,8,127,10
ODI,Sri Lanka,India,R Premadasa Stadium,Sri Lanka,Sri Lanka,bat,Sri Lanka,221,9,215,7
ODI,New Zealand,Sri Lanka,R Premadasa Stadium,Sri Lanka,New Zealand,bat,Sri Lanka,236,8,240,5
ODI,New Zealand,India,R Premadasa Stadium,Sri Lanka,India,bowl,New Zealand,200,10,133,10
ODI,Sri Lanka,India,R Premadasa Stadium,Sri Lanka,Sri Lanka,bat,India,183,10,184,3
ODI,Sri Lanka,New Zealand,Sinhalese Sports Club Ground,Sri Lanka,New Zealand,bowl,Sri Lanka,221,6,115,9
ODI,India,Sri Lanka,Sinhalese Sports Club Ground,Sri Lanka,Sri Lanka,bowl,India,227,8,181,10
ODI,New Zealand,India,Sinhalese Sports Club Ground,Sri Lanka,New Zealand,bat,India,264,7,267,3
ODI,Sri Lanka,India,R Premadasa Stadium,Sri Lanka,Sri Lanka,bat,Sri Lanka,295,5,174,10
ODI,West Indies,Kenya,Simba Union Ground,Kenya,Kenya,bowl,West Indies,311,4,205,10
ODI,Kenya,West Indies,Gymkhana Club Ground,Kenya,Kenya,bat,West Indies,192,10,193,4
ODI,Kenya,West Indies,Gymkhana Club Ground,Kenya,Kenya,bat,West Indies,232,7,234,3
ODI,South Africa,Zimbabwe,Queens Sports Club,Zimbabwe,South Africa,bat,South Africa,363,3,210,5
ODI,South Africa,Zimbabwe,Harare Sports Club,Zimbabwe,South Africa,bat,South Africa,272,7,124,10
ODI,Zimbabwe,South Africa,Harare Sports Club,Zimbabwe,Zimbabwe,bat,South Africa,184,6,188,4
ODI,Zimbabwe,England,Harare Sports Club,Zimbabwe,Zimbabwe,bat,England,206,10,210,5
ODI,India,South Africa,New Wanderers Stadium,South Africa,South Africa,bowl,South Africa,279,5,280,4
ODI,Zimbabwe,England,Harare Sports Club,Zimbabwe,Zimbabwe,bat,England,195,10,196,2
ODI,Zimbabwe,England,Harare Sports Club,Zimbabwe,Zimbabwe,bat,England,261,8,265,6
ODI,Kenya,South Africa,Willowmoore Park,South Africa,Kenya,bat,South Africa,159,7,160,3
ODI,England,Zimbabwe,Queens Sports Club,Zimbabwe,England,bat,England,280,9,210,10
ODI,India,South Africa,SuperSport Park,South Africa,India,bat,India,233,10,192,10
ODI,Kenya,India,Goodyear Park,South Africa,Kenya,bat,India,90,10,91,0
ODI,Zimbabwe,England,Queens Sports Club,Zimbabwe,Zimbabwe,bat,England,228,10,229,3
ODI,Kenya,South Africa,De Beers Diamond Oval,South Africa,Kenya,bat,South Africa,229,7,230,1
ODI,Kenya,India,Crusaders Ground,South Africa,Kenya,bat,Kenya,246,6,176,10
ODI,South Africa,India,Buffalo Park,South Africa,South Africa,bat,South Africa,282,4,236,10
ODI,South Africa,Kenya,Newlands,South Africa,South Africa,bat,South Africa,354,3,146,10
ODI,India,Kenya,Boland Bank Park,South Africa,India,bat,India,351,3,165,5
ODI,Sri Lanka,Zimbabwe,Sharjah Cricket Association Stadium,United Arab Emirates,Sri Lanka,bat,Sri Lanka,256,6,193,10
ODI,India,South Africa,Kingsmead,South Africa,South Africa,bowl,South Africa,183,10,187,4
ODI,Pakistan,Sri Lanka,Sharjah Cricket Association Stadium,United Arab Emirates,Pakistan,bat,Sri Lanka,176,10,177,3
ODI,Pakistan,Zimbabwe,Sharjah Cricket Association Stadium,United Arab Emirates,Pakistan,bat,Pakistan,279,6,173,10
ODI,Sri Lanka,Zimbabwe,Sharjah Cricket Association Stadium,United Arab Emirates,Sri Lanka,bat,Sri Lanka,250,10,171,8
ODI,Pakistan,Zimbabwe,Sharjah Cricket Association Stadium,United Arab Emirates,Pakistan,bat,Pakistan,261,9,232,10
ODI,Sri Lanka,Pakistan,Sharjah Cricket Association Stadium,United Arab Emirates,Sri Lanka,bat,Pakistan,272,9,273,3
ODI,Sri Lanka,Pakistan,Sharjah Cricket Association Stadium,United Arab Emirates,Sri Lanka,bat,Pakistan,173,10,177,5
ODI,Bangladesh,Zimbabwe,Chittagong Stadium,Bangladesh,Zimbabwe,bowl,Zimbabwe,156,10,161,5
ODI,Zimbabwe,Bangladesh,Bangabandhu National Stadium,Bangladesh,Zimbabwe,bat,Zimbabwe,309,6,267,9
ODI,Bangladesh,Zimbabwe,Bangabandhu National Stadium,Bangladesh,Bangladesh,bat,Zimbabwe,215,10,219,3
ODI,Zimbabwe,Sri Lanka,Sinhalese Sports Club Ground,Sri Lanka,Sri Lanka,bowl,Sri Lanka,38,10,40,1
ODI,West Indies,Zimbabwe,Sinhalese Sports Club Ground,Sri Lanka,Zimbabwe,bowl,Zimbabwe,173,10,175,6
ODI,West Indies,Sri Lanka,R Premadasa Stadium,Sri Lanka,West Indies,bat,West Indies,250,8,201,10
ODI,Sri Lanka,Zimbabwe,R Premadasa Stadium,Sri Lanka,Sri Lanka,bat,Sri Lanka,272,7,213,10
ODI,West Indies,Sri Lanka,Asgiriya Stadium,Sri Lanka,Sri Lanka,bowl,Sri Lanka,235,9,239,2
ODI,Zimbabwe,West Indies,Asgiriya Stadium,Sri Lanka,West Indies,bowl,West Indies,154,10,155,2
ODI,Sri Lanka,West Indies,R Premadasa Stadium,Sri Lanka,Sri Lanka,bat,Sri Lanka,253,8,212,7
ODI,New Zealand,Australia,Melbourne Cricket Ground,Australia,Australia,bowl,New Zealand,199,8,176,10
ODI,Australia,South Africa,Melbourne Cricket Ground,Australia,Australia,bat,South Africa,198,10,199,6
ODI,South Africa,New Zealand,Bellerive Oval,Australia,South Africa,bat,South Africa,257,7,231,9
ODI,New Zealand,Australia,Sydney Cricket Ground,Australia,New Zealand,bat,New Zealand,235,9,212,10
ODI,South Africa,New Zealand,Brisbane Cricket Ground,Australia,South Africa,bat,New Zealand,241,10,244,6
ODI,India,England,Eden Gardens,India,India,bat,India,281,8,259,10
ODI,Australia,South Africa,Brisbane Cricket Ground,Australia,Australia,bat,Australia,241,4,214,10
ODI,Pakistan,Bangladesh,Chittagong Stadium,Bangladesh,Pakistan,bat,Pakistan,202,10,153,7
ODI,South Africa,Australia,Sydney Cricket Ground,Australia,South Africa,bat,Australia,106,10,107,2
ODI,England,India,Barabati Stadium,India,India,bowl,England,250,7,234,10
ODI,Pakistan,Bangladesh,Bangabandhu National Stadium,Bangladesh,Pakistan,bat,Pakistan,281,5,209,8
ODI,Bangladesh,Pakistan,Bangabandhu National Stadium,Bangladesh,Bangladesh,bat,Pakistan,220,10,221,2
ODI,England,India,MA Chidambaram Stadium,India,England,bat,India,217,10,221,6
ODI,New Zealand,Australia,Adelaide Oval,Australia,New Zealand,bat,New Zealand,242,5,165,10
ODI,South Africa,New Zealand,Adelaide Oval,Australia,South Africa,bat,South Africa,253,5,160,10
ODI,England,India,Green Park,India,England,bat,India,218,7,219,2
ODI,New Zealand,Australia,Melbourne Cricket Ground,Australia,New Zealand,bat,Australia,245,8,248,8
ODI,England,India,Feroz Shah Kotla,India,India,bowl,England,271,5,269,8
ODI,South Africa,New Zealand,Western Australia Cricket Association Ground,Australia,New Zealand,bowl,South Africa,270,5,203,8
ODI,Australia,South Africa,Western Australia Cricket Association Ground,Australia,South Africa,bowl,Australia,283,7,250,5
ODI,England,India,Wankhede Stadium,India,England,bat,England,255,10,250,10
ODI,New Zealand,South Africa,Melbourne Cricket Ground,Australia,New Zealand,bat,South Africa,190,10,191,2
ODI,New Zealand,South Africa,Sydney Cricket Ground,Australia,New Zealand,bat,South Africa,175,10,173,4
ODI,England,New Zealand,Jade Stadium,New Zealand,England,bat,New Zealand,196,10,198,6
ODI,West Indies,Pakistan,Sharjah Cricket Association Stadium,United Arab Emirates,West Indies,bat,Pakistan,190,10,193,6
ODI,Pakistan,West Indies,Sharjah Cricket Association Stadium,United Arab Emirates,Pakistan,bat,Pakistan,232,10,181,10
ODI,New Zealand,England,WestpacTrust Stadium,New Zealand,England,bowl,New Zealand,244,8,89,10
ODI,West Indies,Pakistan,Sharjah Cricket Association Stadium,United Arab Emirates,West Indies,bat,West Indies,260,5,150,10
ODI,England,New Zealand,McLean Park,New Zealand,New Zealand,bowl,England,244,5,201,10
ODI,England,New Zealand,Eden Park,New Zealand,England,bat,England,193,6,189,10
ODI,England,New Zealand,Carisbrook,New Zealand,England,bat,New Zealand,218,8,223,5
ODI,India,Zimbabwe,Nahar Singh Stadium,India,India,bat,Zimbabwe,274,6,277,9
ODI,India,Zimbabwe,Punjab Cricket Association Stadium,India,India,bat,India,319,6,255,10
ODI,India,Zimbabwe,Nehru Stadium,India,India,bat,Zimbabwe,191,10,197,4
ODI,Zimbabwe,India,Lal Bahadur Shastri Stadium,India,Zimbabwe,bat,India,240,8,244,5
ODI,India,Zimbabwe,Nehru Stadium,India,India,bat,India,333,6,232,10
ODI,Australia,South Africa,New Wanderers Stadium,South Africa,Australia,bat,Australia,223,8,204,10
ODI,Australia,South Africa,SuperSport Park,South Africa,South Africa,bowl,Australia,226,8,181,10
ODI,South Africa,Australia,North West Cricket Stadium,South Africa,South Africa,bat,0,259,7,259,9
ODI,Australia,South Africa,Goodyear Park,South Africa,Australia,bat,Australia,290,6,253,10
ODI,South Africa,Australia,Kingsmead,South Africa,Australia,bowl,Australia,267,6,271,2
ODI,South Africa,Australia,St George's Park,South Africa,South Africa,bat,Australia,326,3,330,7
ODI,Sri Lanka,Pakistan,Sharjah Cricket Association Stadium,United Arab Emirates,Sri Lanka,bat,Sri Lanka,242,9,201,10
ODI,New Zealand,West Indies,Sabina Park,West Indies,New Zealand,bat,0,176,10,0,0
ODI,New Zealand,Sri Lanka,Sharjah Cricket Association Stadium,United Arab Emirates,New Zealand,bat,New Zealand,218,8,207,10
ODI,South Africa,Australia,Newlands,South Africa,Australia,bowl,South Africa,249,7,185,10
ODI,Pakistan,New Zealand,Sharjah Cricket Association Stadium,United Arab Emirates,Pakistan,bat,Pakistan,288,6,237,8
ODI,Sri Lanka,Pakistan,Sharjah Cricket Association Stadium,United Arab Emirates,Sri Lanka,bat,Sri Lanka,239,6,230,5
ODI,Sri Lanka,New Zealand,Sharjah Cricket Association Stadium,United Arab Emirates,Sri Lanka,bat,Sri Lanka,243,9,197,9
ODI,New Zealand,Pakistan,Sharjah Cricket Association Stadium,United Arab Emirates,New Zealand,bat,Pakistan,213,9,217,2
ODI,Pakistan,Sri Lanka,Sharjah Cricket Association Stadium,United Arab Emirates,Pakistan,bat,Pakistan,295,6,78,9
ODI,Pakistan,New Zealand,National Stadium,Pakistan,Pakistan,bat,Pakistan,275,6,122,10
ODI,New Zealand,Pakistan,Rawalpindi Cricket Stadium,Pakistan,New Zealand,bat,Pakistan,277,5,278,7
ODI,Pakistan,New Zealand,Gaddafi Stadium,Pakistan,Pakistan,bat,Pakistan,278,5,212,10
ODI,West Indies,India,Kensington Oval,West Indies,India,bowl,India,186,10,187,3
ODI,India,West Indies,Queen's Park Oval,West Indies,India,bat,West Indies,123,10,124,3
ODI,India,West Indies,Queen's Park Oval,West Indies,India,bat,India,260,10,191,10
ODI,New Zealand,West Indies,Beausejour Stadium,West Indies,West Indies,bowl,West Indies,248,7,250,4
ODI,New Zealand,West Indies,Beausejour Stadium,West Indies,New Zealand,bat,West Indies,210,7,211,3
ODI,Pakistan,Australia,Docklands Stadium,Australia,Australia,bowl,Australia,176,8,177,3
ODI,New Zealand,West Indies,Queen's Park Oval,West Indies,New Zealand,bat,New Zealand,212,5,202,9
ODI,Australia,Pakistan,Docklands Stadium,Australia,Australia,bat,Pakistan,167,10,168,8
ODI,New Zealand,West Indies,Arnos Vale Ground,West Indies,New Zealand,bat,West Indies,291,8,292,6
ODI,Pakistan,Australia,Brisbane Cricket Ground,Australia,Pakistan,bat,Pakistan,256,7,165,10
ODI,England,Sri Lanka,Trent Bridge,England,England,bat,England,293,6,249,9
ODI,England,India,Lord's,England,England,bat,India,271,7,272,4
ODI,Sri Lanka,India,Kennington Oval,England,Sri Lanka,bat,India,202,8,203,6
ODI,Sri Lanka,England,Headingley,England,England,bowl,England,240,7,241,7
ODI,India,England,Riverside Ground,England,India,bat,0,285,4,53,1
ODI,Sri Lanka,India,Edgbaston,England,India,bowl,India,187,10,188,6
ODI,Sri Lanka,England,Old Trafford,England,Sri Lanka,bat,Sri Lanka,229,10,206,10
ODI,England,India,Kennington Oval,England,India,bowl,England,229,8,165,10
ODI,India,Sri Lanka,The Royal & Sun Alliance County Ground,England,India,bat,India,304,10,241,10
ODI,England,India,Lord's,England,England,bat,India,325,5,326,8
ODI,Bangladesh,Sri Lanka,Sinhalese Sports Club Ground,Sri Lanka,Bangladesh,bat,Sri Lanka,226,8,228,5
ODI,Bangladesh,Sri Lanka,Sinhalese Sports Club Ground,Sri Lanka,Bangladesh,bat,Sri Lanka,76,10,77,2
ODI,Sri Lanka,Bangladesh,R Premadasa Stadium,Sri Lanka,Bangladesh,bowl,Sri Lanka,258,6,200,10
ODI,South Africa,Pakistan,National Cricket Stadium,Morocco,South Africa,bat,South Africa,283,9,229,10
ODI,Pakistan,Sri Lanka,National Cricket Stadium,Morocco,Sri Lanka,bowl,Pakistan,279,5,251,8
ODI,Sri Lanka,South Africa,National Cricket Stadium,Morocco,Sri Lanka,bat,Sri Lanka,267,7,174,10
ODI,Sri Lanka,Pakistan,National Cricket Stadium,Morocco,Sri Lanka,bat,Sri Lanka,242,10,203,10
ODI,South Africa,Pakistan,National Cricket Stadium,Morocco,South Africa,bat,South Africa,196,8,188,10
ODI,South Africa,Sri Lanka,National Cricket Stadium,Morocco,South Africa,bat,Sri Lanka,220,6,221,4
ODI,Sri Lanka,South Africa,National Cricket Stadium,Morocco,Sri Lanka,bat,Sri Lanka,235,7,208,10
ODI,Kenya,Pakistan,Gymkhana Club Ground,Kenya,Pakistan,bowl,Pakistan,133,10,134,6
ODI,Australia,Pakistan,Gymkhana Club Ground,Kenya,Pakistan,bowl,Australia,332,5,108,10
ODI,Kenya,Pakistan,Gymkhana Club Ground,Kenya,Kenya,bat,Pakistan,179,10,181,3
ODI,Kenya,Australia,Gymkhana Club Ground,Kenya,Australia,bowl,Australia,84,10,85,2
ODI,Pakistan,Australia,Gymkhana Club Ground,Kenya,Pakistan,bat,Australia,117,10,121,1
ODI,Kenya,Australia,Gymkhana Club Ground,Kenya,Kenya,bat,Australia,204,9,205,5
ODI,Pakistan,Australia,Gymkhana Club Ground,Kenya,Pakistan,bat,0,227,10,67,1
ODI,Pakistan,Sri Lanka,R Premadasa Stadium,Sri Lanka,Pakistan,bat,Sri Lanka,200,10,201,2
ODI,West Indies,South Africa,Sinhalese Sports Club Ground,Sri Lanka,South Africa,bowl,South Africa,238,8,242,8
ODI,India,Zimbabwe,R Premadasa Stadium,Sri Lanka,India,bat,India,288,6,274,8
ODI,Australia,New Zealand,Sinhalese Sports Club Ground,Sri Lanka,Australia,bat,Australia,296,7,132,10
ODI,Sri Lanka,Netherlands,R Premadasa Stadium,Sri Lanka,Sri Lanka,bat,Sri Lanka,292,6,86,10
ODI,West Indies,Kenya,Sinhalese Sports Club Ground,Sri Lanka,West Indies,bat,West Indies,261,6,232,10
ODI,England,Zimbabwe,R Premadasa Stadium,Sri Lanka,England,bat,England,298,8,190,9
ODI,Bangladesh,Australia,Sinhalese Sports Club Ground,Sri Lanka,Bangladesh,bat,Australia,129,10,133,1
ODI,South Africa,Kenya,R Premadasa Stadium,Sri Lanka,South Africa,bat,South Africa,316,5,140,10
ODI,Netherlands,Pakistan,Sinhalese Sports Club Ground,Sri Lanka,Netherlands,bat,Pakistan,136,10,142,1
ODI,England,India,R Premadasa Stadium,Sri Lanka,England,bat,India,269,7,271,2
ODI,New Zealand,Bangladesh,Sinhalese Sports Club Ground,Sri Lanka,Bangladesh,bowl,New Zealand,244,9,77,10
ODI,India,South Africa,R Premadasa Stadium,Sri Lanka,India,bat,India,261,9,251,6
ODI,Australia,Sri Lanka,R Premadasa Stadium,Sri Lanka,Australia,bat,Sri Lanka,162,10,163,3
ODI,Sri Lanka,India,R Premadasa Stadium,Sri Lanka,Sri Lanka,bat,0,244,5,14,0
ODI,Sri Lanka,India,R Premadasa Stadium,Sri Lanka,Sri Lanka,bat,0,222,7,38,1
ODI,South Africa,Bangladesh,North West Cricket Stadium,South Africa,South Africa,bat,South Africa,301,8,133,10
ODI,Bangladesh,South Africa,Willowmoore Park,South Africa,South Africa,bowl,South Africa,154,9,155,0
ODI,Bangladesh,South Africa,De Beers Diamond Oval,South Africa,Bangladesh,bat,South Africa,151,10,152,3
ODI,India,West Indies,Keenan Stadium,India,India,bat,West Indies,283,6,285,6
ODI,India,West Indies,Vidarbha Cricket Association Ground,India,West Indies,bowl,West Indies,279,9,280,3
ODI,West Indies,India,Madhavrao Scindia Cricket Ground,India,India,bowl,India,300,5,200,1
ODI,West Indies,India,Sardar Patel Stadium,India,India,bowl,India,324,4,325,5
ODI,India,West Indies,Indian Petrochemicals Corporation Limited Sports Complex Ground,India,West Indies,bowl,West Indies,290,8,291,5
ODI,West Indies,India,Barkatullah Khan Stadium,India,India,bowl,India,201,10,202,7
ODI,Pakistan,Zimbabwe,Queens Sports Club,Zimbabwe,Pakistan,bat,Pakistan,302,4,295,9
ODI,West Indies,India,Indira Gandhi Stadium,India,India,bowl,West Indies,315,6,180,10
ODI,Pakistan,Zimbabwe,Queens Sports Club,Zimbabwe,Pakistan,bat,Pakistan,344,5,140,6
ODI,Pakistan,Zimbabwe,Harare Sports Club,Zimbabwe,Zimbabwe,bowl,Pakistan,323,3,275,7
ODI,Sri Lanka,South Africa,New Wanderers Stadium,South Africa,South Africa,bowl,South Africa,128,10,129,4
ODI,West Indies,Bangladesh,MA Aziz Stadium,Bangladesh,Bangladesh,bowl,0,275,7,90,4
ODI,South Africa,Sri Lanka,SuperSport Park,South Africa,South Africa,bat,South Africa,317,6,140,10
ODI,Zimbabwe,Pakistan,Harare Sports Club,Zimbabwe,Zimbabwe,bat,Pakistan,210,10,211,2
ODI,Pakistan,Zimbabwe,Harare Sports Club,Zimbabwe,Zimbabwe,bowl,Pakistan,300,7,230,10
ODI,South Africa,Sri Lanka,Willowmoore Park,South Africa,Sri Lanka,bowl,Sri Lanka,253,7,258,3
ODI,West Indies,Bangladesh,Bangabandhu National Stadium,Bangladesh,West Indies,bat,West Indies,266,4,182,10
ODI,West Indies,Bangladesh,Bangabandhu National Stadium,Bangladesh,West Indies,bat,West Indies,281,5,195,9
ODI,Sri Lanka,South Africa,De Beers Diamond Oval,South Africa,South Africa,bowl,South Africa,184,10,190,2
ODI,Sri Lanka,South Africa,Goodyear Park,South Africa,Sri Lanka,bat,South Africa,228,8,229,4
ODI,Kenya,Zimbabwe,Harare Sports Club,Zimbabwe,Kenya,bat,0,211,10,17,1
ODI,South Africa,Pakistan,Kingsmead,South Africa,Pakistan,bowl,South Africa,272,7,140,10
ODI,Zimbabwe,Kenya,Kwekwe Sports Club,Zimbabwe,Kenya,bowl,Zimbabwe,273,4,181,6
ODI,Pakistan,South Africa,St George's Park,South Africa,Pakistan,bat,Pakistan,335,6,153,10
ODI,England,Australia,Sydney Cricket Ground,Australia,England,bat,Australia,251,8,252,3
ODI,South Africa,Pakistan,Buffalo Park,South Africa,South Africa,bat,South Africa,182,10,120,10
ODI,Australia,England,Melbourne Cricket Ground,Australia,Australia,bat,Australia,318,6,229,10
ODI,Kenya,Zimbabwe,Queens Sports Club,Zimbabwe,Kenya,bat,Zimbabwe,133,10,136,1
ODI,Pakistan,South Africa,Boland Bank Park,South Africa,Pakistan,bat,South Africa,213,10,214,1
ODI,England,Sri Lanka,Brisbane Cricket Ground,Australia,England,bat,England,292,10,249,6
ODI,South Africa,Pakistan,Newlands,South Africa,South Africa,bat,South Africa,265,8,231,10
ODI,England,Sri Lanka,Western Australia Cricket Association Ground,Australia,England,bat,England,258,9,163,10
ODI,Australia,Sri Lanka,Western Australia Cricket Association Ground,Australia,Australia,bat,Australia,305,5,163,10
ODI,India,New Zealand,Eden Park,New Zealand,New Zealand,bowl,New Zealand,108,10,109,7
ODI,New Zealand,India,McLean Park,New Zealand,India,bowl,New Zealand,254,9,219,10
ODI,India,New Zealand,Jade Stadium,New Zealand,India,bat,New Zealand,108,10,109,5
ODI,India,New Zealand,Davies Park,New Zealand,New Zealand,bowl,New Zealand,122,10,123,3
ODI,New Zealand,India,Westpac Stadium,New Zealand,New Zealand,bat,India,168,10,169,8
ODI,Sri Lanka,Australia,Sydney Cricket Ground,Australia,Australia,bowl,Sri Lanka,343,5,264,10
ODI,Australia,England,Bellerive Oval,Australia,Australia,bat,Australia,271,4,264,7
ODI,New Zealand,India,Eden Park,New Zealand,India,bowl,India,199,9,200,9
ODI,Sri Lanka,England,Sydney Cricket Ground,Australia,Sri Lanka,bat,Sri Lanka,284,7,253,10
ODI,India,New Zealand,Westpac Park,New Zealand,New Zealand,bowl,New Zealand,122,10,125,4
ODI,Sri Lanka,Australia,Brisbane Cricket Ground,Australia,Sri Lanka,bat,Australia,211,9,214,6
ODI,England,Sri Lanka,Adelaide Oval,Australia,England,bat,England,279,7,260,10
ODI,England,Australia,Adelaide Oval,Australia,England,bat,Australia,152,10,153,6
ODI,Sri Lanka,Australia,Melbourne Cricket Ground,Australia,Sri Lanka,bat,Australia,214,8,215,1
ODI,England,Australia,Sydney Cricket Ground,Australia,England,bat,Australia,117,10,118,0
ODI,Australia,England,Melbourne Cricket Ground,Australia,Australia,bat,Australia,229,7,224,10
ODI,West Indies,South Africa,Newlands,South Africa,West Indies,bat,West Indies,278,5,275,9
ODI,Zimbabwe,Namibia,Harare Sports Club,Zimbabwe,Namibia,bowl,Zimbabwe,340,2,104,5
ODI,Sri Lanka,New Zealand,Goodyear Park,South Africa,New Zealand,bowl,Sri Lanka,272,7,225,10
ODI,Australia,Pakistan,New Wanderers Stadium,South Africa,Pakistan,bowl,Australia,310,8,228,10
ODI,Canada,Bangladesh,Kingsmead,South Africa,Canada,bat,Canada,180,10,120,10
ODI,Kenya,South Africa,North West Cricket Stadium,South Africa,Kenya,bat,South Africa,140,10,142,0
ODI,India,Netherlands,Boland Bank Park,South Africa,India,bat,India,204,10,136,10
ODI,New Zealand,West Indies,St George's Park,South Africa,West Indies,bowl,New Zealand,241,7,221,10
ODI,Bangladesh,Sri Lanka,City Oval,South Africa,Sri Lanka,bowl,Sri Lanka,124,10,126,0
ODI,India,Australia,SuperSport Park,South Africa,India,bat,Australia,125,10,128,1
ODI,Canada,Kenya,Newlands,South Africa,Canada,bat,Kenya,197,10,198,6
ODI,Netherlands,England,Buffalo Park,South Africa,England,bowl,England,142,9,144,4
ODI,Pakistan,Namibia,De Beers Diamond Oval,South Africa,Pakistan,bat,Pakistan,255,9,84,10
ODI,South Africa,New Zealand,New Wanderers Stadium,South Africa,South Africa,bat,New Zealand,306,6,229,1
ODI,West Indies,Bangladesh,Willowmoore Park,South Africa,Bangladesh,bowl,0,244,9,32,2
ODI,India,Zimbabwe,Harare Sports Club,Zimbabwe,Zimbabwe,bowl,India,255,7,172,10
ODI,Canada,Sri Lanka,Boland Bank Park,South Africa,Sri Lanka,bowl,Sri Lanka,36,10,37,1
ODI,England,Namibia,St George's Park,South Africa,Namibia,bowl,England,272,10,217,9
ODI,Australia,Netherlands,North West Cricket Stadium,South Africa,Netherlands,bowl,Australia,170,2,122,10
ODI,Bangladesh,South Africa,Goodyear Park,South Africa,South Africa,bowl,South Africa,108,10,109,0
ODI,England,Pakistan,Newlands,South Africa,England,bat,England,246,8,134,10
ODI,Canada,West Indies,SuperSport Park,South Africa,West Indies,bowl,West Indies,202,10,206,3
ODI,India,Namibia,City Oval,South Africa,Namibia,bowl,India,311,2,130,10
ODI,Kenya,Sri Lanka,Gymkhana Club Ground,Kenya,Sri Lanka,bowl,Kenya,210,9,157,10
ODI,Zimbabwe,Australia,Queens Sports Club,Zimbabwe,Zimbabwe,bat,Australia,246,9,248,3
ODI,Pakistan,Netherlands,Boland Bank Park,South Africa,Netherlands,bowl,Pakistan,253,9,156,10
ODI,Bangladesh,New Zealand,De Beers Diamond Oval,South Africa,Bangladesh,bat,New Zealand,198,7,199,3
ODI,India,England,Kingsmead,South Africa,India,bat,India,250,9,168,10
ODI,Australia,Namibia,North West Cricket Stadium,South Africa,Australia,bat,Australia,301,6,45,10
ODI,South Africa,Canada,Buffalo Park,South Africa,Canada,bowl,South Africa,254,8,136,5
ODI,Zimbabwe,Netherlands,Queens Sports Club,Zimbabwe,Netherlands,bowl,Zimbabwe,301,8,202,9
ODI,Sri Lanka,West Indies,Newlands,South Africa,Sri Lanka,bat,Sri Lanka,228,6,222,9
ODI,Kenya,Bangladesh,New Wanderers Stadium,South Africa,Kenya,bat,Kenya,217,7,185,10
ODI,Pakistan,India,SuperSport Park,South Africa,Pakistan,bat,India,273,7,276,4
ODI,England,Australia,St George's Park,South Africa,England,bat,Australia,204,8,208,8
ODI,Canada,New Zealand,Willowmoore Park,South Africa,New Zealand,bowl,New Zealand,196,10,197,5
ODI,Netherlands,Namibia,Goodyear Park,South Africa,Netherlands,bat,Netherlands,314,4,250,10
ODI,Sri Lanka,South Africa,Kingsmead,South Africa,Sri Lanka,bat,0,268,9,229,6
ODI,Pakistan,Zimbabwe,Queens Sports Club,Zimbabwe,Pakistan,bat,0,73,3,0,0
ODI,West Indies,Kenya,De Beers Diamond Oval,South Africa,West Indies,bat,West Indies,246,7,104,10
ODI,Australia,Sri Lanka,SuperSport Park,South Africa,Australia,bat,Australia,319,5,223,9
ODI,Kenya,India,Newlands,South Africa,Kenya,bat,India,225,6,226,4
ODI,Zimbabwe,New Zealand,Goodyear Park,South Africa,Zimbabwe,bat,New Zealand,252,7,253,4
ODI,India,Sri Lanka,New Wanderers Stadium,South Africa,Sri Lanka,bowl,India,292,6,109,10
ODI,Australia,New Zealand,St George's Park,South Africa,New Zealand,bowl,Australia,208,9,112,10
ODI,Zimbabwe,Kenya,Goodyear Park,South Africa,Zimbabwe,bat,Kenya,133,10,135,3
ODI,New Zealand,India,SuperSport Park,South Africa,India,bowl,India,146,10,150,3
ODI,Sri Lanka,Zimbabwe,Buffalo Park,South Africa,Sri Lanka,bat,Sri Lanka,256,5,182,10
ODI,Kenya,Australia,Kingsmead,South Africa,Australia,bowl,Australia,174,8,178,5
ODI,Australia,Sri Lanka,St George's Park,South Africa,Australia,bat,Australia,212,7,123,7
ODI,India,Kenya,Kingsmead,South Africa,India,bat,India,270,4,179,10
ODI,Australia,India,New Wanderers Stadium,South Africa,India,bowl,Australia,359,2,234,10
ODI,Pakistan,Zimbabwe,Sharjah Cricket Association Stadium,United Arab Emirates,Pakistan,bat,Pakistan,278,7,210,10
ODI,Sri Lanka,Pakistan,Sharjah Cricket Association Stadium,United Arab Emirates,Sri Lanka,bat,Pakistan,223,6,225,3
ODI,Kenya,Zimbabwe,Sharjah Cricket Association Stadium,United Arab Emirates,Kenya,bat,Zimbabwe,225,6,230,5
ODI,Sri Lanka,Kenya,Sharjah Cricket Association Stadium,United Arab Emirates,Sri Lanka,bat,Sri Lanka,256,5,127,10
ODI,Sri Lanka,Zimbabwe,Sharjah Cricket Association Stadium,United Arab Emirates,Sri Lanka,bat,Zimbabwe,193,10,194,6
ODI,Pakistan,Kenya,Sharjah Cricket Association Stadium,United Arab Emirates,Pakistan,bat,Pakistan,286,8,143,10
ODI,Zimbabwe,Pakistan,Sharjah Cricket Association Stadium,United Arab Emirates,Zimbabwe,bat,Pakistan,168,10,172,2
ODI,India,Bangladesh,Bangabandhu National Stadium,Bangladesh,India,bat,India,276,10,76,10
ODI,India,South Africa,Bangabandhu National Stadium,Bangladesh,India,bat,India,307,4,154,10
ODI,South Africa,Bangladesh,Bangabandhu National Stadium,Bangladesh,South Africa,bat,South Africa,294,3,211,10
ODI,Bangladesh,India,Bangabandhu National Stadium,Bangladesh,Bangladesh,bat,India,207,10,208,6
ODI,South Africa,Bangladesh,Bangabandhu National Stadium,Bangladesh,South Africa,bat,South Africa,261,5,168,10
ODI,India,South Africa,Bangabandhu National Stadium,Bangladesh,India,bat,South Africa,215,10,216,5
ODI,India,South Africa,Bangabandhu National Stadium,Bangladesh,India,bat,0,46,3,0,0
ODI,Pakistan,Sri Lanka,Rangiri Dambulla International Stadium,Sri Lanka,Sri Lanka,bowl,Pakistan,199,8,120,10
ODI,Pakistan,New Zealand,Rangiri Dambulla International Stadium,Sri Lanka,New Zealand,bowl,New Zealand,116,10,117,3
ODI,New Zealand,Sri Lanka,Rangiri Dambulla International Stadium,Sri Lanka,Sri Lanka,bowl,Sri Lanka,139,10,143,5
ODI,Australia,West Indies,Sabina Park,West Indies,West Indies,bowl,Australia,270,5,205,8
ODI,Sri Lanka,Pakistan,Rangiri Dambulla International Stadium,Sri Lanka,Pakistan,bowl,Sri Lanka,172,10,160,10
ODI,West Indies,Australia,Sabina Park,West Indies,West Indies,bat,Australia,163,10,166,2
ODI,New Zealand,Sri Lanka,Rangiri Dambulla International Stadium,Sri Lanka,Sri Lanka,bowl,New Zealand,156,8,147,10
ODI,Pakistan,New Zealand,Rangiri Dambulla International Stadium,Sri Lanka,New Zealand,bowl,Pakistan,203,9,181,10
ODI,Australia,West Indies,Beausejour Stadium,West Indies,West Indies,bowl,Australia,258,4,233,9
ODI,Pakistan,New Zealand,Rangiri Dambulla International Stadium,Sri Lanka,Pakistan,bat,New Zealand,198,10,200,6
ODI,Australia,West Indies,Queen's Park Oval,West Indies,Australia,bat,Australia,286,5,219,10
ODI,West Indies,Australia,Queen's Park Oval,West Indies,West Indies,bat,West Indies,290,5,251,9
ODI,Australia,West Indies,Queen's Park (New),West Indies,Australia,bat,West Indies,252,10,254,7
ODI,India,England,Feroz Shah Kotla,India,England,bowl,India,203,10,164,10
ODI,Australia,West Indies,Queen's Park (New),West Indies,Australia,bat,West Indies,247,8,249,1
ODI,Sri Lanka,West Indies,Kensington Oval,West Indies,West Indies,bowl,Sri Lanka,201,10,146,10
ODI,West Indies,Sri Lanka,Kensington Oval,West Indies,West Indies,bat,Sri Lanka,312,4,313,6
ODI,Sri Lanka,West Indies,Arnos Vale Ground,West Indies,West Indies,bowl,West Indies,191,10,160,4
ODI,England,Pakistan,Old Trafford,England,England,bat,Pakistan,204,9,208,8
ODI,Pakistan,England,Kennington Oval,England,Pakistan,bat,England,185,10,189,3
ODI,Pakistan,England,Lord's,England,England,bowl,England,229,7,231,6
ODI,England,Zimbabwe,Trent Bridge,England,Zimbabwe,bowl,Zimbabwe,191,8,195,6
ODI,South Africa,England,Kennington Oval,England,South Africa,bat,England,264,6,265,4
ODI,South Africa,Zimbabwe,St Lawrence Ground,England,Zimbabwe,bowl,South Africa,272,5,226,9
ODI,England,Zimbabwe,Headingley,England,Zimbabwe,bowl,0,81,4,0,0
ODI,England,South Africa,Old Trafford,England,England,bat,South Africa,223,7,227,3
ODI,Zimbabwe,South Africa,Sophia Gardens,England,South Africa,bowl,South Africa,174,8,175,1
ODI,Zimbabwe,England,The Royal & Sun Alliance County Ground,England,England,bowl,England,92,10,95,4
ODI,South Africa,England,Edgbaston,England,South Africa,bat,England,198,9,199,6
ODI,Zimbabwe,South Africa,The Rose Bowl,England,Zimbabwe,bat,South Africa,173,8,174,3
ODI,South Africa,England,Lord's,England,England,bowl,England,107,10,111,3
ODI,Bangladesh,Australia,Bundaberg Rum Stadium,Australia,Australia,bowl,Australia,105,10,107,2
ODI,Bangladesh,Australia,Bundaberg Rum Stadium,Australia,Bangladesh,bat,Australia,147,10,148,1
ODI,Australia,Bangladesh,Marrara Cricket Ground,Australia,Australia,bat,Australia,254,7,142,10
ODI,Pakistan,Bangladesh,Multan Cricket Stadium,Pakistan,Pakistan,bat,Pakistan,323,3,186,10
ODI,Pakistan,Bangladesh,Iqbal Stadium,Pakistan,Pakistan,bat,Pakistan,243,8,169,10
ODI,Pakistan,Bangladesh,Gaddafi Stadium,Pakistan,Pakistan,bat,Pakistan,257,9,201,9
ODI,Bangladesh,Pakistan,Rawalpindi Cricket Stadium,Pakistan,Bangladesh,bat,Pakistan,222,8,226,5
ODI,Pakistan,Bangladesh,National Stadium,Pakistan,Pakistan,bat,Pakistan,302,5,244,7
ODI,Pakistan,South Africa,Gaddafi Stadium,Pakistan,Pakistan,bat,Pakistan,277,6,269,6
ODI,Pakistan,South Africa,Gaddafi Stadium,Pakistan,South Africa,bowl,Pakistan,267,7,225,9
ODI,Pakistan,South Africa,Iqbal Stadium,Pakistan,Pakistan,bat,South Africa,243,8,221,6
ODI,Pakistan,South Africa,Rawalpindi Cricket Stadium,Pakistan,Pakistan,bat,South Africa,157,10,158,4
ODI,Pakistan,South Africa,Rawalpindi Cricket Stadium,Pakistan,Pakistan,bat,South Africa,192,10,193,3
ODI,India,New Zealand,MA Chidambaram Stadium,India,India,bat,0,141,3,0,0
ODI,India,Australia,Captain Roop Singh Stadium,India,India,bat,India,283,5,246,9
ODI,New Zealand,Australia,Nahar Singh Stadium,India,New Zealand,bat,Australia,97,10,101,2
ODI,Australia,India,Wankhede Stadium,India,Australia,bat,Australia,286,8,209,10
ODI,New Zealand,Australia,Nehru Stadium,India,Australia,bowl,Australia,258,9,259,8
ODI,India,New Zealand,Barabati Stadium,India,India,bat,New Zealand,246,9,249,6
ODI,Bangladesh,England,MA Aziz Stadium,Bangladesh,Bangladesh,bat,England,143,10,144,3
ODI,Australia,New Zealand,Nehru Stadium,India,New Zealand,bowl,Australia,225,7,181,10
ODI,Bangladesh,England,Bangabandhu National Stadium,Bangladesh,Bangladesh,bat,England,134,9,137,3
ODI,Bangladesh,England,Bangabandhu National Stadium,Bangladesh,Bangladesh,bat,England,182,10,185,3
ODI,Australia,India,M Chinnaswamy Stadium,India,Australia,bat,Australia,347,2,286,8
ODI,India,New Zealand,Lal Bahadur Shastri Stadium,India,India,bat,India,353,5,208,10
ODI,England,Sri Lanka,Rangiri Dambulla International Stadium,Sri Lanka,England,bat,Sri Lanka,88,10,89,0
ODI,Australia,India,Eden Gardens,India,Australia,bat,Australia,235,5,198,10
ODI,West Indies,Zimbabwe,Queens Sports Club,Zimbabwe,West Indies,bat,West Indies,347,6,173,3
ODI,West Indies,Zimbabwe,Queens Sports Club,Zimbabwe,West Indies,bat,Zimbabwe,125,10,128,4
ODI,Zimbabwe,West Indies,Harare Sports Club,Zimbabwe,West Indies,bowl,Zimbabwe,229,5,208,10
ODI,New Zealand,Pakistan,Gaddafi Stadium,Pakistan,New Zealand,bat,Pakistan,291,5,292,7
ODI,West Indies,Zimbabwe,Harare Sports Club,Zimbabwe,Zimbabwe,bowl,West Indies,256,3,150,7
ODI,Zimbabwe,West Indies,Harare Sports Club,Zimbabwe,Zimbabwe,bat,West Indies,196,10,197,2
ODI,Pakistan,New Zealand,Gaddafi Stadium,Pakistan,Pakistan,bat,Pakistan,281,6,157,10
ODI,Pakistan,New Zealand,Iqbal Stadium,Pakistan,Pakistan,bat,Pakistan,314,7,263,7
ODI,New Zealand,Pakistan,Rawalpindi Cricket Stadium,Pakistan,New Zealand,bat,Pakistan,183,10,184,3
ODI,Pakistan,New Zealand,Rawalpindi Cricket Stadium,Pakistan,Pakistan,bat,Pakistan,277,4,228,6
ODI,Pakistan,New Zealand,Eden Park,New Zealand,New Zealand,bowl,New Zealand,229,7,230,6
ODI,New Zealand,Pakistan,Davies Park,New Zealand,Pakistan,bowl,Pakistan,235,8,236,4
ODI,Australia,India,Melbourne Cricket Ground,Australia,Australia,bat,Australia,288,10,270,10
ODI,Pakistan,New Zealand,Jade Stadium,New Zealand,New Zealand,bowl,New Zealand,255,9,259,3
ODI,Australia,Zimbabwe,Sydney Cricket Ground,Australia,Australia,bat,Australia,225,8,126,10
ODI,Zimbabwe,India,Bellerive Oval,Australia,Zimbabwe,bat,India,208,6,211,3
ODI,Pakistan,New Zealand,McLean Park,New Zealand,New Zealand,bowl,New Zealand,126,10,127,2
ODI,Australia,Zimbabwe,Bellerive Oval,Australia,Australia,bat,Australia,344,7,196,6
ODI,New Zealand,Pakistan,Westpac Stadium,New Zealand,New Zealand,bat,New Zealand,307,8,303,10
ODI,India,Australia,Brisbane Cricket Ground,Australia,India,bat,India,303,4,284,10
ODI,India,Zimbabwe,Brisbane Cricket Ground,Australia,India,bat,India,255,6,231,9
ODI,India,Australia,Sydney Cricket Ground,Australia,India,bat,Australia,296,4,225,8
ODI,India,Zimbabwe,Adelaide Oval,Australia,India,bat,India,280,7,277,6
ODI,South Africa,West Indies,Newlands,South Africa,South Africa,bat,South Africa,263,4,54,10
ODI,Australia,Zimbabwe,Adelaide Oval,Australia,Australia,bat,Australia,279,7,266,8
ODI,South Africa,West Indies,St George's Park,South Africa,South Africa,bat,South Africa,179,7,163,10
ODI,Australia,Zimbabwe,Melbourne Cricket Ground,Australia,Zimbabwe,bowl,0,263,9,0,0
ODI,West Indies,South Africa,Kingsmead,South Africa,West Indies,bat,0,147,8,15,1
ODI,India,Australia,Western Australia Cricket Association Ground,Australia,India,bat,Australia,203,10,204,5
ODI,South Africa,West Indies,SuperSport Park,South Africa,South Africa,bat,West Indies,297,4,300,3
ODI,Zimbabwe,India,Western Australia Cricket Association Ground,Australia,Zimbabwe,bat,India,135,10,136,6
ODI,West Indies,South Africa,New Wanderers Stadium,South Africa,West Indies,bat,South Africa,304,2,310,6
ODI,India,Australia,Melbourne Cricket Ground,Australia,India,bat,Australia,222,10,224,3
ODI,Australia,India,Sydney Cricket Ground,Australia,Australia,bat,Australia,359,5,151,10
ODI,New Zealand,South Africa,Eden Park,New Zealand,South Africa,bowl,South Africa,225,8,226,5
ODI,South Africa,New Zealand,Jade Stadium,New Zealand,South Africa,bat,New Zealand,253,8,255,5
ODI,New Zealand,South Africa,Westpac Stadium,New Zealand,South Africa,bowl,New Zealand,254,5,249,7
ODI,Australia,Sri Lanka,Rangiri Dambulla International Stadium,Sri Lanka,Australia,bat,Australia,262,6,178,10
ODI,Sri Lanka,Australia,Rangiri Dambulla International Stadium,Sri Lanka,Sri Lanka,bat,Sri Lanka,245,10,244,5
ODI,South Africa,New Zealand,Carisbrook,New Zealand,New Zealand,bowl,New Zealand,259,7,264,4
ODI,Sri Lanka,Australia,R Premadasa Stadium,Sri Lanka,Sri Lanka,bat,Australia,226,8,227,5
ODI,Australia,Sri Lanka,R Premadasa Stadium,Sri Lanka,Australia,bat,Australia,233,10,193,10
ODI,New Zealand,South Africa,Eden Park,New Zealand,South Africa,bowl,New Zealand,193,8,175,5
ODI,Australia,Sri Lanka,Sinhalese Sports Club Ground,Sri Lanka,Australia,bat,Sri Lanka,198,7,202,7
ODI,South Africa,New Zealand,McLean Park,New Zealand,South Africa,bat,New Zealand,186,9,190,5
ODI,Bangladesh,Zimbabwe,Harare Sports Club,Zimbabwe,Zimbabwe,bowl,Bangladesh,238,7,230,9
ODI,Zimbabwe,Bangladesh,Harare Sports Club,Zimbabwe,Zimbabwe,bat,Zimbabwe,242,8,228,10
ODI,India,Pakistan,National Stadium,Pakistan,Pakistan,bowl,India,349,7,344,8
ODI,Bangladesh,Zimbabwe,Harare Sports Club,Zimbabwe,Bangladesh,bat,Zimbabwe,183,10,185,7
ODI,Pakistan,India,Rawalpindi Cricket Stadium,Pakistan,Pakistan,bat,Pakistan,329,6,317,10
ODI,India,Pakistan,Arbab Niaz Stadium,Pakistan,Pakistan,bowl,Pakistan,244,9,247,6
ODI,Pakistan,India,Gaddafi Stadium,Pakistan,Pakistan,bat,India,293,9,294,5
ODI,India,Pakistan,Gaddafi Stadium,Pakistan,Pakistan,bowl,India,293,7,253,10
ODI,West Indies,England,Bourda,West Indies,England,bowl,England,156,5,157,8
ODI,Zimbabwe,Sri Lanka,Queens Sports Club,Zimbabwe,Sri Lanka,bowl,Sri Lanka,211,6,144,4
ODI,Zimbabwe,Sri Lanka,Queens Sports Club,Zimbabwe,Sri Lanka,bowl,Sri Lanka,136,10,139,1
ODI,West Indies,England,Queen's Park Oval,West Indies,West Indies,bat,0,57,2,0,0
ODI,Zimbabwe,Sri Lanka,Harare Sports Club,Zimbabwe,Sri Lanka,bowl,Sri Lanka,35,10,40,1
ODI,Sri Lanka,Zimbabwe,Harare Sports Club,Zimbabwe,Zimbabwe,bowl,Sri Lanka,223,9,151,10
ODI,Sri Lanka,Zimbabwe,Harare Sports Club,Zimbabwe,Sri Lanka,bat,Sri Lanka,246,7,221,9
ODI,England,West Indies,Beausejour Stadium,West Indies,West Indies,bowl,West Indies,281,8,284,5
ODI,England,West Indies,Beausejour Stadium,West Indies,West Indies,bowl,West Indies,280,8,282,6
ODI,West Indies,England,Kensington Oval,West Indies,England,bowl,England,261,6,262,5
ODI,Bangladesh,West Indies,Arnos Vale Ground,West Indies,West Indies,bowl,West Indies,144,8,145,9
ODI,West Indies,Bangladesh,Arnos Vale Ground,West Indies,Bangladesh,bowl,West Indies,124,7,101,8
ODI,Bangladesh,West Indies,National Cricket Stadium,West Indies,Bangladesh,bat,West Indies,118,7,119,3
ODI,Zimbabwe,Australia,Harare Sports Club,Zimbabwe,Zimbabwe,bat,Australia,205,9,207,3
ODI,Australia,Zimbabwe,Harare Sports Club,Zimbabwe,Zimbabwe,bowl,Australia,323,8,184,9
ODI,Zimbabwe,Australia,Harare Sports Club,Zimbabwe,Australia,bowl,Australia,196,10,199,2
ODI,West Indies,New Zealand,Edgbaston,England,New Zealand,bowl,0,122,4,97,2
ODI,England,West Indies,Trent Bridge,England,West Indies,bowl,West Indies,147,10,148,3
ODI,England,New Zealand,Riverside Ground,England,New Zealand,bowl,New Zealand,101,10,103,3
ODI,West Indies,England,Headingley,England,England,bowl,England,159,10,160,3
ODI,West Indies,New Zealand,Sophia Gardens,England,New Zealand,bowl,New Zealand,216,10,220,5
ODI,England,New Zealand,The Royal & Sun Alliance County Ground,England,New Zealand,bowl,New Zealand,237,7,241,4
ODI,England,West Indies,Lord's,England,West Indies,bowl,West Indies,285,7,286,3
ODI,New Zealand,West Indies,The Rose Bowl,England,West Indies,bowl,0,0,0,0,0
ODI,New Zealand,West Indies,Lord's,England,West Indies,bowl,New Zealand,266,10,159,10
ODI,Bangladesh,Hong Kong,Sinhalese Sports Club Ground,Sri Lanka,Hong Kong,bowl,Bangladesh,221,9,105,10
ODI,India,U.A.E.,Rangiri Dambulla International Stadium,Sri Lanka,India,bat,India,260,6,144,10
ODI,Pakistan,Bangladesh,Sinhalese Sports Club Ground,Sri Lanka,Pakistan,bat,Pakistan,257,6,181,10
ODI,Sri Lanka,U.A.E.,Rangiri Dambulla International Stadium,Sri Lanka,Sri Lanka,bat,Sri Lanka,239,10,123,10
ODI,Pakistan,Hong Kong,Sinhalese Sports Club Ground,Sri Lanka,Pakistan,bat,Pakistan,343,5,165,10
ODI,Sri Lanka,India,Rangiri Dambulla International Stadium,Sri Lanka,Sri Lanka,bat,Sri Lanka,282,4,270,8
ODI,Bangladesh,India,Sinhalese Sports Club Ground,Sri Lanka,India,bowl,India,177,10,178,2
ODI,Pakistan,Sri Lanka,R Premadasa Stadium,Sri Lanka,Pakistan,bat,Sri Lanka,122,10,123,3
ODI,Bangladesh,Sri Lanka,R Premadasa Stadium,Sri Lanka,Bangladesh,bat,Sri Lanka,190,9,191,0
ODI,Pakistan,India,R Premadasa Stadium,Sri Lanka,Pakistan,bat,Pakistan,300,9,241,8
ODI,India,Sri Lanka,R Premadasa Stadium,Sri Lanka,India,bat,India,271,6,267,9
ODI,Bangladesh,Pakistan,R Premadasa Stadium,Sri Lanka,Bangladesh,bat,Pakistan,166,10,167,4
ODI,Sri Lanka,India,R Premadasa Stadium,Sri Lanka,Sri Lanka,bat,Sri Lanka,228,9,203,9
ODI,South Africa,Sri Lanka,R Premadasa Stadium,Sri Lanka,South Africa,bat,Sri Lanka,263,9,265,7
ODI,Pakistan,India,VRA Ground,Netherlands,India,bowl,Pakistan,192,6,127,10
ODI,Sri Lanka,South Africa,R Premadasa Stadium,Sri Lanka,Sri Lanka,bat,Sri Lanka,213,9,176,10
ODI,Australia,India,VRA Ground,Netherlands,Australia,bat,0,175,7,0,0
ODI,South Africa,Sri Lanka,Rangiri Dambulla International Stadium,Sri Lanka,South Africa,bat,Sri Lanka,191,10,192,6
ODI,South Africa,Sri Lanka,Rangiri Dambulla International Stadium,Sri Lanka,Sri Lanka,bowl,Sri Lanka,235,7,236,3
ODI,Australia,Pakistan,VRA Ground,Netherlands,Australia,bat,Australia,192,7,175,10
ODI,Sri Lanka,South Africa,Sinhalese Sports Club Ground,Sri Lanka,South Africa,bowl,Sri Lanka,308,8,259,10
ODI,India,England,Trent Bridge,England,England,bowl,England,170,10,171,3
ODI,England,India,Kennington Oval,England,India,bowl,England,307,5,237,10
ODI,Australia,Pakistan,Lord's,England,Pakistan,bowl,Australia,269,6,259,10
ODI,India,England,Lord's,England,India,bat,India,204,10,181,10
ODI,England,Zimbabwe,Edgbaston,England,Zimbabwe,bowl,England,299,7,147,10
ODI,New Zealand,U.S.A.,Kennington Oval,England,U.S.A.,bowl,New Zealand,347,4,137,10
ODI,India,Kenya,The Rose Bowl,England,Kenya,bowl,India,290,4,192,7
ODI,Bangladesh,South Africa,Edgbaston,England,Bangladesh,bat,South Africa,93,10,94,1
ODI,U.S.A.,Australia,The Rose Bowl,England,Australia,bowl,Australia,65,10,66,1
ODI,Zimbabwe,Sri Lanka,Kennington Oval,England,Sri Lanka,bowl,Sri Lanka,191,10,195,6
ODI,Kenya,Pakistan,Edgbaston,England,Pakistan,bowl,Pakistan,94,10,95,3
ODI,West Indies,Bangladesh,The Rose Bowl,England,Bangladesh,bowl,West Indies,269,3,131,10
ODI,New Zealand,Australia,Kennington Oval,England,Australia,bowl,Australia,198,9,199,3
ODI,England,Sri Lanka,The Rose Bowl,England,Sri Lanka,bowl,England,251,7,95,5
ODI,South Africa,West Indies,Kennington Oval,England,West Indies,bowl,West Indies,246,6,249,5
ODI,India,Pakistan,Edgbaston,England,Pakistan,bowl,Pakistan,200,10,201,7
ODI,Australia,England,Edgbaston,England,England,bowl,England,259,9,262,4
ODI,Pakistan,West Indies,The Rose Bowl,England,Pakistan,bat,West Indies,131,10,132,3
ODI,England,West Indies,Kennington Oval,England,West Indies,bowl,West Indies,217,10,218,8
ODI,Pakistan,Zimbabwe,Multan Cricket Stadium,Pakistan,Pakistan,bat,Pakistan,292,7,148,10
ODI,Zimbabwe,Pakistan,Arbab Niaz Stadium,Pakistan,Pakistan,bowl,Pakistan,252,4,258,7
ODI,Sri Lanka,Pakistan,National Stadium,Pakistan,Sri Lanka,bat,Pakistan,232,9,233,2
ODI,Zimbabwe,Sri Lanka,Rawalpindi Cricket Stadium,Pakistan,Sri Lanka,bowl,Sri Lanka,104,10,108,3
ODI,Sri Lanka,Pakistan,Gaddafi Stadium,Pakistan,Pakistan,bowl,Pakistan,293,6,297,4
ODI,Sri Lanka,Pakistan,Gaddafi Stadium,Pakistan,Pakistan,bowl,Sri Lanka,287,7,168,10
ODI,New Zealand,Bangladesh,MA Aziz Stadium,Bangladesh,New Zealand,bat,New Zealand,224,10,86,10
ODI,Bangladesh,New Zealand,Bangabandhu National Stadium,Bangladesh,Bangladesh,bat,New Zealand,146,10,148,7
ODI,New Zealand,Bangladesh,Bangabandhu National Stadium,Bangladesh,New Zealand,bat,New Zealand,250,7,167,7
ODI,India,Pakistan,Eden Gardens,India,India,bat,Pakistan,292,6,293,4
ODI,Zimbabwe,England,Harare Sports Club,Zimbabwe,England,bowl,England,195,10,197,5
ODI,England,Zimbabwe,Harare Sports Club,Zimbabwe,England,bat,England,263,6,102,10
ODI,Zimbabwe,England,Queens Sports Club,Zimbabwe,Zimbabwe,bat,England,238,7,239,2
ODI,Australia,New Zealand,Docklands Stadium,Australia,New Zealand,bowl,New Zealand,246,9,247,6
ODI,England,Zimbabwe,Queens Sports Club,Zimbabwe,England,bat,England,261,6,187,10
ODI,Australia,New Zealand,Sydney Cricket Ground,Australia,Australia,bat,Australia,261,7,244,10
ODI,India,Bangladesh,MA Aziz Stadium,Bangladesh,Bangladesh,bowl,India,245,8,234,8
ODI,Sri Lanka,New Zealand,Eden Park,New Zealand,New Zealand,bowl,New Zealand,141,10,144,3
ODI,Bangladesh,India,Bangabandhu National Stadium,Bangladesh,Bangladesh,bat,Bangladesh,229,9,214,10
ODI,India,Bangladesh,Bangabandhu National Stadium,Bangladesh,India,bat,India,348,5,257,9
ODI,ICC World XI,Asia XI,Melbourne Cricket Ground,Australia,ICC World XI,bat,ICC World XI,344,8,232,10
ODI,Australia,West Indies,Melbourne Cricket Ground,Australia,Australia,bat,Australia,301,4,185,10
ODI,Pakistan,Australia,Bellerive Oval,Australia,Pakistan,bat,Australia,272,7,253,6
ODI,West Indies,Pakistan,Brisbane Cricket Ground,Australia,Pakistan,bowl,Pakistan,273,5,274,4
ODI,Zimbabwe,Bangladesh,Bangabandhu National Stadium,Bangladesh,Zimbabwe,bat,Zimbabwe,251,8,229,10
ODI,West Indies,Australia,Brisbane Cricket Ground,Australia,West Indies,bat,0,263,9,43,5
ODI,Pakistan,Australia,Sydney Cricket Ground,Australia,Australia,bowl,Australia,163,10,167,1
ODI,Zimbabwe,Bangladesh,MA Aziz Stadium,Bangladesh,Zimbabwe,bat,Zimbabwe,237,5,206,10
ODI,Bangladesh,Zimbabwe,MA Aziz Stadium,Bangladesh,Bangladesh,bat,Bangladesh,244,9,204,10
ODI,Australia,West Indies,Adelaide Oval,Australia,Australia,bat,Australia,269,8,196,10
ODI,West Indies,Pakistan,Adelaide Oval,Australia,Pakistan,bowl,West Indies,339,4,281,9
ODI,Bangladesh,Zimbabwe,Bangabandhu National Stadium,Bangladesh,Bangladesh,bat,Bangladesh,247,9,189,10
ODI,Australia,Pakistan,Western Australia Cricket Association Ground,Australia,Australia,bat,Pakistan,265,10,268,7
ODI,South Africa,England,New Wanderers Stadium,South Africa,England,bowl,England,175,9,103,3
ODI,Zimbabwe,Bangladesh,Bangabandhu National Stadium,Bangladesh,Zimbabwe,bat,Bangladesh,198,10,202,2
ODI,Pakistan,West Indies,Western Australia Cricket Association Ground,Australia,West Indies,bowl,Pakistan,307,8,277,10
ODI,England,South Africa,Goodyear Park,South Africa,South Africa,bowl,0,270,5,270,8
ODI,Australia,Pakistan,Melbourne Cricket Ground,Australia,Australia,bat,Australia,237,10,219,9
ODI,England,South Africa,St George's Park,South Africa,England,bat,South Africa,267,8,270,7
ODI,Australia,Pakistan,Sydney Cricket Ground,Australia,Australia,bat,Australia,239,9,208,10
ODI,South Africa,England,Newlands,South Africa,England,bowl,South Africa,291,5,183,10
ODI,South Africa,England,Buffalo Park,South Africa,South Africa,bat,South Africa,311,7,304,8
ODI,South Africa,England,Kingsmead,South Africa,South Africa,bat,0,211,10,7,2
ODI,England,South Africa,SuperSport Park,South Africa,South Africa,bowl,South Africa,240,10,241,7
ODI,Australia,New Zealand,Westpac Stadium,New Zealand,Australia,bat,Australia,236,7,226,10
ODI,Australia,New Zealand,Jade Stadium,New Zealand,New Zealand,bowl,Australia,314,6,208,10
ODI,South Africa,Zimbabwe,New Wanderers Stadium,South Africa,Zimbabwe,bowl,South Africa,301,7,136,10
ODI,Australia,New Zealand,Eden Park,New Zealand,Australia,bat,Australia,264,5,178,9
ODI,South Africa,Zimbabwe,Kingsmead,South Africa,Zimbabwe,bowl,South Africa,329,6,198,7
ODI,New Zealand,Australia,Basin Reserve,New Zealand,Australia,bowl,Australia,233,10,236,3
ODI,Zimbabwe,South Africa,St George's Park,South Africa,Zimbabwe,bat,South Africa,206,8,207,5
ODI,Australia,New Zealand,McLean Park,New Zealand,New Zealand,bowl,Australia,347,5,225,8
ODI,India,Pakistan,Nehru Stadium,India,India,bat,India,281,8,194,10
ODI,India,Pakistan,Andhra Cricket Association-Visakhapatnam District Cricket Association Stadium,India,India,bat,India,356,9,298,10
ODI,Pakistan,India,Keenan Stadium,India,Pakistan,bat,Pakistan,319,9,213,10
ODI,India,Pakistan,Sardar Patel Stadium,India,India,bat,Pakistan,315,6,319,7
ODI,India,Pakistan,Green Park,India,India,bat,Pakistan,249,6,252,5
ODI,Pakistan,India,Feroz Shah Kotla,India,Pakistan,bat,Pakistan,303,8,144,10
ODI,West Indies,South Africa,Sabina Park,West Indies,West Indies,bat,South Africa,253,10,255,2
ODI,West Indies,South Africa,Sabina Park,West Indies,South Africa,bowl,South Africa,152,7,124,2
ODI,South Africa,West Indies,Kensington Oval,West Indies,West Indies,bowl,South Africa,284,6,283,10
ODI,West Indies,South Africa,Queen's Park Oval,West Indies,South Africa,bowl,South Africa,231,8,232,4
ODI,West Indies,South Africa,Queen's Park Oval,West Indies,South Africa,bowl,South Africa,138,7,141,3
ODI,Pakistan,West Indies,Arnos Vale Ground,West Indies,West Indies,bowl,Pakistan,192,10,133,10
ODI,Pakistan,West Indies,Beausejour Stadium,West Indies,Pakistan,bat,Pakistan,258,8,218,10
ODI,Pakistan,West Indies,Beausejour Stadium,West Indies,West Indies,bowl,Pakistan,303,6,281,10
ODI,Bangladesh,England,Kennington Oval,England,England,bowl,England,190,10,192,0
ODI,Australia,Bangladesh,Sophia Gardens,England,Australia,bat,Bangladesh,249,5,250,5
ODI,Australia,England,County Ground,England,Australia,bat,England,252,9,253,7
ODI,England,Bangladesh,Trent Bridge,England,England,bat,England,391,4,223,10
ODI,Australia,England,Riverside Ground,England,England,bowl,Australia,266,5,209,9
ODI,Bangladesh,Australia,Old Trafford,England,Australia,bowl,Australia,139,10,140,0
ODI,Bangladesh,England,Headingley,England,Bangladesh,bat,England,208,7,209,5
ODI,Australia,England,Edgbaston,England,Australia,bat,0,261,9,37,1
ODI,Bangladesh,Australia,St Lawrence Ground,England,Australia,bowl,Australia,250,8,254,4
ODI,Australia,England,Lord's,England,England,bowl,0,196,10,196,9
ODI,Australia,England,Headingley,England,England,bowl,England,219,7,221,1
ODI,England,Australia,Lord's,England,Australia,bowl,Australia,223,8,224,3
ODI,England,Australia,Kennington Oval,England,Australia,bowl,Australia,228,7,229,2
ODI,India,Sri Lanka,Rangiri Dambulla International Stadium,Sri Lanka,India,bat,Sri Lanka,205,9,209,7
ODI,West Indies,India,Rangiri Dambulla International Stadium,Sri Lanka,West Indies,bat,India,178,10,180,4
ODI,Sri Lanka,West Indies,Rangiri Dambulla International Stadium,Sri Lanka,Sri Lanka,bat,Sri Lanka,241,6,191,10
ODI,India,Sri Lanka,Rangiri Dambulla International Stadium,Sri Lanka,India,bat,Sri Lanka,220,8,221,6
ODI,West Indies,Sri Lanka,R Premadasa Stadium,Sri Lanka,West Indies,bat,West Indies,226,7,193,10
ODI,India,West Indies,R Premadasa Stadium,Sri Lanka,India,bat,India,262,4,255,9
ODI,Sri Lanka,India,R Premadasa Stadium,Sri Lanka,Sri Lanka,bat,Sri Lanka,281,9,263,9
ODI,Africa XI,Asia XI,SuperSport Park,South Africa,Asia XI,bowl,Africa XI,198,10,196,10
ODI,Asia XI,Africa XI,Kingsmead,South Africa,Asia XI,bat,Asia XI,267,7,250,10
ODI,Africa XI,Asia XI,Kingsmead,South Africa,Africa XI,bat,0,106,10,8,2
ODI,New Zealand,Zimbabwe,Queens Sports Club,Zimbabwe,Zimbabwe,bowl,New Zealand,397,5,205,10
ODI,New Zealand,India,Queens Sports Club,Zimbabwe,New Zealand,bat,New Zealand,215,10,164,10
ODI,India,Zimbabwe,Harare Sports Club,Zimbabwe,Zimbabwe,bowl,India,226,6,65,10
ODI,Sri Lanka,Bangladesh,Sinhalese Sports Club Ground,Sri Lanka,Bangladesh,bowl,Sri Lanka,269,9,181,9
ODI,New Zealand,Zimbabwe,Harare Sports Club,Zimbabwe,New Zealand,bat,New Zealand,238,10,211,10
ODI,Sri Lanka,Bangladesh,R Premadasa Stadium,Sri Lanka,Bangladesh,bowl,Sri Lanka,295,5,220,6
ODI,New Zealand,India,Harare Sports Club,Zimbabwe,New Zealand,bat,India,278,9,279,4
ODI,Bangladesh,Sri Lanka,R Premadasa Stadium,Sri Lanka,Sri Lanka,bowl,Sri Lanka,108,10,106,4
ODI,Zimbabwe,India,Harare Sports Club,Zimbabwe,India,bowl,India,250,10,255,6
ODI,India,New Zealand,Harare Sports Club,Zimbabwe,India,bat,New Zealand,276,10,278,4
ODI,Australia,ICC World XI,Docklands Stadium,Australia,Australia,bat,Australia,255,8,162,10
ODI,Australia,ICC World XI,Docklands Stadium,Australia,Australia,bat,Australia,328,4,273,10
ODI,Australia,ICC World XI,Docklands Stadium,Australia,Australia,bat,Australia,293,5,137,10
ODI,New Zealand,South Africa,Goodyear Park,South Africa,New Zealand,bat,South Africa,249,8,250,8
ODI,India,Sri Lanka,Vidarbha Cricket Association Ground,India,India,bat,India,350,6,198,10
ODI,Sri Lanka,India,Punjab Cricket Association Stadium,India,India,bowl,India,122,10,123,2
ODI,South Africa,New Zealand,Newlands,South Africa,South Africa,bat,South Africa,201,9,182,10
ODI,New Zealand,South Africa,St George's Park,South Africa,South Africa,bowl,South Africa,243,9,245,6
ODI,Sri Lanka,India,Sawai Mansingh Stadium,India,Sri Lanka,bat,India,298,4,303,4
ODI,Sri Lanka,India,Nehru Stadium,India,India,bowl,India,261,10,262,6
ODI,South Africa,New Zealand,Kingsmead,South Africa,South Africa,bat,0,79,2,0,0
ODI,New Zealand,South Africa,SuperSport Park,South Africa,South Africa,bowl,South Africa,215,10,140,5
ODI,India,Sri Lanka,Sardar Patel Stadium,India,Sri Lanka,bowl,Sri Lanka,285,8,286,5
ODI,Sri Lanka,India,Madhavrao Scindia Cricket Ground,India,India,bowl,India,196,10,197,3
ODI,Sri Lanka,India,Indian Petrochemicals Corporation Limited Sports Complex Ground,India,Sri Lanka,bat,India,244,9,245,5
ODI,India,South Africa,Rajiv Gandhi International Stadium,India,South Africa,bowl,South Africa,249,9,252,5
ODI,South Africa,India,M Chinnaswamy Stadium,India,India,bowl,India,169,9,171,4
ODI,India,South Africa,Eden Gardens,India,South Africa,bowl,South Africa,188,10,189,0
ODI,South Africa,India,Wankhede Stadium,India,India,bowl,India,221,6,224,5
ODI,Australia,New Zealand,Eden Park,New Zealand,New Zealand,bowl,Australia,252,8,105,10
ODI,Australia,New Zealand,Westpac Stadium,New Zealand,Australia,bat,Australia,322,5,320,10
ODI,Australia,New Zealand,Jade Stadium,New Zealand,New Zealand,bowl,New Zealand,331,7,332,8
ODI,England,Pakistan,Gaddafi Stadium,Pakistan,England,bat,England,327,4,285,10
ODI,England,Pakistan,Gaddafi Stadium,Pakistan,England,bat,Pakistan,230,10,231,3
ODI,Pakistan,England,National Stadium,Pakistan,England,bowl,Pakistan,353,6,188,10
ODI,Pakistan,England,Rawalpindi Cricket Stadium,Pakistan,Pakistan,bat,Pakistan,210,10,197,10
ODI,England,Pakistan,Rawalpindi Cricket Stadium,Pakistan,England,bat,England,206,9,200,9
ODI,Sri Lanka,New Zealand,Queenstown Events Centre,New Zealand,New Zealand,bowl,New Zealand,164,10,166,3
ODI,Sri Lanka,New Zealand,Jade Stadium,New Zealand,New Zealand,bowl,New Zealand,255,7,256,5
ODI,New Zealand,Sri Lanka,Westpac Stadium,New Zealand,New Zealand,bat,New Zealand,224,9,203,10
ODI,Sri Lanka,New Zealand,McLean Park,New Zealand,Sri Lanka,bat,Sri Lanka,273,6,253,10
ODI,Australia,Sri Lanka,Docklands Stadium,Australia,Sri Lanka,bowl,Australia,318,5,202,7
ODI,Australia,South Africa,Brisbane Cricket Ground,Australia,Australia,bat,South Africa,228,10,231,5
ODI,Sri Lanka,South Africa,Brisbane Cricket Ground,Australia,South Africa,bowl,Sri Lanka,282,6,188,10
ODI,Australia,South Africa,Docklands Stadium,Australia,Australia,bat,Australia,245,10,186,10
ODI,Sri Lanka,Australia,Sydney Cricket Ground,Australia,Sri Lanka,bat,Sri Lanka,309,7,258,10
ODI,South Africa,Sri Lanka,Adelaide Oval,Australia,South Africa,bat,South Africa,263,5,254,8
ODI,Sri Lanka,Australia,Adelaide Oval,Australia,Sri Lanka,bat,Australia,218,8,219,5
ODI,Sri Lanka,Australia,Western Australia Cricket Association Ground,Australia,Sri Lanka,bat,Australia,233,8,237,4
ODI,Sri Lanka,South Africa,Western Australia Cricket Association Ground,Australia,Sri Lanka,bat,South Africa,221,10,224,5
ODI,Australia,South Africa,Docklands Stadium,Australia,Australia,bat,Australia,281,7,201,9
ODI,Australia,South Africa,Sydney Cricket Ground,Australia,Australia,bat,Australia,344,6,287,6
ODI,India,Pakistan,Arbab Niaz Stadium,Pakistan,Pakistan,bowl,Pakistan,328,10,311,7
ODI,Sri Lanka,South Africa,Bellerive Oval,Australia,Sri Lanka,bat,Sri Lanka,257,9,181,10
ODI,Sri Lanka,Australia,Adelaide Oval,Australia,Sri Lanka,bat,Sri Lanka,274,8,252,10
ODI,Pakistan,India,Rawalpindi Cricket Stadium,Pakistan,Pakistan,bat,India,265,10,266,3
ODI,Australia,Sri Lanka,Sydney Cricket Ground,Australia,Australia,bat,Australia,368,5,201,10
ODI,Pakistan,India,Gaddafi Stadium,Pakistan,India,bowl,India,288,8,292,5
ODI,Sri Lanka,Australia,Brisbane Cricket Ground,Australia,Sri Lanka,bat,Australia,266,9,267,1
ODI,Pakistan,India,Multan Cricket Stadium,Pakistan,India,bowl,India,161,10,162,5
ODI,New Zealand,West Indies,Westpac Stadium,New Zealand,New Zealand,bat,New Zealand,288,9,207,10
ODI,Pakistan,India,National Stadium,Pakistan,India,bowl,India,286,8,287,2
ODI,Bangladesh,Sri Lanka,Shaheed Chandu Stadium,Bangladesh,Bangladesh,bat,Sri Lanka,118,10,119,5
ODI,West Indies,New Zealand,Queenstown Events Centre,New Zealand,New Zealand,bowl,New Zealand,200,9,204,7
ODI,Sri Lanka,Bangladesh,Shaheed Chandu Stadium,Bangladesh,Bangladesh,bowl,Bangladesh,212,10,213,6
ODI,New Zealand,West Indies,Jade Stadium,New Zealand,New Zealand,bat,New Zealand,276,6,255,10
ODI,Sri Lanka,Bangladesh,Chittagong Divisional Stadium,Bangladesh,Bangladesh,bowl,Sri Lanka,309,7,231,9
ODI,Kenya,Zimbabwe,Queens Sports Club,Zimbabwe,Kenya,bat,Zimbabwe,227,9,231,2
ODI,Kenya,Zimbabwe,Queens Sports Club,Zimbabwe,Zimbabwe,bowl,Kenya,284,7,205,10
ODI,Australia,South Africa,SuperSport Park,South Africa,Australia,bat,South Africa,229,8,207,4
ODI,New Zealand,West Indies,McLean Park,New Zealand,West Indies,bowl,New Zealand,324,6,233,8
ODI,Kenya,Zimbabwe,Harare Sports Club,Zimbabwe,Kenya,bat,Kenya,134,10,69,10
ODI,Zimbabwe,Kenya,Harare Sports Club,Zimbabwe,Zimbabwe,bat,Zimbabwe,231,9,122,10
ODI,South Africa,Australia,Newlands,South Africa,South Africa,bat,South Africa,289,7,93,10
ODI,New Zealand,West Indies,Eden Park,New Zealand,New Zealand,bat,West Indies,233,10,234,7
ODI,Australia,South Africa,St George's Park,South Africa,South Africa,bowl,Australia,254,6,230,10
ODI,South Africa,Australia,Kingsmead,South Africa,South Africa,bat,Australia,246,9,247,9
ODI,Australia,South Africa,New Wanderers Stadium,South Africa,Australia,bat,South Africa,434,4,438,9
ODI,Bangladesh,Kenya,Shaheed Chandu Stadium,Bangladesh,Bangladesh,bat,Bangladesh,301,7,170,10
ODI,Pakistan,Sri Lanka,R Premadasa Stadium,Sri Lanka,Sri Lanka,bowl,0,201,8,0,0
ODI,Sri Lanka,Pakistan,R Premadasa Stadium,Sri Lanka,Pakistan,bowl,Pakistan,130,10,134,6
ODI,Kenya,Bangladesh,Khulna Divisional Stadium,Bangladesh,Kenya,bat,Bangladesh,161,10,162,1
ODI,Sri Lanka,Pakistan,Sinhalese Sports Club Ground,Sri Lanka,Pakistan,bowl,Pakistan,224,10,229,6
ODI,Bangladesh,Kenya,Narayanganj Osmani Stadium,Bangladesh,Bangladesh,bat,Bangladesh,231,10,211,10
ODI,Kenya,Bangladesh,Narayanganj Osmani Stadium,Bangladesh,Kenya,bat,Bangladesh,232,9,237,3
ODI,England,India,Nahar Singh Stadium,India,England,bat,India,226,10,230,6
ODI,India,England,Nehru Stadium,India,India,bat,India,294,6,245,10
ODI,England,India,Nehru Stadium,India,England,bat,India,237,10,238,6
ODI,India,England,Keenan Stadium,India,India,bat,England,223,10,227,5
ODI,England,India,Maharani Usharaje Trust Cricket Ground,India,India,bowl,India,288,10,289,3
ODI,India,Pakistan,Sheikh Zayed Stadium,United Arab Emirates,India,bat,Pakistan,197,10,201,4
ODI,India,Pakistan,Sheikh Zayed Stadium,United Arab Emirates,India,bat,India,269,5,218,10
ODI,Bangladesh,Australia,Chittagong Divisional Stadium,Bangladesh,Bangladesh,bat,Australia,195,10,196,6
ODI,Australia,Bangladesh,Narayanganj Osmani Stadium,Bangladesh,Australia,bat,Australia,250,5,183,10
ODI,Bangladesh,Australia,Narayanganj Osmani Stadium,Bangladesh,Bangladesh,bat,Australia,124,10,127,1
ODI,Zimbabwe,West Indies,Antigua Recreation Ground,West Indies,West Indies,bowl,West Indies,151,9,154,5
ODI,West Indies,Zimbabwe,Antigua Recreation Ground,West Indies,West Indies,bat,West Indies,242,9,144,10
ODI,West Indies,Zimbabwe,Bourda,West Indies,West Indies,bat,West Indies,333,6,251,7
ODI,Zimbabwe,West Indies,Beausejour Stadium,West Indies,Zimbabwe,bat,West Indies,152,10,156,0
ODI,West Indies,Zimbabwe,Queen's Park Oval,West Indies,West Indies,bat,0,263,6,72,2
ODI,West Indies,Zimbabwe,Queen's Park Oval,West Indies,West Indies,bat,West Indies,266,8,162,10
ODI,Zimbabwe,Canada,Queen's Park Oval,West Indies,Zimbabwe,bat,Zimbabwe,218,8,75,10
ODI,Canada,Bermuda,Queen's Park Oval,West Indies,Bermuda,bowl,Bermuda,157,9,153,7
ODI,Zimbabwe,Bermuda,Queen's Park Oval,West Indies,Bermuda,bowl,Zimbabwe,338,7,144,7
ODI,West Indies,India,Sabina Park,West Indies,India,bowl,India,251,6,254,5
ODI,Zimbabwe,Bermuda,Queen's Park Oval,West Indies,Zimbabwe,bat,Zimbabwe,259,7,176,10
ODI,West Indies,India,Sabina Park,West Indies,India,bowl,West Indies,198,9,197,10
ODI,India,West Indies,Warner Park,West Indies,India,bat,West Indies,245,9,248,6
ODI,India,West Indies,Queen's Park Oval,West Indies,West Indies,bowl,West Indies,217,7,218,4
ODI,West Indies,India,Queen's Park Oval,West Indies,India,bowl,West Indies,255,6,236,10
ODI,England,Ireland,Civil Service Cricket Club,Ireland,England,bat,England,301,7,263,9
ODI,Sri Lanka,England,Lord's,England,England,bowl,Sri Lanka,257,9,237,9
ODI,Sri Lanka,England,Kennington Oval,England,Sri Lanka,bat,Sri Lanka,319,8,273,10
ODI,England,Sri Lanka,Riverside Ground,England,England,bat,Sri Lanka,261,7,265,2
ODI,Scotland,Pakistan,Grange Cricket Club Ground,Scotland,Pakistan,bowl,Pakistan,203,8,205,5
ODI,Sri Lanka,England,Old Trafford,England,Sri Lanka,bat,Sri Lanka,318,7,285,10
ODI,England,Sri Lanka,Headingley,England,England,bat,Sri Lanka,321,7,324,2
ODI,Sri Lanka,Netherlands,VRA Ground,Netherlands,Sri Lanka,bat,Sri Lanka,443,9,248,10
ODI,Sri Lanka,Netherlands,VRA Ground,Netherlands,Sri Lanka,bat,Sri Lanka,313,8,258,10
ODI,Bangladesh,Zimbabwe,Harare Sports Club,Zimbabwe,Zimbabwe,bowl,Zimbabwe,246,7,248,8
ODI,Bangladesh,Zimbabwe,Harare Sports Club,Zimbabwe,Zimbabwe,bowl,Bangladesh,238,8,176,10
ODI,Bangladesh,Zimbabwe,Harare Sports Club,Zimbabwe,Zimbabwe,bowl,Zimbabwe,236,10,238,8
ODI,Bangladesh,Zimbabwe,Harare Sports Club,Zimbabwe,Bangladesh,bat,Zimbabwe,206,9,212,3
ODI,Ireland,Scotland,Cambusdoon New Ground,Scotland,Scotland,bowl,Ireland,240,8,155,10
ODI,Kenya,Canada,Toronto Cricket,Canada,Kenya,bat,Kenya,237,9,129,10
ODI,Zimbabwe,Bangladesh,Harare Sports Club,Zimbabwe,Zimbabwe,bat,Bangladesh,197,10,201,2
ODI,Netherlands,Scotland,Cambusdoon New Ground,Scotland,Netherlands,bat,Scotland,137,8,138,6
ODI,Canada,Kenya,Toronto Cricket,Canada,Canada,bat,Kenya,94,10,97,5
ODI,Ireland,Netherlands,Cambusdoon New Ground,Scotland,Ireland,bat,0,274,10,125,5
ODI,Kenya,Bangladesh,Gymkhana Club Ground,Kenya,Bangladesh,bowl,Bangladesh,168,10,170,4
ODI,Kenya,Bangladesh,Gymkhana Club Ground,Kenya,Kenya,bat,Bangladesh,184,10,185,8
ODI,Kenya,Bangladesh,Gymkhana Club Ground,Kenya,Bangladesh,bowl,Bangladesh,118,10,120,4
ODI,India,Sri Lanka,Sinhalese Sports Club Ground,Sri Lanka,India,bat,0,11,0,0,0
ODI,Canada,Bermuda,Toronto Cricket,Canada,Canada,bat,Bermuda,145,10,150,4
ODI,Bermuda,Canada,Toronto Cricket,Canada,Bermuda,bat,Bermuda,272,7,261,10
ODI,England,Pakistan,Sophia Gardens,England,Pakistan,bowl,0,202,10,46,1
ODI,England,Pakistan,Lord's,England,Pakistan,bowl,Pakistan,166,10,169,3
ODI,England,Pakistan,The Rose Bowl,England,Pakistan,bowl,Pakistan,271,9,274,8
ODI,Pakistan,England,Trent Bridge,England,Pakistan,bat,England,235,8,237,2
ODI,Pakistan,England,Edgbaston,England,England,bowl,England,154,9,155,7
ODI,Australia,West Indies,Kinrara Academy Oval,Malaysia,Australia,bat,Australia,279,9,201,10
ODI,India,West Indies,Kinrara Academy Oval,Malaysia,India,bat,West Indies,309,5,141,2
ODI,Zimbabwe,South Africa,Goodyear Park,South Africa,Zimbabwe,bat,South Africa,201,7,202,5
ODI,Australia,India,Kinrara Academy Oval,Malaysia,Australia,bat,0,244,10,35,5
ODI,Australia,West Indies,Kinrara Academy Oval,Malaysia,Australia,bat,West Indies,272,6,273,7
ODI,Zimbabwe,South Africa,Buffalo Park,South Africa,Zimbabwe,bat,South Africa,152,10,156,4
ODI,India,West Indies,Kinrara Academy Oval,Malaysia,India,bat,India,162,10,146,10
ODI,South Africa,Zimbabwe,Sedgars Park,South Africa,South Africa,bat,South Africa,418,5,247,4
ODI,Australia,India,Kinrara Academy Oval,Malaysia,Australia,bat,Australia,213,10,195,10
ODI,Australia,West Indies,Kinrara Academy Oval,Malaysia,Australia,bat,Australia,240,6,113,10
ODI,Sri Lanka,Bangladesh,Punjab Cricket Association Stadium,India,Bangladesh,bowl,Sri Lanka,302,8,265,9
ODI,Zimbabwe,West Indies,Sardar Patel Stadium,India,Zimbabwe,bat,West Indies,85,10,90,1
ODI,Sri Lanka,Zimbabwe,Sardar Patel Stadium,India,Sri Lanka,bat,Sri Lanka,285,7,141,10
ODI,Bangladesh,West Indies,Sawai Mansingh Stadium,India,Bangladesh,bat,West Indies,161,10,164,0
ODI,Bangladesh,Zimbabwe,Sawai Mansingh Stadium,India,Zimbabwe,bowl,Bangladesh,231,6,130,10
ODI,West Indies,Sri Lanka,Brabourne Stadium,India,West Indies,bat,Sri Lanka,80,10,83,1
ODI,England,India,Sawai Mansingh Stadium,India,India,bowl,India,125,10,126,6
ODI,New Zealand,South Africa,Brabourne Stadium,India,South Africa,bowl,New Zealand,195,10,108,10
ODI,Sri Lanka,Pakistan,Sawai Mansingh Stadium,India,Sri Lanka,bat,Pakistan,253,10,255,6
ODI,West Indies,Australia,Brabourne Stadium,India,West Indies,bat,West Indies,234,6,224,9
ODI,New Zealand,Sri Lanka,Brabourne Stadium,India,New Zealand,bat,Sri Lanka,165,10,166,3
ODI,England,Australia,Sawai Mansingh Stadium,India,Australia,bowl,Australia,169,10,170,4
ODI,South Africa,Sri Lanka,Sardar Patel Stadium,India,Sri Lanka,bowl,South Africa,219,9,141,10
ODI,New Zealand,Pakistan,Punjab Cricket Association Stadium,India,Pakistan,bowl,New Zealand,274,7,223,10
ODI,India,West Indies,Sardar Patel Stadium,India,West Indies,bowl,West Indies,223,9,224,7
ODI,South Africa,Pakistan,Punjab Cricket Association Stadium,India,South Africa,bat,South Africa,213,8,89,10
ODI,West Indies,England,Sardar Patel Stadium,India,West Indies,bat,England,272,4,276,7
ODI,India,Australia,Punjab Cricket Association Stadium,India,India,bat,Australia,249,8,252,4
ODI,Australia,New Zealand,Punjab Cricket Association Stadium,India,New Zealand,bowl,Australia,240,9,206,10
ODI,South Africa,West Indies,Sawai Mansingh Stadium,India,South Africa,bat,West Indies,258,8,262,4
ODI,West Indies,Australia,Brabourne Stadium,India,West Indies,bat,Australia,138,10,116,2
ODI,Kenya,Bermuda,Mombasa Sports Club Ground,Kenya,Kenya,bat,Kenya,224,8,145,10
ODI,Bermuda,Kenya,Mombasa Sports Club Ground,Kenya,Bermuda,bat,Kenya,184,8,186,3
ODI,Kenya,Bermuda,Mombasa Sports Club Ground,Kenya,Kenya,bat,Kenya,305,8,201,6
ODI,South Africa,India,Kingsmead,South Africa,South Africa,bat,South Africa,248,8,91,10
ODI,Netherlands,Canada,Sedgars Park,South Africa,Canada,bowl,Netherlands,271,8,254,8
ODI,South Africa,India,Newlands,South Africa,South Africa,bat,South Africa,274,7,168,10
ODI,Bermuda,Canada,Sedgars Park,South Africa,Canada,bowl,Canada,235,8,239,5
ODI,Bermuda,Netherlands,Sedgars Park,South Africa,Bermuda,bat,Netherlands,177,10,180,2
ODI,South Africa,India,St George's Park,South Africa,South Africa,bat,South Africa,243,8,163,10
ODI,Zimbabwe,Bangladesh,Khulna Divisional Stadium,Bangladesh,Zimbabwe,bat,Bangladesh,184,9,186,1
ODI,Bermuda,Canada,Willowmoore Park,South Africa,Canada,bowl,Canada,178,9,179,7
ODI,Canada,Netherlands,Willowmoore Park,South Africa,Netherlands,bowl,Netherlands,223,8,205,9
ODI,Netherlands,Bermuda,Willowmoore Park,South Africa,Netherlands,bat,Bermuda,91,9,94,4
ODI,Zimbabwe,Bangladesh,Shaheed Chandu Stadium,Bangladesh,Bangladesh,bowl,Bangladesh,217,7,218,4
ODI,India,South Africa,SuperSport Park,South Africa,South Africa,bowl,South Africa,200,9,201,1
ODI,Bangladesh,Zimbabwe,Shaheed Chandu Stadium,Bangladesh,Zimbabwe,bowl,Bangladesh,220,10,194,10
ODI,West Indies,Pakistan,Iqbal Stadium,Pakistan,Pakistan,bowl,Pakistan,151,10,154,8
ODI,Zimbabwe,Bangladesh,Shere Bangla National Stadium,Bangladesh,Bangladesh,bowl,Bangladesh,146,10,147,2
ODI,Zimbabwe,Bangladesh,Shere Bangla National Stadium,Bangladesh,Bangladesh,bowl,Bangladesh,193,8,197,7
ODI,West Indies,Pakistan,Gaddafi Stadium,Pakistan,Pakistan,bowl,Pakistan,207,7,192,3
ODI,Pakistan,West Indies,Multan Cricket Stadium,Pakistan,Pakistan,bat,West Indies,209,10,212,3
ODI,Scotland,Bangladesh,Chittagong Divisional Stadium,Bangladesh,Bangladesh,bowl,Bangladesh,153,10,154,4
ODI,West Indies,Pakistan,National Stadium,Pakistan,Pakistan,bowl,Pakistan,238,7,239,3
ODI,Bangladesh,Scotland,Shere Bangla National Stadium,Bangladesh,Scotland,bowl,Bangladesh,278,6,132,10
ODI,New Zealand,Sri Lanka,McLean Park,New Zealand,New Zealand,bat,Sri Lanka,285,8,289,3
ODI,Sri Lanka,New Zealand,Queenstown Events Centre,New Zealand,New Zealand,bowl,New Zealand,224,7,228,9
ODI,Sri Lanka,New Zealand,Jade Stadium,New Zealand,New Zealand,bowl,New Zealand,112,10,110,6
ODI,Sri Lanka,New Zealand,Eden Park,New Zealand,Sri Lanka,bat,Sri Lanka,262,6,73,10
ODI,Sri Lanka,New Zealand,Seddon Park,New Zealand,New Zealand,bowl,0,0,0,0,0
ODI,England,Australia,Melbourne Cricket Ground,Australia,England,bat,Australia,242,8,246,2
ODI,Australia,New Zealand,Bellerive Oval,Australia,Australia,bat,Australia,289,8,184,10
ODI,New Zealand,England,Bellerive Oval,Australia,New Zealand,bat,England,205,9,206,7
ODI,Kenya,Scotland,Mombasa Sports Club Ground,Kenya,Kenya,bat,Kenya,328,5,138,10
ODI,Canada,Scotland,Mombasa Sports Club Ground,Kenya,Canada,bat,Scotland,292,5,293,8
ODI,England,Australia,Brisbane Cricket Ground,Australia,England,bat,Australia,155,10,156,6
ODI,New Zealand,Australia,Sydney Cricket Ground,Australia,New Zealand,bat,Australia,218,10,224,8
ODI,India,West Indies,Vidarbha Cricket Association Ground,India,West Indies,bowl,India,338,3,324,8
ODI,Kenya,Scotland,Mombasa Sports Club Ground,Kenya,Kenya,bat,Kenya,259,9,253,8
ODI,New Zealand,England,Adelaide Oval,Australia,New Zealand,bat,New Zealand,210,10,120,10
ODI,Canada,Scotland,Mombasa Sports Club Ground,Kenya,Canada,bat,Scotland,208,10,209,8
ODI,Canada,Kenya,Mombasa Sports Club Ground,Kenya,Canada,bat,Canada,213,9,144,10
ODI,India,West Indies,Barabati Stadium,India,India,bat,India,189,10,169,10
ODI,England,Australia,Adelaide Oval,Australia,England,bat,Australia,110,10,111,1
ODI,India,West Indies,MA Chidambaram Stadium,India,West Indies,bowl,West Indies,268,10,270,7
ODI,Australia,New Zealand,Western Australia Cricket Association Ground,Australia,Australia,bat,Australia,343,5,335,5
ODI,Bermuda,Kenya,Jaffery Sports Club Ground,Kenya,Kenya,bowl,Kenya,133,10,137,0
ODI,New Zealand,England,Western Australia Cricket Association Ground,Australia,New Zealand,bat,New Zealand,318,7,260,8
ODI,Canada,Netherlands,Ruaraka Sports Club Ground,Kenya,Canada,bat,Netherlands,200,10,201,2
ODI,Ireland,Scotland,Gymkhana Club Ground,Kenya,Ireland,bat,Scotland,280,7,284,7
ODI,India,West Indies,Indian Petrochemicals Corporation Limited Sports Complex Ground,India,West Indies,bowl,India,341,3,181,10
ODI,Bermuda,Ireland,Jaffery Sports Club Ground,Kenya,Ireland,bowl,Ireland,275,8,276,6
ODI,Scotland,Canada,Ruaraka Sports Club Ground,Kenya,Canada,bowl,Scotland,276,4,269,9
ODI,Netherlands,Kenya,Gymkhana Club Ground,Kenya,Kenya,bowl,Kenya,131,10,133,3
ODI,England,Australia,Sydney Cricket Ground,Australia,England,bat,England,292,7,200,9
ODI,Canada,Bermuda,Gymkhana Club Ground,Kenya,Bermuda,bowl,Canada,162,8,106,10
ODI,Ireland,Kenya,Ruaraka Sports Club Ground,Kenya,Kenya,bowl,Kenya,284,4,286,9
ODI,Scotland,Netherlands,Jaffery Sports Club Ground,Kenya,Netherlands,bowl,Scotland,207,8,205,10
ODI,New Zealand,Australia,Melbourne Cricket Ground,Australia,New Zealand,bat,Australia,290,7,291,5
ODI,Bermuda,Netherlands,Ruaraka Sports Club Ground,Kenya,Netherlands,bowl,Netherlands,194,10,198,2
ODI,Ireland,Canada,Jaffery Sports Club Ground,Kenya,Canada,bowl,Canada,308,7,312,4
ODI,Scotland,Kenya,Gymkhana Club Ground,Kenya,Scotland,bat,Scotland,254,8,177,10
ODI,Bangladesh,Zimbabwe,Harare Sports Club,Zimbabwe,Zimbabwe,bowl,Bangladesh,260,9,215,10
ODI,South Africa,Pakistan,SuperSport Park,South Africa,Pakistan,bowl,South Africa,392,6,228,10
ODI,Scotland,Bermuda,Ruaraka Sports Club Ground,Kenya,Scotland,bat,Bermuda,268,9,269,5
ODI,Kenya,Canada,Jaffery Sports Club Ground,Kenya,Kenya,bat,Kenya,250,9,92,10
ODI,Netherlands,Ireland,Gymkhana Club Ground,Kenya,Ireland,bowl,Netherlands,260,7,254,8
ODI,England,New Zealand,Brisbane Cricket Ground,Australia,England,bat,England,270,7,256,8
ODI,Bangladesh,Zimbabwe,Harare Sports Club,Zimbabwe,Bangladesh,bat,Zimbabwe,153,10,156,2
ODI,Scotland,Kenya,Gymkhana Club Ground,Kenya,Scotland,bat,Kenya,155,10,158,2
ODI,Pakistan,South Africa,Kingsmead,South Africa,Pakistan,bat,Pakistan,351,4,210,10
ODI,Sri Lanka,India,Eden Gardens,India,India,bowl,0,102,3,0,0
ODI,Australia,England,Melbourne Cricket Ground,Australia,Australia,bat,England,252,10,253,6
ODI,Bangladesh,Zimbabwe,Harare Sports Club,Zimbabwe,Zimbabwe,bowl,Bangladesh,228,9,214,10
ODI,Pakistan,South Africa,St George's Park,South Africa,Pakistan,bat,0,245,8,0,0
ODI,Sri Lanka,New Zealand,Sabina Park,West Indies,Sri Lanka,bat,Sri Lanka,289,5,208,10
ODI,Zimbabwe,Bangladesh,Harare Sports Club,Zimbabwe,Bangladesh,bowl,Bangladesh,244,8,246,9
ODI,England,Australia,Sydney Cricket Ground,Australia,England,bat,England,246,8,152,8
ODI,Sri Lanka,India,Madhavrao Scindia Cricket Ground,India,India,bowl,Sri Lanka,257,8,252,9
ODI,Pakistan,South Africa,Newlands,South Africa,South Africa,bowl,South Africa,107,10,113,0
ODI,Sri Lanka,India,Nehru Stadium,India,Sri Lanka,bat,India,230,8,233,5
ODI,Pakistan,South Africa,New Wanderers Stadium,South Africa,Pakistan,bat,South Africa,153,10,156,1
ODI,Australia,New Zealand,Westpac Stadium,New Zealand,New Zealand,bowl,New Zealand,148,10,149,0
ODI,Sri Lanka,India,Andhra Cricket Association-Visakhapatnam District Cricket Association Stadium,India,India,bowl,India,259,7,263,3
ODI,Australia,New Zealand,Eden Park,New Zealand,New Zealand,bowl,New Zealand,336,4,340,5
ODI,Australia,New Zealand,Seddon Park,New Zealand,Australia,bat,New Zealand,346,5,350,9
ODI,Bermuda,Bangladesh,Antigua Recreation Ground,West Indies,Bermuda,bat,Bangladesh,205,8,206,2
ODI,Bermuda,Canada,Antigua Recreation Ground,West Indies,Bermuda,bat,Canada,206,8,207,7
ODI,Bangladesh,Canada,Antigua Recreation Ground,West Indies,Canada,bowl,Bangladesh,278,5,265,7
ODI,West Indies,Pakistan,Sabina Park,West Indies,Pakistan,bowl,West Indies,241,9,187,10
ODI,Australia,Scotland,Warner Park,West Indies,Scotland,bowl,Australia,334,6,131,9
ODI,Canada,Kenya,Beausejour Stadium,West Indies,Kenya,bowl,Kenya,199,10,203,3
ODI,Sri Lanka,Bermuda,Queen's Park Oval,West Indies,Sri Lanka,bat,Sri Lanka,321,6,78,10
ODI,Ireland,Zimbabwe,Sabina Park,West Indies,Zimbabwe,bowl,0,221,9,221,10
ODI,England,New Zealand,Beausejour Stadium,West Indies,New Zealand,bowl,New Zealand,209,7,210,4
ODI,South Africa,Netherlands,Warner Park,West Indies,Netherlands,bowl,South Africa,353,3,132,9
ODI,India,Bangladesh,Queen's Park Oval,West Indies,India,bat,Bangladesh,191,10,192,5
ODI,Pakistan,Ireland,Sabina Park,West Indies,Ireland,bowl,Ireland,132,10,133,7
ODI,Australia,Netherlands,Warner Park,West Indies,Australia,bat,Australia,358,5,129,10
ODI,England,Canada,Beausejour Stadium,West Indies,Canada,bowl,England,279,6,228,7
ODI,India,Bermuda,Queen's Park Oval,West Indies,Bermuda,bowl,India,413,5,156,10
ODI,Zimbabwe,West Indies,Sabina Park,West Indies,West Indies,bowl,West Indies,202,5,204,4
ODI,New Zealand,Kenya,Beausejour Stadium,West Indies,Kenya,bowl,New Zealand,331,7,183,10
ODI,Scotland,South Africa,Warner Park,West Indies,South Africa,bowl,South Africa,186,8,188,3
ODI,Sri Lanka,Bangladesh,Queen's Park Oval,West Indies,Bangladesh,bowl,Sri Lanka,318,4,112,10
ODI,Pakistan,Zimbabwe,Sabina Park,West Indies,Zimbabwe,bowl,Pakistan,349,10,99,10
ODI,New Zealand,Canada,Beausejour Stadium,West Indies,Canada,bowl,New Zealand,363,5,249,9
ODI,Scotland,Netherlands,Warner Park,West Indies,Netherlands,bowl,Netherlands,136,10,140,2
ODI,Sri Lanka,India,Queen's Park Oval,West Indies,India,bowl,Sri Lanka,254,6,185,10
ODI,Ireland,West Indies,Sabina Park,West Indies,Ireland,bat,West Indies,183,8,190,2
ODI,Australia,South Africa,Warner Park,West Indies,South Africa,bowl,Australia,377,6,294,10
ODI,Kenya,England,Beausejour Stadium,West Indies,Kenya,bat,England,177,10,178,3
ODI,Bermuda,Bangladesh,Queen's Park Oval,West Indies,Bangladesh,bowl,Bangladesh,94,9,96,3
ODI,India,Australia,Reliance Stadium,India,India,bat,Australia,148,10,149,1
ODI,Australia,West Indies,Sir Vivian Richards Stadium,West Indies,West Indies,bowl,Australia,322,6,219,10
ODI,Sri Lanka,South Africa,Providence Stadium,West Indies,Sri Lanka,bat,South Africa,209,10,212,9
ODI,West Indies,New Zealand,Sir Vivian Richards Stadium,West Indies,New Zealand,bowl,New Zealand,177,10,179,3
ODI,England,Ireland,Providence Stadium,West Indies,England,bat,England,266,7,218,10
ODI,Bangladesh,Australia,Sir Vivian Richards Stadium,West Indies,Australia,bowl,Australia,104,6,106,0
ODI,Sri Lanka,West Indies,Providence Stadium,West Indies,West Indies,bowl,Sri Lanka,303,5,190,10
ODI,Bangladesh,New Zealand,Sir Vivian Richards Stadium,West Indies,New Zealand,bowl,New Zealand,174,10,178,1
ODI,Ireland,South Africa,Providence Stadium,West Indies,South Africa,bowl,South Africa,152,8,165,3
ODI,Sri Lanka,England,Sir Vivian Richards Stadium,West Indies,England,bowl,Sri Lanka,235,10,233,8
ODI,Bangladesh,South Africa,Providence Stadium,West Indies,South Africa,bowl,Bangladesh,251,8,184,10
ODI,England,Australia,Sir Vivian Richards Stadium,West Indies,England,bat,Australia,247,10,248,3
ODI,New Zealand,Ireland,Providence Stadium,West Indies,New Zealand,bat,New Zealand,263,8,134,10
ODI,South Africa,West Indies,National Cricket Stadium,West Indies,West Indies,bowl,South Africa,356,4,289,9
ODI,Bangladesh,England,Kensington Oval,West Indies,England,bowl,England,143,10,147,6
ODI,New Zealand,Sri Lanka,National Cricket Stadium,West Indies,New Zealand,bat,Sri Lanka,219,7,222,4
ODI,Ireland,Australia,Kensington Oval,West Indies,Australia,bowl,Australia,91,10,92,1
ODI,South Africa,New Zealand,National Cricket Stadium,West Indies,New Zealand,bowl,New Zealand,193,7,196,5
ODI,Ireland,Bangladesh,Kensington Oval,West Indies,Ireland,bat,Ireland,243,7,169,10
ODI,Sri Lanka,Australia,National Cricket Stadium,West Indies,Sri Lanka,bat,Australia,226,10,232,3
ODI,England,South Africa,Kensington Oval,West Indies,England,bat,South Africa,154,10,157,1
ODI,Ireland,Sri Lanka,National Cricket Stadium,West Indies,Sri Lanka,bowl,Sri Lanka,77,10,81,2
ODI,West Indies,Bangladesh,Kensington Oval,West Indies,Bangladesh,bowl,West Indies,230,5,131,10
ODI,Australia,New Zealand,National Cricket Stadium,West Indies,Australia,bat,Australia,348,6,133,10
ODI,West Indies,England,Kensington Oval,West Indies,England,bowl,England,300,10,301,9
ODI,South Africa,Australia,Beausejour Stadium,West Indies,South Africa,bat,Australia,149,10,153,3
ODI,Australia,Sri Lanka,Kensington Oval,West Indies,Australia,bat,Australia,281,4,215,8
ODI,Bangladesh,India,Shere Bangla National Stadium,Bangladesh,Bangladesh,bat,India,250,7,251,5
ODI,India,Bangladesh,Shere Bangla National Stadium,Bangladesh,India,bat,India,284,8,238,9
ODI,Sri Lanka,Pakistan,Sheikh Zayed Stadium,United Arab Emirates,Sri Lanka,bat,Pakistan,235,9,239,5
ODI,Pakistan,Sri Lanka,Sheikh Zayed Stadium,United Arab Emirates,Pakistan,bat,Pakistan,313,9,215,10
ODI,Sri Lanka,Pakistan,Sheikh Zayed Stadium,United Arab Emirates,Sri Lanka,bat,Sri Lanka,296,9,181,10
ODI,Asia XI,Africa XI,M Chinnaswamy Stadium,India,Asia XI,bat,Asia XI,317,9,283,10
ODI,Asia XI,Africa XI,MA Chidambaram Stadium,India,Asia XI,bat,Asia XI,337,7,306,10
ODI,Asia XI,Africa XI,MA Chidambaram Stadium,India,Asia XI,bat,Asia XI,331,8,318,7
ODI,Ireland,India,Civil Service Cricket Club,Ireland,India,bowl,India,193,10,171,1
ODI,South Africa,Ireland,Civil Service Cricket Club,Ireland,Ireland,bowl,South Africa,173,4,131,10
ODI,India,England,Madhavrao Scindia Cricket Ground,India,England,bowl,India,387,5,229,10
ODI,India,South Africa,Civil Service Cricket Club,Ireland,South Africa,bowl,South Africa,242,8,245,6
ODI,South Africa,India,Civil Service Cricket Club,Ireland,India,bowl,India,226,6,227,4
ODI,England,West Indies,Lord's,England,West Indies,bowl,England,225,10,146,10
ODI,South Africa,India,Civil Service Cricket Club,Ireland,India,bowl,India,148,7,152,4
ODI,Netherlands,Canada,Toronto Cricket,Canada,Netherlands,bat,Netherlands,289,7,172,10
ODI,West Indies,England,Edgbaston,England,England,bowl,West Indies,278,5,217,10
ODI,West Indies,England,Trent Bridge,England,West Indies,bat,West Indies,289,5,196,10
ODI,Netherlands,West Indies,Clontarf Cricket Club Ground,Ireland,Netherlands,bat,West Indies,80,10,82,0
ODI,Ireland,Netherlands,Civil Service Cricket Club,Ireland,Ireland,bat,Ireland,210,8,209,6
ODI,Scotland,West Indies,Clontarf Cricket Club Ground,Ireland,West Indies,bowl,West Indies,152,7,165,6
ODI,Scotland,Netherlands,Civil Service Cricket Club,Ireland,Scotland,bat,0,71,5,0,0
ODI,Ireland,West Indies,Clontarf Cricket Club Ground,Ireland,Ireland,bat,0,84,4,0,0
ODI,Ireland,Scotland,Civil Service Cricket Club,Ireland,Ireland,bat,Ireland,222,7,199,10
ODI,Sri Lanka,Bangladesh,P Saravanamuttu Stadium,Sri Lanka,Bangladesh,bowl,Sri Lanka,234,6,164,10
ODI,Bangladesh,Sri Lanka,R Premadasa Stadium,Sri Lanka,Sri Lanka,bowl,Sri Lanka,137,10,141,5
ODI,Sri Lanka,Bangladesh,R Premadasa Stadium,Sri Lanka,Bangladesh,bowl,Sri Lanka,196,10,157,10
ODI,Scotland,India,Titwood,Scotland,India,bowl,India,203,9,212,3
ODI,Netherlands,Bermuda,Hazelaarweg,Netherlands,Bermuda,bowl,Netherlands,315,8,143,10
ODI,Bermuda,Netherlands,Hazelaarweg,Netherlands,Netherlands,bowl,Netherlands,115,10,116,2
ODI,England,India,The Rose Bowl,England,India,bowl,England,288,2,184,10
ODI,Zimbabwe,South Africa,Queens Sports Club,Zimbabwe,Zimbabwe,bat,South Africa,206,10,210,5
ODI,India,England,County Ground,England,India,bat,India,329,7,320,8
ODI,Zimbabwe,South Africa,Harare Sports Club,Zimbabwe,South Africa,bowl,South Africa,247,7,251,2
ODI,South Africa,Zimbabwe,Harare Sports Club,Zimbabwe,South Africa,bat,South Africa,323,9,295,7
ODI,England,India,Edgbaston,England,India,bowl,England,281,8,239,10
ODI,India,England,Old Trafford,England,India,bat,England,212,10,213,7
ODI,India,England,Headingley,England,England,bowl,India,324,6,242,8
ODI,England,India,Kennington Oval,England,England,bat,India,316,6,317,8
ODI,India,England,Lord's,England,India,bat,England,187,10,188,3
ODI,Australia,India,M Chinnaswamy Stadium,India,Australia,bat,0,307,7,9,1
ODI,Sri Lanka,England,Rangiri Dambulla International Stadium,Sri Lanka,Sri Lanka,bat,Sri Lanka,269,7,150,10
ODI,Australia,India,Nehru Stadium,India,India,bowl,Australia,306,6,222,10
ODI,England,Sri Lanka,Rangiri Dambulla International Stadium,Sri Lanka,England,bat,England,234,8,169,10
ODI,Australia,India,Rajiv Gandhi International Stadium,India,Australia,bat,Australia,290,7,243,10
ODI,Sri Lanka,England,Rangiri Dambulla International Stadium,Sri Lanka,Sri Lanka,bat,England,164,10,164,8
ODI,India,Australia,Sector 16 Stadium,India,India,bat,India,291,4,283,7
ODI,Sri Lanka,England,R Premadasa Stadium,Sri Lanka,Sri Lanka,bat,England,211,9,212,5
ODI,Sri Lanka,England,R Premadasa Stadium,Sri Lanka,Sri Lanka,bat,Sri Lanka,211,10,104,10
ODI,Australia,India,Vidarbha Cricket Association Ground,India,Australia,bat,Australia,317,8,299,7
ODI,Australia,India,Wankhede Stadium,India,Australia,bat,India,193,10,195,8
ODI,South Africa,Pakistan,Gaddafi Stadium,Pakistan,South Africa,bat,South Africa,294,5,249,10
ODI,Canada,Kenya,Gymkhana Club Ground,Kenya,Kenya,bowl,Kenya,230,10,233,6
ODI,Pakistan,South Africa,Gaddafi Stadium,Pakistan,Pakistan,bat,Pakistan,265,9,240,10
ODI,Canada,Kenya,Gymkhana Club Ground,Kenya,Canada,bat,Kenya,189,10,193,6
ODI,South Africa,Pakistan,Iqbal Stadium,Pakistan,South Africa,bat,Pakistan,197,10,202,4
ODI,Bermuda,Kenya,Gymkhana Club Ground,Kenya,Kenya,bowl,Kenya,174,10,175,2
ODI,Pakistan,South Africa,Multan Cricket Stadium,Pakistan,Pakistan,bat,South Africa,230,9,233,3
ODI,Bermuda,Kenya,Gymkhana Club Ground,Kenya,Bermuda,bat,Kenya,183,9,187,7
ODI,Bermuda,Kenya,Gymkhana Club Ground,Kenya,Bermuda,bat,Kenya,167,10,169,9
ODI,South Africa,Pakistan,Gaddafi Stadium,Pakistan,South Africa,bat,South Africa,233,9,219,10
ODI,Pakistan,India,Nehru Stadium,India,Pakistan,bat,India,239,7,242,5
ODI,India,Pakistan,Punjab Cricket Association Stadium,India,India,bat,Pakistan,321,9,322,6
ODI,India,Pakistan,Green Park,India,Pakistan,bowl,India,294,6,248,10
ODI,Pakistan,India,Captain Roop Singh Stadium,India,Pakistan,bat,India,255,6,260,4
ODI,Pakistan,India,Sawai Mansingh Stadium,India,India,bowl,Pakistan,306,6,275,10
ODI,New Zealand,South Africa,Kingsmead,South Africa,South Africa,bowl,South Africa,248,6,249,8
ODI,Zimbabwe,West Indies,Harare Sports Club,Zimbabwe,West Indies,bowl,Zimbabwe,274,8,244,8
ODI,South Africa,New Zealand,St George's Park,South Africa,South Africa,bat,New Zealand,209,9,210,3
ODI,West Indies,Zimbabwe,Harare Sports Club,Zimbabwe,Zimbabwe,bowl,West Indies,286,9,176,10
ODI,New Zealand,South Africa,Newlands,South Africa,New Zealand,bat,South Africa,238,8,242,5
ODI,Zimbabwe,West Indies,Harare Sports Club,Zimbabwe,West Indies,bowl,West Indies,139,10,142,4
ODI,Zimbabwe,West Indies,Queens Sports Club,Zimbabwe,West Indies,bowl,West Indies,232,9,234,5
ODI,New Zealand,Australia,Adelaide Oval,Australia,New Zealand,bat,Australia,254,7,255,3
ODI,New Zealand,Australia,Sydney Cricket Ground,Australia,New Zealand,bat,0,30,3,0,0
ODI,Australia,New Zealand,Bellerive Oval,Australia,New Zealand,bowl,Australia,282,6,168,10
ODI,Bangladesh,New Zealand,Eden Park,New Zealand,New Zealand,bowl,New Zealand,201,10,203,4
ODI,New Zealand,Bangladesh,McLean Park,New Zealand,New Zealand,bat,New Zealand,335,5,181,6
ODI,Bangladesh,New Zealand,Queenstown Events Centre,New Zealand,New Zealand,bowl,New Zealand,93,10,95,0
ODI,West Indies,South Africa,SuperSport Park,South Africa,South Africa,bowl,South Africa,175,10,176,4
ODI,Pakistan,Zimbabwe,National Stadium,Pakistan,Zimbabwe,bowl,Pakistan,347,5,243,7
ODI,Zimbabwe,Pakistan,Niaz Stadium,Pakistan,Zimbabwe,bat,Pakistan,238,8,239,5
ODI,South Africa,West Indies,Newlands,South Africa,South Africa,bat,South Africa,255,9,169,10
ODI,Pakistan,Zimbabwe,Multan Cricket Stadium,Pakistan,Pakistan,bat,Pakistan,272,9,235,7
ODI,West Indies,South Africa,St George's Park,South Africa,West Indies,bat,South Africa,252,7,256,3
ODI,Zimbabwe,Pakistan,Iqbal Stadium,Pakistan,Zimbabwe,bat,Pakistan,244,10,245,3
ODI,West Indies,South Africa,Kingsmead,South Africa,West Indies,bat,South Africa,263,9,266,5
ODI,Zimbabwe,Pakistan,Sheikhupura Stadium,Pakistan,Zimbabwe,bat,Pakistan,181,10,187,3
ODI,India,Australia,Brisbane Cricket Ground,Australia,India,bat,0,194,10,51,3
ODI,West Indies,South Africa,New Wanderers Stadium,South Africa,South Africa,bowl,South Africa,295,7,211,2
ODI,India,Sri Lanka,Brisbane Cricket Ground,Australia,India,bat,0,267,4,0,0
ODI,Australia,Sri Lanka,Sydney Cricket Ground,Australia,Australia,bat,Australia,253,6,125,10
ODI,England,New Zealand,Westpac Stadium,New Zealand,England,bat,New Zealand,130,10,131,4
ODI,Australia,India,Melbourne Cricket Ground,Australia,Australia,bat,India,159,10,160,5
ODI,India,Sri Lanka,Manuka Oval,Australia,Sri Lanka,bowl,Sri Lanka,195,5,154,2
ODI,England,New Zealand,Seddon Park,New Zealand,New Zealand,bowl,New Zealand,158,10,165,0
ODI,New Zealand,England,Eden Park,New Zealand,England,bowl,England,234,9,229,4
ODI,Australia,Sri Lanka,Western Australia Cricket Association Ground,Australia,Australia,bat,Australia,236,10,173,10
ODI,Australia,India,Adelaide Oval,Australia,Australia,bat,Australia,203,9,153,10
ODI,Sri Lanka,India,Adelaide Oval,Australia,Sri Lanka,bat,India,238,6,239,8
ODI,England,New Zealand,McLean Park,New Zealand,New Zealand,bowl,0,340,6,340,7
ODI,Australia,Sri Lanka,Melbourne Cricket Ground,Australia,Sri Lanka,bowl,Australia,184,7,77,4
ODI,England,New Zealand,AMI Stadium,New Zealand,New Zealand,bowl,New Zealand,242,7,213,6
ODI,Australia,India,Sydney Cricket Ground,Australia,Australia,bat,Australia,317,7,299,10
ODI,Sri Lanka,India,Bellerive Oval,Australia,India,bowl,India,179,10,180,3
ODI,Sri Lanka,Australia,Melbourne Cricket Ground,Australia,Sri Lanka,bat,Sri Lanka,221,10,208,10
ODI,Australia,India,Sydney Cricket Ground,Australia,Australia,bat,India,239,8,242,4
ODI,India,Australia,Brisbane Cricket Ground,Australia,India,bat,India,258,9,249,10
ODI,Bangladesh,South Africa,Chittagong Divisional Stadium,Bangladesh,Bangladesh,bat,South Africa,178,10,180,1
ODI,Bangladesh,South Africa,Shere Bangla National Stadium,Bangladesh,Bangladesh,bat,South Africa,173,10,179,3
ODI,Bangladesh,South Africa,Shere Bangla National Stadium,Bangladesh,Bangladesh,bat,South Africa,143,10,147,3
ODI,Ireland,Bangladesh,Shere Bangla National Stadium,Bangladesh,Ireland,bat,Bangladesh,185,7,186,2
ODI,Bangladesh,Ireland,Shere Bangla National Stadium,Bangladesh,Bangladesh,bat,Bangladesh,246,8,162,10
ODI,Bangladesh,Ireland,Shere Bangla National Stadium,Bangladesh,Bangladesh,bat,Bangladesh,293,7,214,10
ODI,Pakistan,Bangladesh,Gaddafi Stadium,Pakistan,Pakistan,bat,Pakistan,322,5,129,10
ODI,Sri Lanka,West Indies,Queen's Park Oval,West Indies,West Indies,bowl,West Indies,235,7,236,9
ODI,Bangladesh,Pakistan,Iqbal Stadium,Pakistan,Bangladesh,bat,Pakistan,225,8,160,3
ODI,Sri Lanka,West Indies,Queen's Park Oval,West Indies,West Indies,bowl,West Indies,112,5,125,3
ODI,Pakistan,Bangladesh,Gaddafi Stadium,Pakistan,Pakistan,bat,Pakistan,308,8,285,7
ODI,Sri Lanka,West Indies,Beausejour Stadium,West Indies,West Indies,bowl,0,257,8,81,2
ODI,Bangladesh,Pakistan,Multan Cricket Stadium,Pakistan,Bangladesh,bat,Pakistan,210,10,212,3
ODI,Pakistan,Bangladesh,National Stadium,Pakistan,Pakistan,bat,Pakistan,329,9,179,10
ODI,Pakistan,Bangladesh,Shere Bangla National Stadium,Bangladesh,Bangladesh,bowl,Pakistan,233,10,163,8
ODI,India,Pakistan,Shere Bangla National Stadium,Bangladesh,India,bat,India,330,8,190,10
ODI,Bangladesh,India,Shere Bangla National Stadium,Bangladesh,Bangladesh,bat,India,222,10,223,3
ODI,Pakistan,India,Shere Bangla National Stadium,Bangladesh,Pakistan,bat,Pakistan,315,3,290,10
ODI,England,New Zealand,Riverside Ground,England,New Zealand,bowl,England,307,5,193,10
ODI,England,New Zealand,Edgbaston,England,New Zealand,bowl,0,162,10,127,2
ODI,New Zealand,England,County Ground,England,England,bowl,New Zealand,182,10,160,10
ODI,Bangladesh,U.A.E.,Gaddafi Stadium,Pakistan,Bangladesh,bat,Bangladesh,300,8,204,10
ODI,Pakistan,Hong Kong,National Stadium,Pakistan,Pakistan,bat,Pakistan,288,9,133,9
ODI,Australia,West Indies,Arnos Vale Ground,West Indies,West Indies,bowl,Australia,273,8,189,10
ODI,England,New Zealand,Kennington Oval,England,New Zealand,bowl,New Zealand,245,10,246,9
ODI,Sri Lanka,Bangladesh,Gaddafi Stadium,Pakistan,Bangladesh,bowl,Sri Lanka,357,9,226,7
ODI,India,Hong Kong,National Stadium,Pakistan,India,bat,India,374,4,118,10
ODI,Pakistan,India,National Stadium,Pakistan,Pakistan,bat,India,299,4,301,4
ODI,Sri Lanka,U.A.E.,Gaddafi Stadium,Pakistan,Sri Lanka,bat,Sri Lanka,290,9,148,10
ODI,Australia,West Indies,National Cricket Stadium,West Indies,Australia,bat,Australia,213,5,140,8
ODI,New Zealand,England,Lord's,England,England,bowl,New Zealand,266,5,215,10
ODI,Bangladesh,India,National Stadium,Pakistan,Bangladesh,bat,India,283,6,284,3
ODI,Canada,Bermuda,Maple Leaf North-West Ground,Canada,Canada,bat,Bermuda,155,9,158,7
ODI,Sri Lanka,Pakistan,National Stadium,Pakistan,Pakistan,bowl,Sri Lanka,302,7,238,9
ODI,West Indies,Australia,National Cricket Stadium,West Indies,Australia,bowl,Australia,223,10,227,3
ODI,Bermuda,Canada,Maple Leaf North-West Ground,Canada,Canada,bowl,Bermuda,201,8,184,10
ODI,Sri Lanka,Bangladesh,National Stadium,Pakistan,Sri Lanka,bat,Sri Lanka,332,8,174,10
ODI,New Zealand,Ireland,Mannofield Park,Scotland,Ireland,bowl,New Zealand,402,2,112,10
ODI,Canada,Bermuda,Maple Leaf North-West Ground,Canada,Bermuda,bowl,Canada,276,9,199,7
ODI,Ireland,Scotland,Mannofield Park,Scotland,Ireland,bat,Scotland,210,8,211,5
ODI,India,Pakistan,National Stadium,Pakistan,India,bat,Pakistan,308,7,309,2
ODI,Scotland,New Zealand,Mannofield Park,Scotland,New Zealand,bowl,New Zealand,101,10,102,2
ODI,Sri Lanka,India,National Stadium,Pakistan,Sri Lanka,bat,India,308,8,310,4
ODI,Bangladesh,Pakistan,National Stadium,Pakistan,Bangladesh,bat,Pakistan,115,10,116,0
ODI,Australia,West Indies,Warner Park,West Indies,West Indies,bowl,Australia,282,8,281,6
ODI,Sri Lanka,India,National Stadium,Pakistan,India,bowl,Sri Lanka,273,10,173,10
ODI,Australia,West Indies,Warner Park,West Indies,Australia,bat,Australia,341,8,172,10
ODI,Netherlands,Ireland,Clontarf Cricket Club Ground,Ireland,Ireland,bowl,Ireland,142,10,143,3
ODI,Netherlands,Scotland,Clontarf Cricket Club Ground,Ireland,Netherlands,bat,Scotland,117,10,120,4
ODI,Scotland,Ireland,Clontarf Cricket Club Ground,Ireland,Ireland,bowl,Ireland,152,9,129,3
ODI,Bermuda,Netherlands,VRA Ground,Netherlands,Netherlands,bowl,Netherlands,165,7,174,4
ODI,Kenya,Scotland,Cambusdoon New Ground,Scotland,Scotland,bowl,0,141,8,31,1
ODI,India,Sri Lanka,Rangiri Dambulla International Stadium,Sri Lanka,India,bat,Sri Lanka,146,10,147,2
ODI,Scotland,England,Grange Cricket Club Ground,Scotland,England,bowl,0,156,9,10,0
ODI,Canada,Bermuda,Maple Leaf North-West Ground,Canada,Bermuda,bowl,Canada,260,7,235,8
ODI,Sri Lanka,India,Rangiri Dambulla International Stadium,Sri Lanka,India,bowl,India,142,10,143,7
ODI,Bermuda,West Indies,Maple Leaf North-West Ground,Canada,West Indies,bowl,West Indies,158,9,159,4
ODI,Kenya,Netherlands,Hazelaarweg,Netherlands,Netherlands,bowl,Netherlands,118,5,121,4
ODI,England,South Africa,Headingley,England,England,bat,England,275,4,255,10
ODI,West Indies,Canada,Maple Leaf North-West Ground,Canada,West Indies,bat,West Indies,303,4,254,10
ODI,India,Sri Lanka,R Premadasa Stadium,Sri Lanka,India,bat,India,237,9,204,10
ODI,Ireland,Kenya,Civil Service Cricket Club,Ireland,Kenya,bowl,Ireland,148,9,115,10
ODI,Canada,West Indies,Maple Leaf North-West Ground,Canada,West Indies,bowl,West Indies,179,10,181,3
ODI,Ireland,Kenya,Civil Service Cricket Club,Ireland,Kenya,bowl,0,18,2,0,0
ODI,South Africa,England,Trent Bridge,England,South Africa,bat,England,83,10,85,0
ODI,India,Sri Lanka,R Premadasa Stadium,Sri Lanka,India,bat,India,258,10,212,10
ODI,Sri Lanka,India,R Premadasa Stadium,Sri Lanka,Sri Lanka,bat,Sri Lanka,227,6,103,10
ODI,England,South Africa,Kennington Oval,England,South Africa,bowl,England,296,7,170,10
ODI,Australia,Bangladesh,Marrara Cricket Ground,Australia,Bangladesh,bowl,Australia,254,8,74,10
ODI,South Africa,England,Lord's,England,England,bowl,England,183,6,137,3
ODI,Bangladesh,Australia,Marrara Cricket Ground,Australia,Bangladesh,bat,Australia,117,10,118,2
ODI,South Africa,England,Sophia Gardens,England,England,bowl,0,6,1,0,0
ODI,Australia,Bangladesh,Marrara Cricket Ground,Australia,Australia,bat,Australia,198,5,125,9
ODI,New Zealand,Bangladesh,Shere Bangla National Stadium,Bangladesh,Bangladesh,bowl,Bangladesh,201,9,202,3
ODI,New Zealand,Bangladesh,Shere Bangla National Stadium,Bangladesh,Bangladesh,bowl,New Zealand,212,9,137,10
ODI,New Zealand,Bangladesh,Chittagong Divisional Stadium,Bangladesh,New Zealand,bat,New Zealand,249,7,170,8
ODI,Zimbabwe,Ireland,Gymkhana Club Ground,Kenya,Zimbabwe,bat,Zimbabwe,303,8,147,10
ODI,Ireland,Kenya,Gymkhana Club Ground,Kenya,Ireland,bat,Ireland,285,6,199,10
ODI,Kenya,Zimbabwe,Gymkhana Club Ground,Kenya,Kenya,bat,Kenya,285,9,190,10
ODI,South Africa,Kenya,OUTsurance Oval,South Africa,South Africa,bat,South Africa,336,7,177,10
ODI,Kenya,South Africa,De Beers Diamond Oval,South Africa,Kenya,bat,South Africa,222,9,224,3
ODI,South Africa,Bangladesh,Senwes Park,South Africa,South Africa,bat,South Africa,283,8,222,10
ODI,South Africa,Bangladesh,Willowmoore Park,South Africa,Bangladesh,bowl,South Africa,358,4,230,10
ODI,West Indies,Pakistan,Sheikh Zayed Stadium,United Arab Emirates,West Indies,bat,Pakistan,294,9,295,6
ODI,Pakistan,West Indies,Sheikh Zayed Stadium,United Arab Emirates,Pakistan,bat,Pakistan,232,10,208,10
ODI,Pakistan,West Indies,Sheikh Zayed Stadium,United Arab Emirates,Pakistan,bat,Pakistan,273,6,242,10
ODI,India,England,Maharani Usharaje Trust Cricket Ground,India,India,bat,India,292,9,238,10
ODI,England,India,Green Park,India,England,bat,India,240,10,198,5
ODI,Zimbabwe,Sri Lanka,Harare Sports Club,Zimbabwe,Sri Lanka,bowl,Sri Lanka,127,10,130,4
ODI,Zimbabwe,Sri Lanka,Harare Sports Club,Zimbabwe,Zimbabwe,bat,Sri Lanka,67,10,68,1
ODI,India,England,M Chinnaswamy Stadium,India,England,bowl,India,166,4,178,8
ODI,Sri Lanka,Zimbabwe,Harare Sports Club,Zimbabwe,Zimbabwe,bowl,Sri Lanka,171,7,166,7
ODI,England,India,Barabati Stadium,India,India,bowl,India,270,4,273,4
ODI,Zimbabwe,Sri Lanka,Harare Sports Club,Zimbabwe,Sri Lanka,bowl,Sri Lanka,146,10,150,8
ODI,Sri Lanka,Zimbabwe,Harare Sports Club,Zimbabwe,Zimbabwe,bowl,Sri Lanka,152,10,133,10
ODI,West Indies,New Zealand,Queenstown Events Centre,New Zealand,New Zealand,bowl,0,129,5,0,0
ODI,New Zealand,West Indies,AMI Stadium,New Zealand,West Indies,bowl,West Indies,152,8,158,5
ODI,West Indies,New Zealand,Westpac Stadium,New Zealand,New Zealand,bowl,New Zealand,128,10,129,3
ODI,New Zealand,West Indies,Eden Park,New Zealand,West Indies,bowl,0,275,4,64,0
ODI,Zimbabwe,Bangladesh,Shere Bangla National Stadium,Bangladesh,Bangladesh,bowl,Zimbabwe,205,9,167,10
ODI,Sri Lanka,Zimbabwe,Shere Bangla National Stadium,Bangladesh,Zimbabwe,bowl,Sri Lanka,210,6,80,10
ODI,West Indies,New Zealand,McLean Park,New Zealand,New Zealand,bowl,New Zealand,293,9,211,5
ODI,Sri Lanka,Bangladesh,Shere Bangla National Stadium,Bangladesh,Bangladesh,bowl,Bangladesh,147,10,151,5
ODI,Bangladesh,Sri Lanka,Shere Bangla National Stadium,Bangladesh,Sri Lanka,bowl,Sri Lanka,152,10,153,8
ODI,Australia,South Africa,Melbourne Cricket Ground,Australia,Australia,bat,South Africa,271,8,272,7
ODI,Australia,South Africa,Bellerive Oval,Australia,South Africa,bowl,Australia,249,9,244,6
ODI,Bangladesh,Zimbabwe,Shere Bangla National Stadium,Bangladesh,Bangladesh,bat,Zimbabwe,124,10,127,8
ODI,Sri Lanka,Pakistan,National Stadium,Pakistan,Sri Lanka,bat,Pakistan,219,10,220,2
ODI,Zimbabwe,Bangladesh,Shere Bangla National Stadium,Bangladesh,Bangladesh,bowl,Bangladesh,160,9,164,4
ODI,Sri Lanka,Pakistan,National Stadium,Pakistan,Pakistan,bowl,Sri Lanka,290,8,161,10
ODI,Zimbabwe,Bangladesh,Shere Bangla National Stadium,Bangladesh,Bangladesh,bowl,Bangladesh,119,9,121,4
ODI,Australia,South Africa,Sydney Cricket Ground,Australia,Australia,bat,South Africa,269,10,270,7
ODI,Sri Lanka,Pakistan,Gaddafi Stadium,Pakistan,Sri Lanka,bat,Sri Lanka,309,5,75,10
ODI,Australia,South Africa,Adelaide Oval,Australia,Australia,bat,South Africa,222,10,223,2
ODI,Zimbabwe,Kenya,Mombasa Sports Club Ground,Kenya,Zimbabwe,bat,Zimbabwe,306,7,197,10
ODI,Sri Lanka,India,Rangiri Dambulla International Stadium,Sri Lanka,India,bowl,India,246,7,247,4
ODI,Zimbabwe,Kenya,Mombasa Sports Club Ground,Kenya,Zimbabwe,bat,Zimbabwe,351,7,200,9
ODI,South Africa,Australia,Western Australia Cricket Association Ground,Australia,South Africa,bat,South Africa,288,6,249,10
ODI,Kenya,Zimbabwe,Gymkhana Club Ground,Kenya,Kenya,bat,Zimbabwe,234,10,236,6
ODI,India,Sri Lanka,R Premadasa Stadium,Sri Lanka,India,bat,India,256,9,241,10
ODI,Australia,New Zealand,Western Australia Cricket Association Ground,Australia,Australia,bat,New Zealand,181,10,182,8
ODI,Zimbabwe,Kenya,Gymkhana Club Ground,Kenya,Zimbabwe,bat,Zimbabwe,285,8,219,10
ODI,India,Sri Lanka,R Premadasa Stadium,Sri Lanka,India,bat,India,363,5,216,10
ODI,Kenya,Zimbabwe,Gymkhana Club Ground,Kenya,Kenya,bat,Zimbabwe,199,10,203,3
ODI,India,Sri Lanka,R Premadasa Stadium,Sri Lanka,India,bat,India,332,5,265,10
ODI,Australia,New Zealand,Melbourne Cricket Ground,Australia,New Zealand,bowl,New Zealand,225,5,226,4
ODI,Australia,New Zealand,Sydney Cricket Ground,Australia,New Zealand,bowl,Australia,301,9,269,10
ODI,Sri Lanka,India,R Premadasa Stadium,Sri Lanka,Sri Lanka,bat,Sri Lanka,320,8,252,10
ODI,New Zealand,Australia,Adelaide Oval,Australia,New Zealand,bat,Australia,244,8,247,4
ODI,Australia,New Zealand,Brisbane Cricket Ground,Australia,New Zealand,bowl,0,168,4,123,6
ODI,India,New Zealand,McLean Park,New Zealand,India,bat,India,273,4,162,9
ODI,India,New Zealand,Westpac Stadium,New Zealand,India,bat,0,188,4,0,0
ODI,India,New Zealand,AMI Stadium,New Zealand,New Zealand,bowl,India,392,4,334,10
ODI,New Zealand,India,Seddon Park,New Zealand,New Zealand,bat,India,270,5,201,0
ODI,India,New Zealand,Eden Park,New Zealand,India,bat,New Zealand,149,10,151,2
ODI,England,West Indies,Providence Stadium,West Indies,England,bat,England,270,7,244,7
ODI,West Indies,England,Providence Stadium,West Indies,West Indies,bat,West Indies,264,8,243,10
ODI,England,West Indies,Kensington Oval,West Indies,West Indies,bowl,West Indies,117,10,117,2
ODI,West Indies,England,Kensington Oval,West Indies,England,bowl,England,239,9,136,1
ODI,Scotland,Ireland,Willowmoore Park,South Africa,Ireland,bowl,Ireland,232,7,233,3
ODI,Kenya,Netherlands,Senwes Park,South Africa,Kenya,bat,Netherlands,247,8,248,3
ODI,Australia,South Africa,Kingsmead,South Africa,Australia,bat,Australia,286,7,145,10
ODI,England,West Indies,Beausejour Stadium,West Indies,West Indies,bowl,England,172,5,146,10
ODI,Australia,South Africa,SuperSport Park,South Africa,Australia,bat,South Africa,131,10,132,3
ODI,Bermuda,Kenya,Senwes Park,South Africa,Kenya,bowl,Kenya,259,5,260,3
ODI,Canada,Ireland,Willowmoore Park,South Africa,Ireland,bowl,Ireland,220,10,223,4
ODI,Netherlands,Bermuda,Senwes Park,South Africa,Bermuda,bowl,Netherlands,304,9,241,9
ODI,Canada,Scotland,Willowmoore Park,South Africa,Scotland,bowl,Canada,252,7,104,10
ODI,South Africa,Australia,Newlands,South Africa,South Africa,bat,South Africa,289,6,264,7
ODI,South Africa,Australia,St George's Park,South Africa,Australia,bowl,South Africa,317,6,256,10
ODI,Australia,South Africa,New Wanderers Stadium,South Africa,South Africa,bowl,Australia,303,7,256,10
ODI,Afghanistan,Scotland,Willowmoore Park,South Africa,Afghanistan,bat,Afghanistan,295,8,206,10
ODI,Canada,Ireland,SuperSport Park,South Africa,Ireland,bowl,Ireland,185,10,188,1
ODI,Kenya,Netherlands,Senwes Park,South Africa,Netherlands,bowl,Netherlands,179,10,183,4
ODI,Australia,Pakistan,Dubai International Cricket Stadium,United Arab Emirates,Australia,bat,Pakistan,168,10,171,6
ODI,Pakistan,Australia,Dubai International Cricket Stadium,United Arab Emirates,Pakistan,bat,Australia,207,10,208,4
ODI,Australia,Pakistan,Sheikh Zayed Stadium,United Arab Emirates,Australia,bat,Australia,198,7,171,10
ODI,Pakistan,Australia,Sheikh Zayed Stadium,United Arab Emirates,Pakistan,bat,Australia,197,10,200,2
ODI,Australia,Pakistan,Sheikh Zayed Stadium,United Arab Emirates,Australia,bat,Pakistan,250,4,254,3
ODI,West Indies,England,County Ground,England,England,bowl,England,160,10,161,4
ODI,England,West Indies,Edgbaston,England,West Indies,bowl,England,328,7,270,10
ODI,India,West Indies,Sabina Park,West Indies,India,bat,India,339,6,319,10
ODI,India,West Indies,Sabina Park,West Indies,India,bat,West Indies,188,10,192,2
ODI,West Indies,India,Beausejour Stadium,West Indies,India,bowl,India,186,7,159,4
ODI,West Indies,India,Beausejour Stadium,West Indies,India,bowl,0,27,1,0,0
ODI,Scotland,Canada,Mannofield Park,Scotland,Canada,bowl,Canada,286,4,287,4
ODI,Canada,Scotland,Mannofield Park,Scotland,Canada,bat,Scotland,250,9,253,5
ODI,Kenya,Ireland,Clontarf Cricket Club Ground,Ireland,Kenya,bat,Ireland,214,9,215,7
ODI,Netherlands,Canada,VRA Ground,Netherlands,Canada,bowl,Netherlands,237,7,187,10
ODI,Kenya,Ireland,Clontarf Cricket Club Ground,Ireland,Kenya,bat,Ireland,175,10,104,1
ODI,Ireland,Kenya,Clontarf Cricket Club Ground,Ireland,Kenya,bowl,Ireland,256,7,240,6
ODI,Bangladesh,West Indies,Windsor Park,West Indies,West Indies,bowl,Bangladesh,246,9,194,10
ODI,West Indies,Bangladesh,Windsor Park,West Indies,West Indies,bat,Bangladesh,274,6,276,7
ODI,Sri Lanka,Pakistan,Rangiri Dambulla International Stadium,Sri Lanka,Pakistan,bowl,Sri Lanka,232,9,196,10
ODI,West Indies,Bangladesh,Warner Park,West Indies,West Indies,bat,Bangladesh,248,10,249,7
ODI,Pakistan,Sri Lanka,Rangiri Dambulla International Stadium,Sri Lanka,Sri Lanka,bowl,Sri Lanka,168,10,169,4
ODI,Pakistan,Sri Lanka,Rangiri Dambulla International Stadium,Sri Lanka,Sri Lanka,bowl,Sri Lanka,288,8,289,4
ODI,Pakistan,Sri Lanka,R Premadasa Stadium,Sri Lanka,Pakistan,bat,Pakistan,321,5,175,10
ODI,Zimbabwe,Bangladesh,Queens Sports Club,Zimbabwe,Bangladesh,bowl,Bangladesh,207,10,211,2
ODI,Pakistan,Sri Lanka,R Premadasa Stadium,Sri Lanka,Pakistan,bat,Pakistan,279,8,147,10
ODI,Bangladesh,Zimbabwe,Queens Sports Club,Zimbabwe,Zimbabwe,bowl,Bangladesh,320,8,271,10
ODI,Zimbabwe,Bangladesh,Queens Sports Club,Zimbabwe,Bangladesh,bowl,Zimbabwe,323,7,254,10
ODI,Zimbabwe,Bangladesh,Queens Sports Club,Zimbabwe,Zimbabwe,bat,Bangladesh,312,8,313,6
ODI,Zimbabwe,Bangladesh,Queens Sports Club,Zimbabwe,Zimbabwe,bat,Bangladesh,209,10,212,5
ODI,Kenya,Canada,Maple Leaf North-West Ground,Canada,Canada,bowl,Canada,113,10,117,1
ODI,Ireland,Scotland,Mannofield Park,Scotland,Scotland,bowl,Ireland,205,9,109,10
ODI,Canada,Kenya,Maple Leaf North-West Ground,Canada,Kenya,bowl,0,63,3,0,0
ODI,England,Ireland,Civil Service Cricket Club,Ireland,England,bat,England,203,9,112,9
ODI,Australia,Scotland,Grange Cricket Club Ground,Scotland,Scotland,bowl,Australia,345,10,156,10
ODI,Netherlands,Afghanistan,VRA Ground,Netherlands,Afghanistan,bowl,Netherlands,188,10,180,10
ODI,Netherlands,Afghanistan,VRA Ground,Netherlands,Netherlands,bat,Afghanistan,231,7,232,4
ODI,Australia,England,Kennington Oval,England,England,bowl,Australia,260,5,256,8
ODI,Australia,England,Lord's,England,England,bowl,Australia,249,8,210,10
ODI,Sri Lanka,New Zealand,R Premadasa Stadium,Sri Lanka,Sri Lanka,bat,Sri Lanka,216,7,119,10
ODI,England,Australia,The Rose Bowl,England,England,bat,Australia,228,9,230,4
ODI,New Zealand,India,R Premadasa Stadium,Sri Lanka,New Zealand,bat,India,155,10,156,4
ODI,Sri Lanka,India,R Premadasa Stadium,Sri Lanka,Sri Lanka,bat,Sri Lanka,307,6,168,10
ODI,England,Australia,Lord's,England,England,bat,Australia,220,10,221,3
ODI,India,Sri Lanka,R Premadasa Stadium,Sri Lanka,India,bat,India,319,5,273,10
ODI,England,Australia,Trent Bridge,England,England,bat,Australia,299,10,302,6
ODI,Australia,England,Trent Bridge,England,Australia,bat,Australia,296,8,185,10
ODI,Australia,England,Riverside Ground,England,England,bowl,England,176,10,177,6
ODI,Sri Lanka,South Africa,SuperSport Park,South Africa,South Africa,bowl,Sri Lanka,319,8,206,7
ODI,West Indies,Pakistan,New Wanderers Stadium,South Africa,West Indies,bat,Pakistan,133,10,134,5
ODI,New Zealand,South Africa,SuperSport Park,South Africa,South Africa,bowl,South Africa,214,10,217,5
ODI,Sri Lanka,England,New Wanderers Stadium,South Africa,England,bowl,England,212,10,213,4
ODI,Australia,West Indies,New Wanderers Stadium,South Africa,West Indies,bowl,Australia,275,8,225,9
ODI,Pakistan,India,SuperSport Park,South Africa,Pakistan,bat,Pakistan,302,9,248,10
ODI,New Zealand,Sri Lanka,New Wanderers Stadium,South Africa,Sri Lanka,bowl,New Zealand,315,7,277,10
ODI,England,South Africa,SuperSport Park,South Africa,England,bat,England,323,8,301,9
ODI,Australia,India,SuperSport Park,South Africa,Australia,bat,0,234,4,0,0
ODI,England,New Zealand,New Wanderers Stadium,South Africa,New Zealand,bowl,New Zealand,146,10,147,6
ODI,Pakistan,Australia,SuperSport Park,South Africa,Australia,bowl,Australia,205,6,206,8
ODI,West Indies,India,New Wanderers Stadium,South Africa,India,bowl,India,129,10,130,3
ODI,England,Australia,SuperSport Park,South Africa,England,bat,Australia,257,10,258,1
ODI,Pakistan,New Zealand,New Wanderers Stadium,South Africa,Pakistan,bat,New Zealand,233,9,234,5
ODI,New Zealand,Australia,SuperSport Park,South Africa,New Zealand,bat,Australia,200,9,206,4
ODI,Zimbabwe,Kenya,Harare Sports Club,Zimbabwe,Zimbabwe,bat,Zimbabwe,313,4,222,10
ODI,Zimbabwe,Kenya,Harare Sports Club,Zimbabwe,Zimbabwe,bat,Zimbabwe,263,7,177,10
ODI,Kenya,Zimbabwe,Harare Sports Club,Zimbabwe,Kenya,bat,Kenya,266,9,246,9
ODI,Kenya,Zimbabwe,Harare Sports Club,Zimbabwe,Kenya,bat,Zimbabwe,270,8,271,4
ODI,Zimbabwe,Kenya,Harare Sports Club,Zimbabwe,Zimbabwe,bat,Zimbabwe,329,3,187,10
ODI,Australia,India,Reliance Stadium,India,Australia,bat,Australia,292,8,288,8
ODI,Bangladesh,Zimbabwe,Shere Bangla National Stadium,Bangladesh,Zimbabwe,bowl,Zimbabwe,186,10,189,5
ODI,India,Australia,Vidarbha Cricket Association Stadium,India,Australia,bowl,India,354,7,255,10
ODI,Zimbabwe,Bangladesh,Shere Bangla National Stadium,Bangladesh,Zimbabwe,bat,Bangladesh,219,10,221,3
ODI,Zimbabwe,Bangladesh,Shere Bangla National Stadium,Bangladesh,Bangladesh,bowl,Bangladesh,196,10,198,6
ODI,Australia,India,Feroz Shah Kotla,India,Australia,bat,India,229,5,230,4
ODI,Australia,India,Punjab Cricket Association Stadium,India,India,bowl,Australia,250,10,226,10
ODI,Zimbabwe,Bangladesh,Zahur Ahmed Chowdhury Stadium,Bangladesh,Zimbabwe,bat,Bangladesh,44,10,49,4
ODI,Pakistan,New Zealand,Sheikh Zayed Stadium,United Arab Emirates,Pakistan,bat,Pakistan,287,9,149,10
ODI,Zimbabwe,Bangladesh,Zahur Ahmed Chowdhury Stadium,Bangladesh,Bangladesh,bowl,Bangladesh,221,9,222,9
ODI,Australia,India,Rajiv Gandhi International Stadium,India,Australia,bat,Australia,350,4,347,10
ODI,New Zealand,Pakistan,Sheikh Zayed Stadium,United Arab Emirates,New Zealand,bat,New Zealand,303,8,239,10
ODI,India,Australia,Nehru Stadium,India,India,bat,Australia,170,10,172,4
ODI,South Africa,Zimbabwe,Willowmoore Park,South Africa,Zimbabwe,bowl,South Africa,295,5,250,6
ODI,New Zealand,Pakistan,Sheikh Zayed Stadium,United Arab Emirates,New Zealand,bat,New Zealand,211,10,204,10
ODI,South Africa,Zimbabwe,SuperSport Park,South Africa,Zimbabwe,bowl,South Africa,331,5,119,10
ODI,South Africa,England,SuperSport Park,South Africa,England,bowl,England,250,9,252,3
ODI,South Africa,England,Newlands,South Africa,South Africa,bat,South Africa,354,6,242,10
ODI,South Africa,England,St George's Park,South Africa,South Africa,bat,England,119,10,121,3
ODI,India,Sri Lanka,Madhavrao Scindia Cricket Ground,India,Sri Lanka,bowl,India,414,7,411,8
ODI,India,Sri Lanka,Vidarbha Cricket Association Stadium,India,India,bat,Sri Lanka,301,7,302,7
ODI,Sri Lanka,India,Barabati Stadium,India,Sri Lanka,bat,India,239,10,243,3
ODI,Sri Lanka,India,Eden Gardens,India,Sri Lanka,bat,India,315,6,317,3
ODI,Sri Lanka,India,Feroz Shah Kotla,India,India,bowl,0,83,5,0,0
ODI,Bangladesh,Sri Lanka,Shere Bangla National Stadium,Bangladesh,Sri Lanka,bowl,Sri Lanka,260,7,261,3
ODI,India,Sri Lanka,Shere Bangla National Stadium,Bangladesh,Sri Lanka,bowl,Sri Lanka,279,9,283,5
ODI,Bangladesh,India,Shere Bangla National Stadium,Bangladesh,Bangladesh,bat,India,296,6,297,4
ODI,Bangladesh,Sri Lanka,Shere Bangla National Stadium,Bangladesh,Sri Lanka,bowl,Sri Lanka,249,9,252,1
ODI,Sri Lanka,India,Shere Bangla National Stadium,Bangladesh,Sri Lanka,bat,India,213,10,214,2
ODI,Bangladesh,India,Shere Bangla National Stadium,Bangladesh,India,bowl,India,247,6,249,4
ODI,India,Sri Lanka,Shere Bangla National Stadium,Bangladesh,Sri Lanka,bowl,Sri Lanka,245,10,249,6
ODI,Pakistan,Australia,Brisbane Cricket Ground,Australia,Pakistan,bat,Australia,274,10,275,5
ODI,Australia,Pakistan,Sydney Cricket Ground,Australia,Pakistan,bowl,Australia,267,6,127,10
ODI,Australia,Pakistan,Adelaide Oval,Australia,Australia,bat,Australia,286,6,246,10
ODI,Australia,Pakistan,Western Australia Cricket Association Ground,Australia,Australia,bat,Australia,277,8,142,10
ODI,Pakistan,Australia,Western Australia Cricket Association Ground,Australia,Pakistan,bat,Australia,212,10,213,8
ODI,New Zealand,Bangladesh,McLean Park,New Zealand,New Zealand,bat,New Zealand,336,9,190,10
ODI,Australia,West Indies,Melbourne Cricket Ground,Australia,West Indies,bowl,Australia,256,8,143,10
ODI,Bangladesh,New Zealand,University Oval,New Zealand,New Zealand,bowl,New Zealand,183,8,185,5
ODI,West Indies,Australia,Adelaide Oval,Australia,West Indies,bat,Australia,170,10,171,2
ODI,Bangladesh,New Zealand,AMI Stadium,New Zealand,New Zealand,bowl,New Zealand,241,9,244,7
ODI,Australia,West Indies,Sydney Cricket Ground,Australia,West Indies,bowl,0,225,10,6,0
ODI,Australia,West Indies,Brisbane Cricket Ground,Australia,West Indies,bowl,Australia,324,7,274,8
ODI,Netherlands,Kenya,Gymkhana Club Ground,Kenya,Kenya,bowl,Kenya,219,9,221,4
ODI,Afghanistan,Canada,Sharjah Cricket Association Stadium,United Arab Emirates,Canada,bowl,Afghanistan,289,6,288,8
ODI,Netherlands,Kenya,Gymkhana Club Ground,Kenya,Kenya,bowl,Netherlands,200,10,120,10
ODI,Afghanistan,Canada,Sharjah Cricket Association Stadium,United Arab Emirates,Canada,bowl,Canada,177,10,178,6
ODI,Australia,West Indies,Melbourne Cricket Ground,Australia,Australia,bat,Australia,324,5,199,10
ODI,India,South Africa,Sawai Mansingh Stadium,India,South Africa,bowl,India,298,9,297,10
ODI,India,South Africa,Captain Roop Singh Stadium,India,India,bat,India,401,3,248,10
ODI,South Africa,India,Sardar Patel Stadium,India,South Africa,bat,South Africa,365,2,275,10
ODI,Bangladesh,England,Shere Bangla National Stadium,Bangladesh,England,bowl,England,228,10,229,4
ODI,Bangladesh,England,Shere Bangla National Stadium,Bangladesh,England,bowl,England,260,6,261,8
ODI,Australia,New Zealand,McLean Park,New Zealand,Australia,bat,New Zealand,275,8,281,8
ODI,Zimbabwe,West Indies,Providence Stadium,West Indies,Zimbabwe,bat,Zimbabwe,254,5,252,9
ODI,England,Bangladesh,Zahur Ahmed Chowdhury Stadium,Bangladesh,Bangladesh,bowl,England,284,5,239,9
ODI,Australia,New Zealand,Eden Park,New Zealand,Australia,bat,Australia,273,7,253,10
ODI,Zimbabwe,West Indies,Providence Stadium,West Indies,Zimbabwe,bat,West Indies,206,10,208,6
ODI,New Zealand,Australia,Seddon Park,New Zealand,Australia,bowl,Australia,245,10,248,4
ODI,West Indies,Zimbabwe,Arnos Vale Ground,West Indies,Zimbabwe,bowl,West Indies,245,9,104,10
ODI,New Zealand,Australia,Eden Park,New Zealand,Australia,bowl,Australia,238,10,202,4
ODI,Zimbabwe,West Indies,Arnos Vale Ground,West Indies,West Indies,bowl,West Indies,141,10,142,6
ODI,New Zealand,Australia,Westpac Stadium,New Zealand,Australia,bowl,New Zealand,241,9,190,10
ODI,Zimbabwe,West Indies,Arnos Vale Ground,West Indies,West Indies,bowl,West Indies,161,10,165,6
ODI,West Indies,Canada,Sabina Park,West Indies,West Indies,bat,West Indies,316,4,108,10
ODI,Ireland,West Indies,Sabina Park,West Indies,Ireland,bat,West Indies,219,10,213,4
ODI,South Africa,West Indies,Sir Vivian Richards Stadium,West Indies,West Indies,bowl,South Africa,280,7,215,10
ODI,South Africa,West Indies,Sir Vivian Richards Stadium,West Indies,South Africa,bat,South Africa,300,5,283,10
ODI,India,Zimbabwe,Queens Sports Club,Zimbabwe,India,bat,Zimbabwe,285,5,289,4
ODI,South Africa,West Indies,Windsor Park,West Indies,South Africa,bat,South Africa,224,10,157,10
ODI,Sri Lanka,India,Queens Sports Club,Zimbabwe,India,bowl,India,242,10,243,3
ODI,West Indies,South Africa,Windsor Park,West Indies,West Indies,bat,South Africa,303,6,304,3
ODI,Zimbabwe,Sri Lanka,Queens Sports Club,Zimbabwe,Sri Lanka,bowl,Sri Lanka,118,10,119,1
ODI,India,Zimbabwe,Harare Sports Club,Zimbabwe,Zimbabwe,bowl,Zimbabwe,194,9,197,3
ODI,West Indies,South Africa,Queen's Park Oval,West Indies,West Indies,bat,South Africa,252,6,255,9
ODI,India,Sri Lanka,Harare Sports Club,Zimbabwe,Sri Lanka,bowl,Sri Lanka,268,9,270,4
ODI,Sri Lanka,Zimbabwe,Harare Sports Club,Zimbabwe,Zimbabwe,bowl,Zimbabwe,236,10,240,2
ODI,Zimbabwe,Sri Lanka,Harare Sports Club,Zimbabwe,Sri Lanka,bowl,Sri Lanka,199,10,203,1
ODI,Sri Lanka,Pakistan,Rangiri Dambulla International Stadium,Sri Lanka,Sri Lanka,bat,Sri Lanka,242,9,226,10
ODI,Australia,England,Kennington Oval,England,England,bowl,Australia,290,5,212,10
ODI,Scotland,Netherlands,Hazelaarweg,Netherlands,Scotland,bat,Netherlands,235,6,236,4
ODI,Bangladesh,India,Rangiri Dambulla International Stadium,Sri Lanka,Bangladesh,bat,India,167,10,168,4
ODI,Australia,Ireland,Clontarf Cricket Club Ground,Ireland,Australia,bat,Australia,231,9,192,10
ODI,Sri Lanka,Bangladesh,Rangiri Dambulla International Stadium,Sri Lanka,Sri Lanka,bat,Sri Lanka,312,4,186,10
ODI,Pakistan,India,Rangiri Dambulla International Stadium,Sri Lanka,Pakistan,bat,India,267,10,271,7
ODI,Scotland,England,Grange Cricket Club Ground,Scotland,Scotland,bat,England,211,10,213,3
ODI,Pakistan,Bangladesh,Rangiri Dambulla International Stadium,Sri Lanka,Pakistan,bat,Pakistan,385,7,246,5
ODI,India,Sri Lanka,Rangiri Dambulla International Stadium,Sri Lanka,Sri Lanka,bowl,Sri Lanka,209,10,211,3
ODI,Australia,England,The Rose Bowl,England,Australia,bat,England,267,7,268,6
ODI,India,Sri Lanka,Rangiri Dambulla International Stadium,Sri Lanka,India,bat,India,268,6,187,10
ODI,Australia,England,Sophia Gardens,England,Australia,bat,England,239,7,243,6
ODI,Australia,England,Old Trafford,England,England,bowl,England,212,10,214,9
ODI,Canada,Afghanistan,Sportpark Westvliet,Netherlands,Canada,bat,Afghanistan,257,7,258,4
ODI,Kenya,Ireland,Hazelaarweg,Netherlands,Ireland,bowl,Ireland,163,10,164,3
ODI,Netherlands,Scotland,VRA Ground,Netherlands,Netherlands,bat,Scotland,234,6,235,9
ODI,Ireland,Afghanistan,Hazelaarweg,Netherlands,Ireland,bat,Ireland,237,9,198,10
ODI,Scotland,Canada,VRA Ground,Netherlands,Scotland,bat,Scotland,236,4,126,9
ODI,Netherlands,Kenya,Sportpark Westvliet,Netherlands,Kenya,bowl,Netherlands,229,10,112,10
ODI,Australia,England,Lord's,England,Australia,bat,Australia,277,7,235,10
ODI,Kenya,Afghanistan,VRA Ground,Netherlands,Kenya,bat,Afghanistan,233,7,234,9
ODI,Scotland,Ireland,Sportpark Westvliet,Netherlands,Ireland,bowl,Ireland,117,10,120,5
ODI,Canada,Netherlands,Hazelaarweg,Netherlands,Canada,bat,Netherlands,168,10,169,3
ODI,Canada,Ireland,VRA Ground,Netherlands,Canada,bat,Ireland,154,9,155,5
ODI,Scotland,Kenya,Hazelaarweg,Netherlands,Scotland,bat,Scotland,172,8,166,10
ODI,Netherlands,Afghanistan,Sportpark Westvliet,Netherlands,Afghanistan,bowl,Afghanistan,202,8,203,4
ODI,Bangladesh,England,Trent Bridge,England,Bangladesh,bat,England,250,9,251,4
ODI,Afghanistan,Scotland,Hazelaarweg,Netherlands,Afghanistan,bat,Scotland,141,10,142,8
ODI,Kenya,Canada,Sportpark Thurlede,Netherlands,Canada,bowl,Canada,153,10,154,4
ODI,Ireland,Netherlands,VRA Ground,Netherlands,Ireland,bat,Ireland,177,10,138,10
ODI,Kenya,Canada,Sportpark Thurlede,Netherlands,Canada,bowl,Canada,190,10,194,7
ODI,Scotland,Ireland,VRA Ground,Netherlands,Ireland,bowl,Ireland,232,10,233,4
ODI,Netherlands,Afghanistan,Hazelaarweg,Netherlands,Netherlands,bat,Afghanistan,218,5,219,5
ODI,Bangladesh,England,County Ground,England,England,bowl,Bangladesh,236,7,231,10
ODI,England,Bangladesh,Edgbaston,England,Bangladesh,bowl,England,347,7,203,10
ODI,Bangladesh,Ireland,Civil Service Cricket Club,Ireland,Ireland,bowl,Ireland,234,9,235,3
ODI,Ireland,Bangladesh,Civil Service Cricket Club,Ireland,Ireland,bat,Bangladesh,189,9,191,4
ODI,Bangladesh,Netherlands,Titwood,Scotland,Netherlands,bowl,Netherlands,199,7,200,4
ODI,New Zealand,India,Rangiri Dambulla International Stadium,Sri Lanka,New Zealand,bat,New Zealand,288,10,88,10
ODI,New Zealand,Sri Lanka,Rangiri Dambulla International Stadium,Sri Lanka,New Zealand,bat,Sri Lanka,192,10,195,7
ODI,Sri Lanka,India,Rangiri Dambulla International Stadium,Sri Lanka,Sri Lanka,bat,India,170,10,171,4
ODI,Scotland,Afghanistan,Cambusdoon New Ground,Scotland,Scotland,bat,Afghanistan,224,9,225,1
ODI,Ireland,Netherlands,Clontarf Cricket Club Ground,Ireland,Netherlands,bowl,Ireland,275,6,205,10
ODI,Afghanistan,Scotland,Cambusdoon New Ground,Scotland,Afghanistan,bat,Scotland,120,10,121,4
ODI,Netherlands,Ireland,Clontarf Cricket Club Ground,Ireland,Netherlands,bat,Ireland,125,10,129,1
ODI,Sri Lanka,New Zealand,Rangiri Dambulla International Stadium,Sri Lanka,New Zealand,bowl,0,203,3,0,0
ODI,India,Sri Lanka,Rangiri Dambulla International Stadium,Sri Lanka,India,bat,Sri Lanka,103,10,104,2
ODI,India,New Zealand,Rangiri Dambulla International Stadium,Sri Lanka,India,bat,India,223,10,118,10
ODI,Sri Lanka,India,Rangiri Dambulla International Stadium,Sri Lanka,Sri Lanka,bat,Sri Lanka,299,8,225,10
ODI,Ireland,Canada,Toronto Cricket,Canada,Ireland,bat,Canada,175,9,163,4
ODI,Ireland,Canada,Toronto Cricket,Canada,Canada,bowl,Ireland,325,8,233,10
ODI,England,Pakistan,Riverside Ground,England,Pakistan,bowl,England,274,6,250,9
ODI,Pakistan,England,Headingley,England,Pakistan,bat,England,294,8,295,6
ODI,Pakistan,England,Kennington Oval,England,Pakistan,bat,Pakistan,241,10,218,10
ODI,Pakistan,England,Lord's,England,Pakistan,bat,Pakistan,265,7,227,10
ODI,England,Pakistan,The Rose Bowl,England,England,bat,England,256,6,135,10
ODI,Ireland,Zimbabwe,Harare Sports Club,Zimbabwe,Zimbabwe,bowl,Zimbabwe,200,10,206,8
ODI,Ireland,Zimbabwe,Harare Sports Club,Zimbabwe,Zimbabwe,bowl,Zimbabwe,238,9,239,7
ODI,Ireland,Zimbabwe,Harare Sports Club,Zimbabwe,Zimbabwe,bowl,Ireland,244,10,224,10
ODI,Bangladesh,New Zealand,Shere Bangla National Stadium,Bangladesh,Bangladesh,bat,Bangladesh,228,10,200,8
ODI,Kenya,Afghanistan,Gymkhana Club Ground,Kenya,Kenya,bat,Kenya,180,10,88,10
ODI,Kenya,Afghanistan,Gymkhana Club Ground,Kenya,Kenya,bat,Afghanistan,139,10,143,4
ODI,New Zealand,Bangladesh,Shere Bangla National Stadium,Bangladesh,Bangladesh,bowl,Bangladesh,173,10,177,3
ODI,Afghanistan,Kenya,Gymkhana Club Ground,Kenya,Afghanistan,bat,Kenya,188,10,189,2
ODI,Bangladesh,New Zealand,Shere Bangla National Stadium,Bangladesh,New Zealand,bowl,Bangladesh,241,10,232,10
ODI,South Africa,Zimbabwe,OUTsurance Oval,South Africa,South Africa,bat,South Africa,351,6,287,6
ODI,Bangladesh,New Zealand,Shere Bangla National Stadium,Bangladesh,Bangladesh,bat,Bangladesh,174,10,171,10
ODI,Zimbabwe,South Africa,Senwes Park,South Africa,Zimbabwe,bat,South Africa,268,10,273,2
ODI,Australia,India,Dr. Y.S. Rajasekhara Reddy ACA-VDCA Cricket Stadium,India,India,bowl,India,289,3,292,5
ODI,South Africa,Zimbabwe,Willowmoore Park,South Africa,South Africa,bat,South Africa,399,6,127,10
ODI,Pakistan,South Africa,Sheikh Zayed Stadium,United Arab Emirates,Pakistan,bat,South Africa,203,10,207,2
ODI,South Africa,Pakistan,Sheikh Zayed Stadium,United Arab Emirates,South Africa,bat,Pakistan,286,8,289,9
ODI,South Africa,Pakistan,Dubai International Cricket Stadium,United Arab Emirates,Pakistan,bowl,South Africa,228,9,226,9
ODI,Australia,Sri Lanka,Melbourne Cricket Ground,Australia,Australia,bat,Sri Lanka,239,8,243,9
ODI,Sri Lanka,Australia,Sydney Cricket Ground,Australia,Sri Lanka,bat,Sri Lanka,213,3,210,10
ODI,South Africa,Pakistan,Dubai International Cricket Stadium,United Arab Emirates,South Africa,bat,Pakistan,274,6,275,9
ODI,Sri Lanka,Australia,Brisbane Cricket Ground,Australia,Sri Lanka,bat,Australia,115,10,119,2
ODI,South Africa,Pakistan,Dubai International Cricket Stadium,United Arab Emirates,South Africa,bat,South Africa,317,5,260,10
ODI,India,New Zealand,Nehru Stadium,India,New Zealand,bowl,India,276,10,236,10
ODI,Zimbabwe,Bangladesh,Shere Bangla National Stadium,Bangladesh,Bangladesh,bowl,Zimbabwe,209,10,200,10
ODI,New Zealand,India,Sawai Mansingh Stadium,India,India,bowl,India,258,8,259,2
ODI,Zimbabwe,Bangladesh,Shere Bangla National Stadium,Bangladesh,Bangladesh,bowl,Bangladesh,191,10,194,4
ODI,New Zealand,India,Reliance Stadium,India,India,bowl,India,224,9,229,1
ODI,Bangladesh,Zimbabwe,Shere Bangla National Stadium,Bangladesh,Zimbabwe,bowl,Bangladesh,246,7,181,10
ODI,New Zealand,India,M Chinnaswamy Stadium,India,India,bowl,India,315,7,321,5
ODI,New Zealand,India,MA Chidambaram Stadium,India,New Zealand,bat,India,103,10,107,2
ODI,Zimbabwe,Bangladesh,Zahur Ahmed Chowdhury Stadium,Bangladesh,Zimbabwe,bat,Bangladesh,188,6,189,4
ODI,South Africa,India,Kingsmead,South Africa,South Africa,bat,South Africa,289,9,154,10
ODI,India,South Africa,New Wanderers Stadium,South Africa,India,bat,India,190,10,189,10
ODI,England,Australia,Melbourne Cricket Ground,Australia,England,bat,Australia,294,10,297,4
ODI,South Africa,India,Newlands,South Africa,South Africa,bat,India,220,10,223,8
ODI,Australia,England,Bellerive Oval,Australia,England,bowl,Australia,230,10,184,10
ODI,South Africa,India,St George's Park,South Africa,South Africa,bat,South Africa,265,7,142,6
ODI,Pakistan,New Zealand,Westpac Stadium,New Zealand,Pakistan,bat,New Zealand,124,10,125,1
ODI,England,Australia,Sydney Cricket Ground,Australia,England,bat,Australia,214,10,215,6
ODI,South Africa,India,SuperSport Park,South Africa,India,bowl,South Africa,250,9,234,10
ODI,Pakistan,New Zealand,Queenstown Events Centre,New Zealand,New Zealand,bowl,0,31,0,0,0
ODI,England,Australia,Adelaide Oval,Australia,England,bat,England,299,8,278,7
ODI,Pakistan,New Zealand,AMI Stadium,New Zealand,New Zealand,bowl,Pakistan,293,7,250,9
ODI,Australia,England,Brisbane Cricket Ground,Australia,Australia,bat,Australia,249,10,198,10
ODI,West Indies,Sri Lanka,Sinhalese Sports Club Ground,Sri Lanka,West Indies,bat,0,245,5,0,0
ODI,New Zealand,Pakistan,McLean Park,New Zealand,New Zealand,bat,Pakistan,262,7,264,8
ODI,England,Australia,Sydney Cricket Ground,Australia,England,bat,Australia,333,6,334,8
ODI,Pakistan,New Zealand,Seddon Park,New Zealand,New Zealand,bowl,Pakistan,268,9,227,10
ODI,West Indies,Sri Lanka,Sinhalese Sports Club Ground,Sri Lanka,Sri Lanka,bowl,Sri Lanka,203,10,199,2
ODI,New Zealand,Pakistan,Eden Park,New Zealand,Pakistan,bowl,New Zealand,311,7,254,10
ODI,Australia,England,Western Australia Cricket Association Ground,Australia,Australia,bat,Australia,279,7,222,10
ODI,Sri Lanka,West Indies,Sinhalese Sports Club Ground,Sri Lanka,West Indies,bowl,Sri Lanka,277,9,251,10
ODI,Pakistan,India,Eden Gardens,India,India,bowl,Pakistan,250,10,165,10
ODI,India,Bangladesh,Shere Bangla National Stadium,Bangladesh,Bangladesh,bowl,India,370,4,283,9
ODI,Kenya,New Zealand,MA Chidambaram Stadium,India,Kenya,bat,New Zealand,69,10,72,0
ODI,Sri Lanka,Canada,Mahinda Rajapaksa International Cricket Stadium,Sri Lanka,Sri Lanka,bat,Sri Lanka,332,7,122,10
ODI,Australia,Zimbabwe,Sardar Patel Stadium,India,Australia,bat,Australia,262,6,171,10
ODI,Netherlands,England,Vidarbha Cricket Association Stadium,India,Netherlands,bat,England,292,6,296,4
ODI,Pakistan,Kenya,Mahinda Rajapaksa International Cricket Stadium,Sri Lanka,Pakistan,bat,Pakistan,317,7,112,10
ODI,West Indies,South Africa,Feroz Shah Kotla,India,South Africa,bowl,South Africa,222,10,223,3
ODI,New Zealand,Australia,Vidarbha Cricket Association Stadium,India,Australia,bowl,Australia,206,10,207,3
ODI,Bangladesh,Ireland,Shere Bangla National Stadium,Bangladesh,Bangladesh,bat,Bangladesh,205,10,178,10
ODI,Pakistan,Sri Lanka,R Premadasa Stadium,Sri Lanka,Pakistan,bat,Pakistan,277,7,266,9
ODI,India,England,M Chinnaswamy Stadium,India,India,bat,0,338,10,338,8
ODI,Zimbabwe,Canada,Vidarbha Cricket Association Stadium,India,Zimbabwe,bat,Zimbabwe,298,9,123,10
ODI,West Indies,Netherlands,Feroz Shah Kotla,India,Netherlands,bowl,West Indies,330,8,115,10
ODI,Kenya,Sri Lanka,R Premadasa Stadium,Sri Lanka,Kenya,bat,Sri Lanka,142,10,146,1
ODI,England,Ireland,M Chinnaswamy Stadium,India,England,bat,Ireland,327,8,329,7
ODI,South Africa,Netherlands,Punjab Cricket Association Stadium,India,Netherlands,bowl,South Africa,351,5,120,10
ODI,Pakistan,Canada,R Premadasa Stadium,Sri Lanka,Pakistan,bat,Pakistan,184,10,138,10
ODI,Zimbabwe,New Zealand,Sardar Patel Stadium,India,Zimbabwe,bat,New Zealand,162,10,166,0
ODI,Bangladesh,West Indies,Shere Bangla National Stadium,Bangladesh,Bangladesh,bat,West Indies,58,10,59,1
ODI,Sri Lanka,Australia,R Premadasa Stadium,Sri Lanka,Sri Lanka,bat,0,146,3,0,0
ODI,England,South Africa,MA Chidambaram Stadium,India,England,bat,England,171,10,165,10
ODI,Ireland,India,M Chinnaswamy Stadium,India,India,bowl,India,207,10,210,5
ODI,Kenya,Canada,Feroz Shah Kotla,India,Kenya,bat,Canada,198,10,199,5
ODI,New Zealand,Pakistan,Pallekele International Cricket Stadium,Sri Lanka,New Zealand,bat,New Zealand,302,7,192,10
ODI,Netherlands,India,Feroz Shah Kotla,India,Netherlands,bat,India,189,10,191,5
ODI,Sri Lanka,Zimbabwe,Pallekele International Cricket Stadium,Sri Lanka,Zimbabwe,bowl,Sri Lanka,327,6,188,10
ODI,West Indies,Ireland,Punjab Cricket Association Stadium,India,Ireland,bowl,West Indies,275,10,231,10
ODI,England,Bangladesh,Zahur Ahmed Chowdhury Stadium,Bangladesh,Bangladesh,bowl,Bangladesh,225,10,227,8
ODI,India,South Africa,Vidarbha Cricket Association Stadium,India,India,bat,South Africa,296,10,300,7
ODI,New Zealand,Canada,Wankhede Stadium,India,Canada,bowl,New Zealand,358,6,261,9
ODI,Australia,Kenya,M Chinnaswamy Stadium,India,Australia,bat,Australia,324,6,264,6
ODI,Netherlands,Bangladesh,Zahur Ahmed Chowdhury Stadium,Bangladesh,Netherlands,bat,Bangladesh,160,10,166,4
ODI,Zimbabwe,Pakistan,Pallekele International Cricket Stadium,Sri Lanka,Zimbabwe,bat,Pakistan,151,7,164,3
ODI,South Africa,Ireland,Eden Gardens,India,Ireland,bowl,South Africa,272,7,141,10
ODI,Canada,Australia,M Chinnaswamy Stadium,India,Canada,bat,Australia,211,10,212,3
ODI,India,Pakistan,Punjab Cricket Association Stadium,India,India,bat,India,260,9,231,10
ODI,England,West Indies,MA Chidambaram Stadium,India,England,bat,England,243,10,225,10
ODI,Netherlands,Ireland,Eden Gardens,India,Ireland,bowl,Ireland,306,10,307,4
ODI,Sri Lanka,New Zealand,Wankhede Stadium,India,Sri Lanka,bat,Sri Lanka,265,9,153,10
ODI,South Africa,Bangladesh,Shere Bangla National Stadium,Bangladesh,South Africa,bat,South Africa,284,8,78,10
ODI,Australia,Pakistan,R Premadasa Stadium,Sri Lanka,Australia,bat,Pakistan,176,10,178,6
ODI,Zimbabwe,Kenya,Eden Gardens,India,Zimbabwe,bat,Zimbabwe,308,6,147,10
ODI,India,West Indies,MA Chidambaram Stadium,India,India,bat,India,268,10,188,10
ODI,West Indies,Pakistan,Shere Bangla National Stadium,Bangladesh,West Indies,bat,Pakistan,112,10,113,0
ODI,Australia,India,Sardar Patel Stadium,India,Australia,bat,India,260,6,261,5
ODI,New Zealand,South Africa,Shere Bangla National Stadium,Bangladesh,New Zealand,bat,New Zealand,221,8,172,10
ODI,England,Sri Lanka,R Premadasa Stadium,Sri Lanka,England,bat,Sri Lanka,229,6,231,0
ODI,New Zealand,Sri Lanka,R Premadasa Stadium,Sri Lanka,New Zealand,bat,Sri Lanka,217,10,220,5
ODI,Sri Lanka,India,Wankhede Stadium,India,Sri Lanka,bat,India,274,6,277,4
ODI,Australia,Bangladesh,Shere Bangla National Stadium,Bangladesh,Bangladesh,bowl,Australia,270,7,210,5
ODI,Bangladesh,Australia,Shere Bangla National Stadium,Bangladesh,Bangladesh,bat,Australia,229,7,232,1
ODI,Australia,Bangladesh,Shere Bangla National Stadium,Bangladesh,Australia,bat,Australia,361,8,295,6
ODI,West Indies,Pakistan,Beausejour Stadium,West Indies,West Indies,bat,Pakistan,221,6,222,2
ODI,West Indies,Pakistan,Beausejour Stadium,West Indies,Pakistan,bowl,Pakistan,220,10,223,3
ODI,West Indies,Pakistan,Kensington Oval,West Indies,Pakistan,bowl,Pakistan,171,10,177,7
ODI,Pakistan,West Indies,Kensington Oval,West Indies,West Indies,bowl,West Indies,248,9,154,4
ODI,Pakistan,West Indies,Providence Stadium,West Indies,Pakistan,bat,West Indies,139,10,140,0
ODI,Ireland,Pakistan,Civil Service Cricket Club,Ireland,Pakistan,bowl,Pakistan,96,10,97,3
ODI,Ireland,Pakistan,Civil Service Cricket Club,Ireland,Ireland,bat,Pakistan,238,8,242,5
ODI,West Indies,India,Queen's Park Oval,West Indies,West Indies,bat,India,214,9,217,6
ODI,West Indies,India,Queen's Park Oval,West Indies,India,bowl,India,240,9,183,3
ODI,West Indies,India,Sir Vivian Richards Stadium,West Indies,India,bowl,India,225,8,228,7
ODI,West Indies,India,Sir Vivian Richards Stadium,West Indies,India,bowl,West Indies,249,8,146,10
ODI,India,West Indies,Sabina Park,West Indies,West Indies,bowl,West Indies,251,10,255,3
ODI,Scotland,Netherlands,Mannofield Park,Scotland,Scotland,bat,Scotland,255,7,240,10
ODI,England,Sri Lanka,Kennington Oval,England,Sri Lanka,bowl,England,229,8,121,10
ODI,Netherlands,Scotland,Mannofield Park,Scotland,Scotland,bowl,Scotland,180,9,162,5
ODI,Sri Lanka,England,Headingley,England,England,bowl,Sri Lanka,309,5,240,10
ODI,England,Sri Lanka,Lord's,England,England,bat,Sri Lanka,246,7,249,4
ODI,Sri Lanka,England,Trent Bridge,England,England,bowl,England,174,10,171,0
ODI,England,Sri Lanka,Old Trafford,England,England,bat,England,268,9,252,10
ODI,Ireland,Scotland,Grange Cricket Club Ground,Scotland,Scotland,bowl,Scotland,320,8,323,5
ODI,Sri Lanka,Scotland,Grange Cricket Club Ground,Scotland,Scotland,bowl,Sri Lanka,284,7,101,10
ODI,Canada,Afghanistan,Maple Leaf North-West Ground,Canada,Afghanistan,bowl,Afghanistan,230,10,213,8
ODI,Afghanistan,Canada,Toronto Cricket,Canada,Afghanistan,bat,Afghanistan,150,10,133,9
ODI,Sri Lanka,Australia,Pallekele International Cricket Stadium,Sri Lanka,Sri Lanka,bat,Australia,191,10,192,3
ODI,Bangladesh,Zimbabwe,Harare Sports Club,Zimbabwe,Zimbabwe,bowl,Zimbabwe,184,10,186,6
ODI,Bangladesh,Zimbabwe,Harare Sports Club,Zimbabwe,Zimbabwe,bowl,Zimbabwe,188,10,191,3
ODI,Sri Lanka,Australia,Mahinda Rajapaksa International Cricket Stadium,Sri Lanka,Sri Lanka,bat,Australia,208,10,211,2
ODI,Zimbabwe,Bangladesh,Harare Sports Club,Zimbabwe,Bangladesh,bowl,Zimbabwe,250,7,245,10
ODI,Sri Lanka,Australia,Mahinda Rajapaksa International Cricket Stadium,Sri Lanka,Australia,bowl,Sri Lanka,286,9,208,10
ODI,Zimbabwe,Bangladesh,Queens Sports Club,Zimbabwe,Bangladesh,bowl,Bangladesh,199,10,203,4
ODI,Sri Lanka,Australia,R Premadasa Stadium,Sri Lanka,Sri Lanka,bat,Australia,132,10,133,5
ODI,Bangladesh,Zimbabwe,Queens Sports Club,Zimbabwe,Zimbabwe,bowl,Bangladesh,253,6,160,9
ODI,Australia,Sri Lanka,R Premadasa Stadium,Sri Lanka,Sri Lanka,bowl,Sri Lanka,211,10,213,6
ODI,England,Ireland,Clontarf Cricket Club Ground,Ireland,Ireland,bowl,England,201,8,117,8
ODI,India,England,Riverside Ground,England,England,bowl,0,274,7,27,2
ODI,India,England,The Rose Bowl,England,England,bowl,England,187,8,188,3
ODI,Pakistan,Zimbabwe,Queens Sports Club,Zimbabwe,Pakistan,bat,Pakistan,247,7,242,7
ODI,India,England,Kennington Oval,England,England,bowl,England,234,7,218,7
ODI,Zimbabwe,Pakistan,Harare Sports Club,Zimbabwe,Zimbabwe,bat,Pakistan,225,6,228,0
ODI,India,England,Lord's,England,England,bowl,0,280,5,270,8
ODI,Kenya,Netherlands,Sportpark Westvliet,Netherlands,Kenya,bat,Netherlands,208,8,198,8
ODI,Kenya,Netherlands,Sportpark Westvliet,Netherlands,Kenya,bat,Netherlands,184,8,187,6
ODI,Pakistan,Zimbabwe,Harare Sports Club,Zimbabwe,Zimbabwe,bowl,Pakistan,270,5,242,9
ODI,India,England,Sophia Gardens,England,England,bowl,England,304,6,241,4
ODI,Ireland,Canada,Clontarf Cricket Club Ground,Ireland,Canada,bowl,Ireland,328,6,195,10
ODI,Ireland,Canada,Clontarf Cricket Club Ground,Ireland,Ireland,bat,Ireland,249,7,193,10
ODI,West Indies,Bangladesh,Shere Bangla National Stadium,Bangladesh,Bangladesh,bowl,West Indies,298,4,258,7
ODI,India,England,Rajiv Gandhi International Stadium,India,India,bat,India,300,7,174,10
ODI,Bangladesh,West Indies,Shere Bangla National Stadium,Bangladesh,Bangladesh,bat,West Indies,220,10,221,2
ODI,England,India,Feroz Shah Kotla,India,England,bat,India,237,10,238,2
ODI,West Indies,Bangladesh,Zahur Ahmed Chowdhury Stadium,Bangladesh,Bangladesh,bowl,Bangladesh,61,10,62,2
ODI,Australia,South Africa,SuperSport Park,South Africa,South Africa,bowl,Australia,183,4,129,10
ODI,Zimbabwe,New Zealand,Harare Sports Club,Zimbabwe,Zimbabwe,bat,New Zealand,231,6,232,1
ODI,England,India,Punjab Cricket Association Stadium,India,England,bat,India,298,4,300,5
ODI,Zimbabwe,New Zealand,Harare Sports Club,Zimbabwe,New Zealand,bowl,New Zealand,259,8,261,6
ODI,England,India,Wankhede Stadium,India,England,bat,India,220,10,223,4
ODI,South Africa,Australia,St George's Park,South Africa,South Africa,bat,South Africa,303,6,223,10
ODI,New Zealand,Zimbabwe,Queens Sports Club,Zimbabwe,New Zealand,bat,Zimbabwe,328,5,329,9
ODI,India,England,Eden Gardens,India,England,bowl,India,271,8,176,10
ODI,South Africa,Australia,Kingsmead,South Africa,South Africa,bat,Australia,222,6,227,7
ODI,Sri Lanka,Pakistan,Dubai International Cricket Stadium,United Arab Emirates,Sri Lanka,bat,Pakistan,131,10,132,2
ODI,Sri Lanka,Pakistan,Dubai International Cricket Stadium,United Arab Emirates,Sri Lanka,bat,Sri Lanka,235,7,210,10
ODI,Pakistan,Sri Lanka,Dubai International Cricket Stadium,United Arab Emirates,Pakistan,bat,Pakistan,257,8,236,10
ODI,Pakistan,Sri Lanka,Sharjah Cricket Stadium,United Arab Emirates,Pakistan,bat,Pakistan,200,10,174,10
ODI,Sri Lanka,Pakistan,Sheikh Zayed Stadium,United Arab Emirates,Sri Lanka,bat,Pakistan,218,9,219,7
ODI,West Indies,India,Barabati Stadium,India,India,bowl,India,211,9,213,9
ODI,Bangladesh,Pakistan,Shere Bangla National Stadium,Bangladesh,Bangladesh,bat,Pakistan,91,10,93,5
ODI,West Indies,India,Dr. Y.S. Rajasekhara Reddy ACA-VDCA Cricket Stadium,India,India,bowl,India,269,9,270,5
ODI,Pakistan,Bangladesh,Shere Bangla National Stadium,Bangladesh,Pakistan,bat,Pakistan,262,7,186,7
ODI,West Indies,India,Sardar Patel Stadium,India,India,bowl,West Indies,260,5,244,10
ODI,Pakistan,Bangladesh,Zahur Ahmed Chowdhury Stadium,Bangladesh,Pakistan,bat,Pakistan,177,10,119,10
ODI,India,West Indies,Holkar Cricket Stadium,India,India,bat,India,418,5,265,10
ODI,India,West Indies,MA Chidambaram Stadium,India,India,bat,India,267,6,233,10
ODI,South Africa,Sri Lanka,Boland Park,South Africa,South Africa,bat,South Africa,301,8,43,10
ODI,Sri Lanka,South Africa,Buffalo Park,South Africa,South Africa,bowl,South Africa,236,6,237,5
ODI,Sri Lanka,South Africa,Chevrolet Park,South Africa,Sri Lanka,bat,South Africa,266,9,179,5
ODI,South Africa,Sri Lanka,De Beers Diamond Oval,South Africa,South Africa,bat,Sri Lanka,299,7,304,5
ODI,South Africa,Sri Lanka,New Wanderers Stadium,South Africa,Sri Lanka,bowl,Sri Lanka,312,4,314,8
ODI,New Zealand,Zimbabwe,University Oval,New Zealand,Zimbabwe,bowl,New Zealand,248,10,158,10
ODI,Australia,India,Melbourne Cricket Ground,Australia,India,bowl,Australia,216,5,151,10
ODI,New Zealand,Zimbabwe,Cobham Oval (New),New Zealand,Zimbabwe,bowl,New Zealand,372,6,231,8
ODI,Sri Lanka,India,Western Australia Cricket Association Ground,Australia,Sri Lanka,bat,India,233,8,234,6
ODI,New Zealand,Zimbabwe,McLean Park,New Zealand,New Zealand,bat,New Zealand,373,8,171,10
ODI,Australia,Sri Lanka,Western Australia Cricket Association Ground,Australia,Sri Lanka,bowl,Australia,231,10,226,10
ODI,Afghanistan,Pakistan,Sharjah Cricket Stadium,United Arab Emirates,Afghanistan,bat,Pakistan,195,10,198,3
ODI,Australia,India,Adelaide Oval,Australia,Australia,bat,India,269,8,270,6
ODI,England,Pakistan,Sheikh Zayed Stadium,United Arab Emirates,England,bat,England,260,7,130,10
ODI,Sri Lanka,India,Adelaide Oval,Australia,Sri Lanka,bat,0,236,9,236,9
ODI,England,Pakistan,Sheikh Zayed Stadium,United Arab Emirates,England,bat,England,250,4,230,10
ODI,Australia,Sri Lanka,Sydney Cricket Ground,Australia,Australia,bat,Sri Lanka,158,10,152,2
ODI,Ireland,Kenya,Mombasa Sports Club Ground,Kenya,Ireland,bat,Kenya,200,10,201,3
ODI,Pakistan,England,Dubai International Cricket Stadium,United Arab Emirates,Pakistan,bat,England,222,10,226,1
ODI,Australia,India,Brisbane Cricket Ground,Australia,Australia,bat,Australia,288,5,178,10
ODI,Ireland,Kenya,Mombasa Sports Club Ground,Kenya,Ireland,bat,Ireland,237,9,120,10
ODI,Sri Lanka,India,Brisbane Cricket Ground,Australia,Sri Lanka,bat,Sri Lanka,289,6,238,10
ODI,Pakistan,England,Dubai International Cricket Stadium,United Arab Emirates,Pakistan,bat,England,237,10,241,6
ODI,Australia,Sri Lanka,Bellerive Oval,Australia,Australia,bat,Sri Lanka,280,6,283,7
ODI,New Zealand,South Africa,Westpac Stadium,New Zealand,New Zealand,bat,South Africa,253,9,254,4
ODI,Australia,India,Sydney Cricket Ground,Australia,Australia,bat,Australia,252,9,165,10
ODI,Sri Lanka,India,Bellerive Oval,Australia,India,bowl,India,320,4,321,3
ODI,New Zealand,South Africa,McLean Park,New Zealand,South Africa,bowl,South Africa,230,10,231,4
ODI,Sri Lanka,Australia,Melbourne Cricket Ground,Australia,Sri Lanka,bat,Sri Lanka,238,10,229,10
ODI,New Zealand,South Africa,Eden Park,New Zealand,South Africa,bowl,South Africa,206,10,208,5
ODI,Australia,Sri Lanka,Brisbane Cricket Ground,Australia,Australia,bat,Australia,321,6,306,10
ODI,Australia,Sri Lanka,Adelaide Oval,Australia,Australia,bat,Sri Lanka,271,6,274,2
ODI,Australia,Sri Lanka,Adelaide Oval,Australia,Sri Lanka,bowl,Australia,231,10,215,10
ODI,Pakistan,Bangladesh,Shere Bangla National Stadium,Bangladesh,Bangladesh,bowl,Pakistan,262,8,241,10
ODI,India,Sri Lanka,Shere Bangla National Stadium,Bangladesh,Sri Lanka,bowl,India,304,3,254,10
ODI,Sri Lanka,Pakistan,Shere Bangla National Stadium,Bangladesh,Sri Lanka,bat,Pakistan,188,10,189,4
ODI,India,Bangladesh,Shere Bangla National Stadium,Bangladesh,Bangladesh,bowl,Bangladesh,289,5,293,5
ODI,Australia,West Indies,Arnos Vale Ground,West Indies,Australia,bat,Australia,204,8,140,10
ODI,Pakistan,India,Shere Bangla National Stadium,Bangladesh,Pakistan,bat,India,329,6,330,4
ODI,Australia,West Indies,Arnos Vale Ground,West Indies,West Indies,bowl,West Indies,154,9,163,5
ODI,Sri Lanka,Bangladesh,Shere Bangla National Stadium,Bangladesh,Bangladesh,bowl,Bangladesh,232,10,212,5
ODI,Australia,West Indies,Arnos Vale Ground,West Indies,Australia,bat,0,220,10,220,10
ODI,Pakistan,Bangladesh,Shere Bangla National Stadium,Bangladesh,Bangladesh,bowl,Pakistan,236,9,234,8
ODI,West Indies,Australia,Beausejour Stadium,West Indies,Australia,bowl,West Indies,294,7,252,10
ODI,Australia,West Indies,Beausejour Stadium,West Indies,West Indies,bowl,Australia,281,9,251,10
ODI,Afghanistan,Netherlands,Sharjah Cricket Stadium,United Arab Emirates,Afghanistan,bat,Netherlands,153,10,156,1
ODI,Netherlands,Afghanistan,Sharjah Cricket Stadium,United Arab Emirates,Afghanistan,bowl,Afghanistan,256,9,259,5
ODI,Sri Lanka,Pakistan,Pallekele International Cricket Stadium,Sri Lanka,Sri Lanka,bat,Pakistan,135,8,135,4
ODI,Sri Lanka,Pakistan,Pallekele International Cricket Stadium,Sri Lanka,Sri Lanka,bat,Sri Lanka,280,4,204,10
ODI,Pakistan,Sri Lanka,R Premadasa Stadium,Sri Lanka,Pakistan,bat,0,12,2,0,0
ODI,Sri Lanka,Pakistan,R Premadasa Stadium,Sri Lanka,Sri Lanka,bat,Sri Lanka,243,8,199,10
ODI,England,West Indies,The Rose Bowl,England,West Indies,bowl,England,288,6,172,10
ODI,Pakistan,Sri Lanka,R Premadasa Stadium,Sri Lanka,Pakistan,bat,Sri Lanka,247,7,248,8
ODI,West Indies,England,Kennington Oval,England,England,bowl,England,238,9,239,2
ODI,Ireland,Australia,Civil Service Cricket Club,Ireland,Australia,bowl,0,36,3,0,0
ODI,England,Australia,Lord's,England,Australia,bowl,England,272,5,257,9
ODI,Australia,England,Kennington Oval,England,Australia,bat,England,251,7,252,4
ODI,Ireland,Afghanistan,Clontarf Cricket Club Ground,Ireland,Afghanistan,bowl,Ireland,163,10,104,10
ODI,New Zealand,West Indies,Sabina Park,West Indies,West Indies,bowl,West Indies,190,9,136,1
ODI,Australia,England,Riverside Ground,England,England,bowl,England,200,9,201,2
ODI,West Indies,New Zealand,Sabina Park,West Indies,New Zealand,bowl,West Indies,315,5,260,10
ODI,Australia,England,Old Trafford,England,England,bowl,England,145,7,138,3
ODI,Canada,Scotland,Cambusdoon New Ground,Scotland,Scotland,bowl,Scotland,176,10,177,6
ODI,New Zealand,West Indies,Warner Park,West Indies,West Indies,bowl,New Zealand,249,9,161,10
ODI,West Indies,New Zealand,Warner Park,West Indies,West Indies,bat,West Indies,264,10,240,10
ODI,West Indies,New Zealand,Warner Park,West Indies,West Indies,bat,West Indies,241,9,221,10
ODI,India,Sri Lanka,Mahinda Rajapaksa International Cricket Stadium,Sri Lanka,India,bat,India,314,6,293,9
ODI,India,Sri Lanka,Mahinda Rajapaksa International Cricket Stadium,Sri Lanka,India,bat,Sri Lanka,138,10,139,1
ODI,Sri Lanka,India,R Premadasa Stadium,Sri Lanka,Sri Lanka,bat,India,286,5,288,5
ODI,Sri Lanka,India,R Premadasa Stadium,Sri Lanka,Sri Lanka,bat,India,251,8,255,4
ODI,India,Sri Lanka,Pallekele International Cricket Stadium,Sri Lanka,India,bat,India,294,7,274,10
ODI,England,South Africa,Sophia Gardens,England,South Africa,bowl,0,37,0,0,0
ODI,Australia,Afghanistan,Sharjah Cricket Association Stadium,United Arab Emirates,Australia,bat,Australia,272,8,206,10
ODI,South Africa,England,The Rose Bowl,England,South Africa,bat,South Africa,287,5,207,10
ODI,Pakistan,Australia,Sharjah Cricket Stadium,United Arab Emirates,Pakistan,bat,Australia,198,10,199,6
ODI,South Africa,England,Kennington Oval,England,South Africa,bat,England,211,10,212,6
ODI,Australia,Pakistan,Sheikh Zayed Stadium,United Arab Emirates,Australia,bat,Pakistan,248,9,249,3
ODI,South Africa,England,Lord's,England,England,bowl,England,220,8,224,4
ODI,Pakistan,Australia,Sharjah Cricket Stadium,United Arab Emirates,Australia,bowl,Australia,244,7,250,7
ODI,England,South Africa,Trent Bridge,England,England,bat,South Africa,182,10,186,3
ODI,New Zealand,Sri Lanka,Pallekele International Cricket Stadium,Sri Lanka,New Zealand,bat,Sri Lanka,250,6,118,3
ODI,New Zealand,Sri Lanka,Pallekele International Cricket Stadium,Sri Lanka,Sri Lanka,bowl,Sri Lanka,188,6,200,3
ODI,New Zealand,Sri Lanka,Mahinda Rajapaksa International Cricket Stadium,Sri Lanka,Sri Lanka,bowl,Sri Lanka,131,8,131,3
ODI,Sri Lanka,New Zealand,Mahinda Rajapaksa International Cricket Stadium,Sri Lanka,New Zealand,bowl,0,123,8,0,0
ODI,West Indies,Bangladesh,Sheikh Abu Naser Stadium,Bangladesh,West Indies,bat,Bangladesh,199,10,201,3
ODI,Bangladesh,West Indies,Sheikh Abu Naser Stadium,Bangladesh,West Indies,bowl,Bangladesh,292,6,132,10
ODI,Bangladesh,West Indies,Shere Bangla National Stadium,Bangladesh,West Indies,bowl,West Indies,227,10,228,6
ODI,West Indies,Bangladesh,Shere Bangla National Stadium,Bangladesh,Bangladesh,bowl,West Indies,211,9,136,10
ODI,West Indies,Bangladesh,Shere Bangla National Stadium,Bangladesh,Bangladesh,bowl,Bangladesh,217,10,221,8
ODI,India,Pakistan,MA Chidambaram Stadium,India,Pakistan,bowl,Pakistan,227,6,228,4
ODI,India,Pakistan,Feroz Shah Kotla,India,India,bat,India,167,10,157,10
ODI,Australia,Sri Lanka,Melbourne Cricket Ground,Australia,Australia,bat,Australia,305,5,198,10
ODI,England,India,Saurashtra Cricket Association Stadium,India,England,bat,England,325,4,316,9
ODI,Australia,Sri Lanka,Adelaide Oval,Australia,Sri Lanka,bowl,Sri Lanka,170,10,172,2
ODI,India,England,Nehru Stadium,India,India,bat,India,285,6,158,10
ODI,Australia,Sri Lanka,Brisbane Cricket Ground,Australia,Australia,bat,Sri Lanka,74,10,75,6
ODI,England,India,JSCA International Stadium Complex,India,India,bowl,India,155,10,157,3
ODI,South Africa,New Zealand,Boland Park,South Africa,New Zealand,bowl,New Zealand,208,10,209,9
ODI,Australia,Sri Lanka,Sydney Cricket Ground,Australia,Australia,bat,0,222,9,14,0
ODI,New Zealand,South Africa,De Beers Diamond Oval,South Africa,South Africa,bowl,New Zealand,279,8,252,10
ODI,Australia,Sri Lanka,Bellerive Oval,Australia,Sri Lanka,bowl,Australia,247,5,215,10
ODI,England,India,Punjab Cricket Association Stadium,India,India,bowl,India,257,7,258,5
ODI,New Zealand,South Africa,Senwes Park,South Africa,New Zealand,bat,South Africa,260,9,264,9
ODI,India,England,Himachal Pradesh Cricket Association Stadium,India,England,bowl,England,226,10,227,3
ODI,West Indies,Australia,Western Australia Cricket Association Ground,Australia,West Indies,bat,Australia,70,10,71,1
ODI,Australia,West Indies,Western Australia Cricket Association Ground,Australia,West Indies,bowl,Australia,266,7,212,10
ODI,Australia,West Indies,Manuka Oval,Australia,Australia,bat,Australia,329,7,290,10
ODI,West Indies,Australia,Sydney Cricket Ground,Australia,West Indies,bat,Australia,220,10,221,5
ODI,Australia,West Indies,Melbourne Cricket Ground,Australia,West Indies,bowl,Australia,274,5,257,10
ODI,England,New Zealand,Seddon Park,New Zealand,New Zealand,bowl,New Zealand,258,10,259,7
ODI,New Zealand,England,McLean Park,New Zealand,England,bowl,England,269,10,270,2
ODI,West Indies,Zimbabwe,National Cricket Stadium,West Indies,Zimbabwe,bowl,West Indies,337,4,181,9
ODI,New Zealand,England,Eden Park,New Zealand,England,bowl,England,185,10,186,5
ODI,Zimbabwe,West Indies,National Cricket Stadium,West Indies,Zimbabwe,bat,West Indies,273,8,274,3
ODI,Zimbabwe,West Indies,National Cricket Stadium,West Indies,Zimbabwe,bat,West Indies,211,9,215,5
ODI,Scotland,Afghanistan,Sharjah Cricket Stadium,United Arab Emirates,Scotland,bat,Afghanistan,199,8,203,3
ODI,Scotland,Afghanistan,Sharjah Cricket Stadium,United Arab Emirates,Afghanistan,bowl,Afghanistan,259,9,261,5
ODI,South Africa,Pakistan,Chevrolet Park,South Africa,Pakistan,bowl,South Africa,315,4,190,10
ODI,Canada,Kenya,ICC Global Cricket Academy,United Arab Emirates,Canada,bat,Kenya,227,8,228,4
ODI,Canada,Kenya,ICC Global Cricket Academy,United Arab Emirates,Canada,bat,Kenya,253,9,254,4
ODI,South Africa,Pakistan,SuperSport Park,South Africa,South Africa,bat,Pakistan,191,10,192,4
ODI,South Africa,Pakistan,New Wanderers Stadium,South Africa,Pakistan,bowl,South Africa,343,5,309,10
ODI,South Africa,Pakistan,Kingsmead,South Africa,South Africa,bat,Pakistan,234,9,236,7
ODI,Bangladesh,Sri Lanka,Mahinda Rajapaksa International Cricket Stadium,Sri Lanka,Sri Lanka,bowl,Sri Lanka,259,8,238,2
ODI,Pakistan,South Africa,Willowmoore Park,South Africa,Pakistan,bat,South Africa,205,10,208,4
ODI,Sri Lanka,Bangladesh,Mahinda Rajapaksa International Cricket Stadium,Sri Lanka,Bangladesh,bowl,0,33,0,0,0
ODI,Sri Lanka,Bangladesh,Pallekele International Cricket Stadium,Sri Lanka,Sri Lanka,bat,Bangladesh,302,9,184,7
ODI,Bangladesh,Zimbabwe,Queens Sports Club,Zimbabwe,Zimbabwe,bowl,Bangladesh,269,8,148,10
ODI,Bangladesh,Zimbabwe,Queens Sports Club,Zimbabwe,Zimbabwe,bowl,Zimbabwe,252,9,253,4
ODI,Bangladesh,Zimbabwe,Queens Sports Club,Zimbabwe,Zimbabwe,bowl,Zimbabwe,247,9,251,3
ODI,Pakistan,Scotland,Grange Cricket Club Ground,Scotland,Pakistan,bat,Pakistan,231,7,135,10
ODI,Pakistan,Ireland,Clontarf Cricket Club Ground,Ireland,Pakistan,bat,0,266,5,275,5
ODI,Ireland,Pakistan,Clontarf Cricket Club Ground,Ireland,Pakistan,bowl,Pakistan,229,9,230,8
ODI,South Africa,Netherlands,VRA Ground,Netherlands,South Africa,bat,South Africa,341,3,258,9
ODI,England,New Zealand,Lord's,England,New Zealand,bowl,New Zealand,227,9,231,5
ODI,New Zealand,England,The Rose Bowl,England,New Zealand,bat,New Zealand,359,3,273,10
ODI,England,New Zealand,Trent Bridge,England,New Zealand,bowl,England,287,6,253,10
ODI,India,South Africa,Sophia Gardens,England,South Africa,bowl,India,331,7,305,10
ODI,Pakistan,West Indies,Kennington Oval,England,West Indies,bowl,West Indies,170,10,172,8
ODI,England,Australia,Edgbaston,England,England,bat,England,269,6,221,9
ODI,Sri Lanka,New Zealand,Sophia Gardens,England,Sri Lanka,bat,New Zealand,138,10,139,9
ODI,South Africa,Pakistan,Edgbaston,England,South Africa,bat,South Africa,234,9,167,10
ODI,West Indies,India,Kennington Oval,England,India,bowl,India,233,9,236,2
ODI,Australia,New Zealand,Edgbaston,England,Australia,bat,0,243,8,51,2
ODI,England,Sri Lanka,Kennington Oval,England,Sri Lanka,bowl,Sri Lanka,293,7,297,3
ODI,South Africa,West Indies,Sophia Gardens,England,West Indies,bowl,0,230,6,190,6
ODI,Pakistan,India,Edgbaston,England,India,bowl,India,165,10,102,2
ODI,England,New Zealand,Sophia Gardens,England,New Zealand,bowl,England,169,10,159,8
ODI,Sri Lanka,Australia,Kennington Oval,England,Australia,bowl,Sri Lanka,253,8,233,10
ODI,South Africa,England,Kennington Oval,England,England,bowl,England,175,10,179,3
ODI,Sri Lanka,India,Sophia Gardens,England,India,bowl,India,181,8,182,2
ODI,India,England,Edgbaston,England,England,bowl,India,129,7,124,8
ODI,Sri Lanka,West Indies,Sabina Park,West Indies,West Indies,bowl,West Indies,208,10,209,4
ODI,Scotland,Kenya,Mannofield Park,Scotland,Kenya,bowl,Scotland,242,4,230,10
ODI,India,West Indies,Sabina Park,West Indies,West Indies,bowl,West Indies,229,7,230,9
ODI,Kenya,Scotland,Mannofield Park,Scotland,Scotland,bowl,Scotland,183,10,139,6
ODI,Sri Lanka,India,Sabina Park,West Indies,India,bowl,Sri Lanka,348,1,187,10
ODI,India,West Indies,Queen's Park Oval,West Indies,West Indies,bowl,India,311,7,171,10
ODI,Ireland,Netherlands,VRA Ground,Netherlands,Ireland,bat,Ireland,236,10,148,10
ODI,Sri Lanka,West Indies,Queen's Park Oval,West Indies,West Indies,bowl,Sri Lanka,219,8,190,9
ODI,Ireland,Netherlands,VRA Ground,Netherlands,Ireland,bat,0,268,5,268,9
ODI,India,Sri Lanka,Queen's Park Oval,West Indies,Sri Lanka,bowl,India,119,3,96,10
ODI,Sri Lanka,India,Queen's Park Oval,West Indies,India,bowl,India,201,10,203,9
ODI,Pakistan,West Indies,Providence Stadium,West Indies,West Indies,bowl,Pakistan,224,9,98,10
ODI,West Indies,Pakistan,Providence Stadium,West Indies,Pakistan,bowl,West Indies,232,8,195,10
ODI,Pakistan,West Indies,Beausejour Stadium,West Indies,West Indies,bowl,0,229,6,229,9
ODI,Sri Lanka,South Africa,R Premadasa Stadium,Sri Lanka,South Africa,bowl,Sri Lanka,320,5,140,10
ODI,West Indies,Pakistan,Beausejour Stadium,West Indies,Pakistan,bowl,Pakistan,261,7,189,4
ODI,Sri Lanka,South Africa,R Premadasa Stadium,Sri Lanka,Sri Lanka,bat,Sri Lanka,223,9,104,5
ODI,Zimbabwe,India,Harare Sports Club,Zimbabwe,India,bowl,India,228,7,230,4
ODI,West Indies,Pakistan,Beausejour Stadium,West Indies,Pakistan,bowl,Pakistan,242,7,243,6
ODI,India,Zimbabwe,Harare Sports Club,Zimbabwe,Zimbabwe,bowl,India,294,8,236,9
ODI,South Africa,Sri Lanka,Pallekele International Cricket Stadium,Sri Lanka,South Africa,bat,South Africa,223,7,167,10
ODI,Zimbabwe,India,Harare Sports Club,Zimbabwe,India,bowl,India,183,10,187,3
ODI,South Africa,Sri Lanka,Pallekele International Cricket Stadium,Sri Lanka,South Africa,bat,Sri Lanka,238,10,239,2
ODI,Sri Lanka,South Africa,R Premadasa Stadium,Sri Lanka,Sri Lanka,bat,Sri Lanka,307,4,179,10
ODI,Zimbabwe,India,Queens Sports Club,Zimbabwe,India,bowl,India,144,10,145,1
ODI,Zimbabwe,India,Queens Sports Club,Zimbabwe,India,bowl,India,163,10,167,3
ODI,Pakistan,Zimbabwe,Harare Sports Club,Zimbabwe,Pakistan,bat,Zimbabwe,244,7,246,3
ODI,Netherlands,Canada,Maple Leaf North-West Ground,Canada,Canada,bowl,0,143,10,62,1
ODI,Pakistan,Zimbabwe,Harare Sports Club,Zimbabwe,Zimbabwe,bowl,Pakistan,299,4,209,10
ODI,Canada,Netherlands,Maple Leaf North-West Ground,Canada,Netherlands,bowl,Netherlands,67,10,70,1
ODI,Pakistan,Zimbabwe,Harare Sports Club,Zimbabwe,Zimbabwe,bowl,Pakistan,260,6,152,10
ODI,Ireland,England,The Village,Ireland,England,bowl,England,269,7,274,4
ODI,Australia,Scotland,Grange Cricket Club Ground,Scotland,Scotland,bowl,Australia,362,3,162,10
ODI,Scotland,Ireland,Civil Service Cricket Club,Ireland,Scotland,bat,Ireland,223,9,225,9
ODI,Australia,England,Old Trafford,England,England,bowl,Australia,315,7,227,10
ODI,Scotland,Ireland,Civil Service Cricket Club,Ireland,Scotland,bat,Ireland,165,10,166,3
ODI,England,Australia,Edgbaston,England,Australia,bowl,0,59,3,0,0
ODI,Australia,England,Sophia Gardens,England,England,bowl,England,227,10,231,7
ODI,Australia,England,The Rose Bowl,England,Australia,bat,Australia,298,10,249,10
ODI,Kenya,Afghanistan,Sharjah Cricket Stadium,United Arab Emirates,Kenya,bat,Afghanistan,89,10,95,2
ODI,Kenya,Afghanistan,Sharjah Cricket Stadium,United Arab Emirates,Afghanistan,bowl,Afghanistan,93,10,96,3
ODI,Australia,India,Maharashtra Cricket Association Stadium,India,Australia,bat,Australia,304,8,232,10
ODI,Australia,India,Sawai Mansingh Stadium,India,Australia,bat,India,359,5,362,1
ODI,India,Australia,Punjab Cricket Association Stadium,India,Australia,bowl,Australia,303,9,304,6
ODI,Australia,India,JSCA International Stadium Complex,India,India,bowl,0,295,8,27,0
ODI,Bangladesh,New Zealand,Shere Bangla National Stadium,Bangladesh,New Zealand,bowl,Bangladesh,265,10,162,9
ODI,Australia,India,Vidarbha Cricket Association Stadium,India,India,bowl,India,350,6,351,4
ODI,South Africa,Pakistan,Sharjah Cricket Stadium,United Arab Emirates,South Africa,bat,South Africa,183,10,182,10
ODI,Bangladesh,New Zealand,Shere Bangla National Stadium,Bangladesh,Bangladesh,bat,Bangladesh,247,10,207,10
ODI,Pakistan,South Africa,Dubai International Cricket Stadium,United Arab Emirates,Pakistan,bat,Pakistan,209,10,143,10
ODI,India,Australia,M Chinnaswamy Stadium,India,Australia,bowl,India,383,6,326,10
ODI,New Zealand,Bangladesh,Khan Shaheb Osman Ali Stadium,Bangladesh,Bangladesh,bowl,Bangladesh,307,5,309,6
ODI,South Africa,Pakistan,Sheikh Zayed Stadium,United Arab Emirates,South Africa,bat,South Africa,259,8,191,10
ODI,South Africa,Pakistan,Sheikh Zayed Stadium,United Arab Emirates,South Africa,bat,South Africa,266,5,238,10
ODI,Sri Lanka,New Zealand,Mahinda Rajapaksa International Cricket Stadium,Sri Lanka,New Zealand,bowl,0,288,9,13,1
ODI,South Africa,Pakistan,Sharjah Cricket Stadium,United Arab Emirates,South Africa,bat,South Africa,268,7,151,10
ODI,Sri Lanka,New Zealand,Mahinda Rajapaksa International Cricket Stadium,Sri Lanka,Sri Lanka,bat,New Zealand,138,1,203,6
ODI,Sri Lanka,New Zealand,Rangiri Dambulla International Stadium,Sri Lanka,New Zealand,bowl,Sri Lanka,211,8,126,6
ODI,West Indies,India,Nehru Stadium,India,West Indies,bat,India,211,10,212,4
ODI,India,West Indies,Dr. Y.S. Rajasekhara Reddy ACA-VDCA Cricket Stadium,India,West Indies,bowl,West Indies,288,7,289,8
ODI,Pakistan,South Africa,Newlands,South Africa,Pakistan,bat,Pakistan,218,9,195,10
ODI,West Indies,India,Green Park,India,India,bowl,India,263,5,266,5
ODI,Pakistan,South Africa,St George's Park,South Africa,South Africa,bowl,Pakistan,262,10,261,6
ODI,Pakistan,South Africa,SuperSport Park,South Africa,South Africa,bowl,South Africa,179,10,181,6
ODI,South Africa,India,New Wanderers Stadium,South Africa,India,bowl,South Africa,358,4,217,10
ODI,South Africa,India,Kingsmead,South Africa,India,bowl,South Africa,280,6,146,10
ODI,South Africa,India,SuperSport Park,South Africa,South Africa,bat,0,301,8,0,0
ODI,Pakistan,Sri Lanka,Sharjah Cricket Stadium,United Arab Emirates,Pakistan,bat,Pakistan,322,5,311,10
ODI,Pakistan,Sri Lanka,Dubai International Cricket Stadium,United Arab Emirates,Sri Lanka,bowl,Sri Lanka,284,4,287,8
ODI,Pakistan,Sri Lanka,Sharjah Cricket Stadium,United Arab Emirates,Sri Lanka,bowl,Pakistan,326,5,213,10
ODI,Sri Lanka,Pakistan,Sheikh Zayed Stadium,United Arab Emirates,Sri Lanka,bat,Pakistan,225,10,226,2
ODI,New Zealand,West Indies,Eden Park,New Zealand,West Indies,bowl,West Indies,156,10,157,8
ODI,Pakistan,Sri Lanka,Sheikh Zayed Stadium,United Arab Emirates,Pakistan,bat,Sri Lanka,232,10,235,8
ODI,New Zealand,West Indies,Queenstown Events Centre,New Zealand,West Indies,bowl,New Zealand,283,4,124,5
ODI,New Zealand,West Indies,Saxton Oval,New Zealand,New Zealand,bat,New Zealand,285,6,134,5
ODI,West Indies,New Zealand,Seddon Park,New Zealand,New Zealand,bowl,West Indies,363,4,160,10
ODI,England,Australia,Melbourne Cricket Ground,Australia,England,bat,Australia,269,7,270,4
ODI,England,Australia,Brisbane Cricket Ground,Australia,England,bat,Australia,300,8,301,9
ODI,New Zealand,India,McLean Park,New Zealand,India,bowl,New Zealand,292,7,268,10
ODI,England,Australia,Sydney Cricket Ground,Australia,England,bat,Australia,243,9,244,3
ODI,New Zealand,India,Seddon Park,New Zealand,India,bowl,New Zealand,271,7,277,9
ODI,Scotland,Canada,Hagley Oval,New Zealand,Canada,bowl,Scotland,341,9,171,10
ODI,Netherlands,Kenya,Bert Sutcliffe Oval,New Zealand,Kenya,bowl,Kenya,265,6,266,6
ODI,England,Australia,Western Australia Cricket Association Ground,Australia,Australia,bowl,England,316,8,259,10
ODI,New Zealand,India,Eden Park,New Zealand,India,bowl,0,314,10,314,9
ODI,Australia,England,Adelaide Oval,Australia,Australia,bat,Australia,217,9,212,10
ODI,Canada,Netherlands,Bay Oval,New Zealand,Canada,bat,Netherlands,210,10,212,2
ODI,India,New Zealand,Seddon Park,New Zealand,India,bat,New Zealand,278,5,280,3
ODI,Kenya,Scotland,Hagley Oval,New Zealand,Kenya,bat,Scotland,260,10,261,7
ODI,New Zealand,India,Westpac Stadium,New Zealand,India,bowl,New Zealand,303,5,216,10
ODI,Scotland,U.A.E.,Bert Sutcliffe Oval,New Zealand,Scotland,bat,Scotland,285,5,244,9
ODI,Sri Lanka,Bangladesh,Shere Bangla National Stadium,Bangladesh,Bangladesh,bowl,Sri Lanka,180,10,167,10
ODI,Sri Lanka,Bangladesh,Shere Bangla National Stadium,Bangladesh,Sri Lanka,bat,Sri Lanka,289,6,228,10
ODI,Bangladesh,Sri Lanka,Shere Bangla National Stadium,Bangladesh,Sri Lanka,bowl,Sri Lanka,240,8,246,4
ODI,Ireland,West Indies,Sabina Park,West Indies,Ireland,bat,West Indies,202,10,205,6
ODI,Sri Lanka,Pakistan,Khan Shaheb Osman Ali Stadium,Bangladesh,Sri Lanka,bat,Sri Lanka,296,6,284,10
ODI,Bangladesh,India,Khan Shaheb Osman Ali Stadium,Bangladesh,India,bowl,India,279,7,280,4
ODI,Pakistan,Afghanistan,Khan Shaheb Osman Ali Stadium,Bangladesh,Afghanistan,bowl,Pakistan,248,8,176,10
ODI,India,Sri Lanka,Khan Shaheb Osman Ali Stadium,Bangladesh,Sri Lanka,bowl,Sri Lanka,264,9,265,8
ODI,West Indies,England,Sir Vivian Richards Stadium,West Indies,England,bowl,West Indies,269,6,254,6
ODI,Afghanistan,Bangladesh,Khan Shaheb Osman Ali Stadium,Bangladesh,Bangladesh,bowl,Afghanistan,254,6,222,10
ODI,India,Pakistan,Shere Bangla National Stadium,Bangladesh,Pakistan,bowl,Pakistan,245,8,249,9
ODI,West Indies,England,Sir Vivian Richards Stadium,West Indies,England,bowl,England,159,10,163,7
ODI,Sri Lanka,Afghanistan,Shere Bangla National Stadium,Bangladesh,Sri Lanka,bat,Sri Lanka,253,6,124,10
ODI,Bangladesh,Pakistan,Shere Bangla National Stadium,Bangladesh,Bangladesh,bat,Pakistan,326,3,329,7
ODI,Afghanistan,India,Shere Bangla National Stadium,Bangladesh,India,bowl,India,159,10,160,2
ODI,England,West Indies,Sir Vivian Richards Stadium,West Indies,West Indies,bowl,England,303,6,278,10
ODI,Bangladesh,Sri Lanka,Shere Bangla National Stadium,Bangladesh,Bangladesh,bat,Sri Lanka,204,9,208,7
ODI,Pakistan,Sri Lanka,Shere Bangla National Stadium,Bangladesh,Pakistan,bat,Sri Lanka,260,5,261,5
ODI,Hong Kong,Afghanistan,Bayuemas Oval,Malaysia,Afghanistan,bowl,Afghanistan,216,10,218,4
ODI,Afghanistan,U.A.E.,Kinrara Academy Oval,Malaysia,U.A.E.,bowl,Afghanistan,302,5,232,10
ODI,Hong Kong,U.A.E.,Kinrara Academy Oval,Malaysia,U.A.E.,bowl,U.A.E.,157,10,158,8
ODI,Sri Lanka,Ireland,Clontarf Cricket Club Ground,Ireland,Ireland,bowl,Sri Lanka,219,8,140,10
ODI,England,Scotland,Mannofield Park,Scotland,Scotland,bowl,England,167,6,133,9
ODI,England,Sri Lanka,Kennington Oval,England,Sri Lanka,bowl,England,247,6,144,10
ODI,Sri Lanka,England,Riverside Ground,England,England,bowl,Sri Lanka,256,8,99,10
ODI,Sri Lanka,England,Old Trafford,England,England,bowl,England,67,10,73,0
ODI,Sri Lanka,England,Lord's,England,England,bowl,Sri Lanka,300,9,293,8
ODI,England,Sri Lanka,Edgbaston,England,England,bat,Sri Lanka,219,10,222,4
ODI,Bangladesh,India,Shere Bangla National Stadium,Bangladesh,Bangladesh,bat,India,272,9,153,3
ODI,India,Bangladesh,Shere Bangla National Stadium,Bangladesh,Bangladesh,bowl,India,105,10,58,10
ODI,India,Bangladesh,Shere Bangla National Stadium,Bangladesh,India,bat,0,119,9,0,0
ODI,South Africa,Sri Lanka,R Premadasa Stadium,Sri Lanka,South Africa,bat,South Africa,304,5,229,10
ODI,Sri Lanka,South Africa,Pallekele International Cricket Stadium,Sri Lanka,Sri Lanka,bat,Sri Lanka,267,10,180,10
ODI,South Africa,Sri Lanka,Mahinda Rajapaksa International Cricket Stadium,Sri Lanka,South Africa,bat,South Africa,339,5,257,10
ODI,Afghanistan,Zimbabwe,Queens Sports Club,Zimbabwe,Zimbabwe,bowl,Zimbabwe,223,9,227,4
ODI,Afghanistan,Zimbabwe,Queens Sports Club,Zimbabwe,Zimbabwe,bowl,Zimbabwe,256,7,257,2
ODI,Zimbabwe,Afghanistan,Queens Sports Club,Zimbabwe,Afghanistan,bowl,Afghanistan,261,8,264,8
ODI,Afghanistan,Zimbabwe,Queens Sports Club,Zimbabwe,Zimbabwe,bowl,Afghanistan,259,10,159,10
ODI,South Africa,Zimbabwe,Queens Sports Club,Zimbabwe,Zimbabwe,bowl,South Africa,309,3,216,10
ODI,South Africa,Zimbabwe,Queens Sports Club,Zimbabwe,Zimbabwe,bowl,South Africa,257,10,196,10
ODI,Bangladesh,West Indies,National Cricket Stadium,West Indies,West Indies,bowl,West Indies,217,9,219,7
ODI,Zimbabwe,South Africa,Queens Sports Club,Zimbabwe,South Africa,bowl,South Africa,165,10,171,3
ODI,West Indies,Bangladesh,National Cricket Stadium,West Indies,Bangladesh,bowl,West Indies,247,7,70,10
ODI,Sri Lanka,Pakistan,Mahinda Rajapaksa International Cricket Stadium,Sri Lanka,Pakistan,bowl,Pakistan,275,7,277,6
ODI,Australia,Zimbabwe,Harare Sports Club,Zimbabwe,Zimbabwe,bowl,Australia,350,6,152,10
ODI,West Indies,Bangladesh,Warner Park,West Indies,West Indies,bat,West Indies,338,7,247,8
ODI,Sri Lanka,Pakistan,Mahinda Rajapaksa International Cricket Stadium,Sri Lanka,Sri Lanka,bat,Sri Lanka,310,9,233,10
ODI,Ireland,Scotland,The Village,Ireland,Scotland,bowl,Scotland,241,9,243,2
ODI,Australia,South Africa,Harare Sports Club,Zimbabwe,South Africa,bowl,South Africa,327,7,328,3
ODI,India,England,Sophia Gardens,England,England,bowl,India,304,6,161,10
ODI,South Africa,Zimbabwe,Harare Sports Club,Zimbabwe,Zimbabwe,bowl,South Africa,231,10,170,10
ODI,Pakistan,Sri Lanka,Rangiri Dambulla International Stadium,Sri Lanka,Pakistan,bat,Sri Lanka,102,10,104,3
ODI,England,India,Trent Bridge,England,India,bowl,India,227,10,228,4
ODI,Australia,Zimbabwe,Harare Sports Club,Zimbabwe,Australia,bat,Zimbabwe,209,9,211,7
ODI,England,India,Edgbaston,England,India,bowl,India,206,10,212,1
ODI,South Africa,Zimbabwe,Harare Sports Club,Zimbabwe,Zimbabwe,bowl,South Africa,271,6,208,10
ODI,England,India,Headingley,England,India,bowl,England,294,7,253,10
ODI,Australia,South Africa,Harare Sports Club,Zimbabwe,South Africa,bowl,South Africa,217,9,221,4
ODI,Scotland,Ireland,The Village,Ireland,Ireland,bowl,Ireland,172,10,173,3
ODI,Scotland,Ireland,The Village,Ireland,Ireland,bowl,Ireland,221,10,225,7
ODI,Australia,Pakistan,Sharjah Cricket Stadium,United Arab Emirates,Australia,bat,Australia,255,8,162,10
ODI,West Indies,India,Nehru Stadium,India,India,bowl,West Indies,321,6,197,10
ODI,Pakistan,Australia,Dubai International Cricket Stadium,United Arab Emirates,Pakistan,bat,Australia,215,10,217,5
ODI,India,West Indies,Feroz Shah Kotla,India,India,bat,India,263,7,215,10
ODI,Australia,Pakistan,Sheikh Zayed Stadium,United Arab Emirates,Australia,bat,Australia,231,9,230,10
ODI,India,West Indies,Himachal Pradesh Cricket Association Stadium,India,West Indies,bowl,India,330,6,271,10
ODI,New Zealand,South Africa,Bay Oval,New Zealand,South Africa,bowl,South Africa,230,10,236,4
ODI,South Africa,New Zealand,Bay Oval,New Zealand,New Zealand,bowl,South Africa,282,9,210,10
ODI,South Africa,New Zealand,Seddon Park,New Zealand,New Zealand,bowl,0,157,3,0,0
ODI,India,Sri Lanka,Barabati Stadium,India,Sri Lanka,bowl,India,363,5,194,10
ODI,Sri Lanka,India,Sardar Patel Stadium,India,Sri Lanka,bat,India,274,8,275,4
ODI,Hong Kong,P.N.G.,Tony Ireland Stadium,Australia,Hong Kong,bat,P.N.G.,202,10,203,6
ODI,Hong Kong,P.N.G.,Tony Ireland Stadium,Australia,Hong Kong,bat,P.N.G.,261,10,264,7
ODI,Sri Lanka,India,Rajiv Gandhi International Stadium,India,Sri Lanka,bat,India,242,10,245,4
ODI,India,Sri Lanka,Eden Gardens,India,India,bat,India,404,5,251,10
ODI,Australia,South Africa,Western Australia Cricket Association Ground,Australia,South Africa,bowl,Australia,300,8,268,10
ODI,Australia,South Africa,Western Australia Cricket Association Ground,Australia,Australia,bat,South Africa,154,10,157,7
ODI,Sri Lanka,India,JSCA International Stadium Complex,India,Sri Lanka,bat,India,286,8,288,7
ODI,Australia,South Africa,Manuka Oval,Australia,Australia,bat,Australia,329,5,256,9
ODI,South Africa,Australia,Melbourne Cricket Ground,Australia,South Africa,bat,Australia,267,8,268,7
ODI,Bangladesh,Zimbabwe,Zahur Ahmed Chowdhury Stadium,Bangladesh,Zimbabwe,bowl,Bangladesh,281,7,194,10
ODI,South Africa,Australia,Sydney Cricket Ground,Australia,South Africa,bat,Australia,280,6,275,8
ODI,Bangladesh,Zimbabwe,Zahur Ahmed Chowdhury Stadium,Bangladesh,Bangladesh,bat,Bangladesh,251,7,183,10
ODI,Pakistan,Zimbabwe,Brisbane Cricket Ground,Australia,Pakistan,bat,Pakistan,235,7,215,10
ODI,Bangladesh,Zimbabwe,Shere Bangla National Stadium,Bangladesh,Zimbabwe,bowl,Bangladesh,297,6,173,10
ODI,Sri Lanka,England,R Premadasa Stadium,Sri Lanka,England,bowl,Sri Lanka,317,6,292,10
ODI,Bangladesh,Zimbabwe,Shere Bangla National Stadium,Bangladesh,Bangladesh,bat,Bangladesh,256,8,235,8
ODI,Afghanistan,U.A.E.,ICC Academy,United Arab Emirates,Afghanistan,bat,U.A.E.,248,6,249,5
ODI,England,Sri Lanka,R Premadasa Stadium,Sri Lanka,England,bat,Sri Lanka,185,10,186,2
ODI,Afghanistan,U.A.E.,ICC Academy,United Arab Emirates,U.A.E.,bowl,U.A.E.,280,8,282,4
ODI,Zimbabwe,Bangladesh,Shere Bangla National Stadium,Bangladesh,Zimbabwe,bat,Bangladesh,128,10,130,5
ODI,U.A.E.,Afghanistan,ICC Academy,United Arab Emirates,Afghanistan,bowl,Afghanistan,273,5,276,8
ODI,Sri Lanka,England,Mahinda Rajapaksa International Cricket Stadium,Sri Lanka,Sri Lanka,bat,England,242,8,236,5
ODI,U.A.E.,Afghanistan,ICC Academy,United Arab Emirates,Afghanistan,bowl,U.A.E.,258,9,228,10
ODI,England,Sri Lanka,R Premadasa Stadium,Sri Lanka,England,bat,Sri Lanka,265,10,267,4
ODI,New Zealand,Pakistan,Dubai International Cricket Stadium,United Arab Emirates,Pakistan,bowl,Pakistan,246,7,250,7
ODI,Sri Lanka,England,Pallekele International Cricket Stadium,Sri Lanka,England,bowl,England,239,10,240,5
ODI,Pakistan,New Zealand,Sharjah Cricket Stadium,United Arab Emirates,Pakistan,bat,New Zealand,252,10,255,6
ODI,Sri Lanka,England,Pallekele International Cricket Stadium,Sri Lanka,Sri Lanka,bat,Sri Lanka,292,7,202,10
ODI,Pakistan,New Zealand,Sharjah Cricket Stadium,United Arab Emirates,Pakistan,bat,Pakistan,364,7,217,10
ODI,Sri Lanka,England,R Premadasa Stadium,Sri Lanka,Sri Lanka,bat,Sri Lanka,302,6,215,10
ODI,New Zealand,Pakistan,Sheikh Zayed Stadium,United Arab Emirates,New Zealand,bat,New Zealand,299,5,292,8
ODI,New Zealand,Pakistan,Sheikh Zayed Stadium,United Arab Emirates,New Zealand,bat,New Zealand,275,4,207,10
ODI,Scotland,Afghanistan,ICC Academy,United Arab Emirates,Afghanistan,bowl,Afghanistan,237,8,240,2
ODI,Afghanistan,Ireland,Dubai International Cricket Stadium,United Arab Emirates,Ireland,bowl,Ireland,180,10,181,7
ODI,Sri Lanka,New Zealand,Hagley Oval,New Zealand,Sri Lanka,bat,New Zealand,218,9,219,7
ODI,England,Pakistan,Headingley,England,England,bat,England,351,9,297,10
ODI,Scotland,Ireland,Dubai International Cricket Stadium,United Arab Emirates,Ireland,bowl,Ireland,216,9,220,7
ODI,Scotland,Afghanistan,Sheikh Zayed Stadium,United Arab Emirates,Scotland,bat,Scotland,213,7,63,10
ODI,New Zealand,Sri Lanka,Seddon Park,New Zealand,New Zealand,bat,Sri Lanka,248,10,252,4
ODI,England,Australia,Sydney Cricket Ground,Australia,England,bat,Australia,234,10,235,7
ODI,South Africa,West Indies,Kingsmead,South Africa,South Africa,bat,South Africa,279,8,164,10
ODI,New Zealand,Sri Lanka,Eden Park,New Zealand,Sri Lanka,bowl,0,145,3,0,0
ODI,Afghanistan,Ireland,Dubai International Cricket Stadium,United Arab Emirates,Ireland,bowl,Afghanistan,246,8,175,10
ODI,India,Australia,Melbourne Cricket Ground,Australia,India,bat,Australia,267,8,269,6
ODI,South Africa,West Indies,New Wanderers Stadium,South Africa,West Indies,bowl,South Africa,439,2,291,7
ODI,Ireland,Scotland,ICC Academy,United Arab Emirates,Ireland,0,0,0,0,0,0
ODI,Sri Lanka,New Zealand,Saxton Oval,New Zealand,Sri Lanka,bat,New Zealand,276,10,280,6
ODI,India,England,Brisbane Cricket Ground,Australia,India,bat,England,153,10,156,1
ODI,West Indies,South Africa,Buffalo Park,South Africa,West Indies,bat,South Africa,122,10,124,1
ODI,New Zealand,Sri Lanka,University Oval,New Zealand,Sri Lanka,bowl,New Zealand,360,5,252,10
ODI,England,Australia,Bellerive Oval,Australia,Australia,bowl,Australia,303,8,304,7
ODI,New Zealand,Sri Lanka,University Oval,New Zealand,New Zealand,bat,New Zealand,315,8,195,10
ODI,South Africa,West Indies,St George's Park,South Africa,West Indies,bowl,West Indies,262,8,266,9
ODI,India,Australia,Sydney Cricket Ground,Australia,Australia,bowl,0,69,2,0,0
ODI,South Africa,West Indies,SuperSport Park,South Africa,West Indies,bowl,South Africa,361,5,230,10
ODI,Sri Lanka,New Zealand,Westpac Stadium,New Zealand,Sri Lanka,bat,Sri Lanka,287,6,253,10
ODI,India,England,Western Australia Cricket Association Ground,Australia,England,bowl,England,200,10,201,7
ODI,Pakistan,New Zealand,Westpac Stadium,New Zealand,New Zealand,bowl,New Zealand,210,10,213,3
ODI,Australia,England,Western Australia Cricket Association Ground,Australia,England,bowl,Australia,278,8,166,10
ODI,New Zealand,Pakistan,McLean Park,New Zealand,New Zealand,bat,New Zealand,369,5,250,10
ODI,New Zealand,Sri Lanka,Hagley Oval,New Zealand,Sri Lanka,bowl,New Zealand,331,6,233,10
ODI,Australia,England,Melbourne Cricket Ground,Australia,England,bowl,Australia,342,9,231,10
ODI,South Africa,Zimbabwe,Seddon Park,New Zealand,Zimbabwe,bowl,South Africa,339,4,277,10
ODI,India,Pakistan,Adelaide Oval,Australia,India,bat,India,300,7,224,10
ODI,West Indies,Ireland,Saxton Oval,New Zealand,Ireland,bowl,Ireland,304,7,307,6
ODI,Scotland,New Zealand,University Oval,New Zealand,New Zealand,bowl,New Zealand,142,10,146,7
ODI,Bangladesh,Afghanistan,Manuka Oval,Australia,Bangladesh,bat,Bangladesh,267,10,162,10
ODI,U.A.E.,Zimbabwe,Saxton Oval,New Zealand,Zimbabwe,bowl,Zimbabwe,285,7,286,6
ODI,England,New Zealand,Westpac Stadium,New Zealand,England,bat,New Zealand,123,10,125,2
ODI,West Indies,Pakistan,Hagley Oval,New Zealand,Pakistan,bowl,West Indies,310,6,160,10
ODI,Afghanistan,Sri Lanka,University Oval,New Zealand,Sri Lanka,bowl,Sri Lanka,232,10,236,6
ODI,India,South Africa,Melbourne Cricket Ground,Australia,India,bat,India,307,7,177,10
ODI,England,Scotland,Hagley Oval,New Zealand,Scotland,bowl,England,303,8,184,10
ODI,West Indies,Zimbabwe,Manuka Oval,Australia,West Indies,bat,West Indies,372,2,289,10
ODI,U.A.E.,Ireland,Brisbane Cricket Ground,Australia,Ireland,bowl,Ireland,278,9,279,8
ODI,Scotland,Afghanistan,University Oval,New Zealand,Afghanistan,bowl,Afghanistan,210,10,211,9
ODI,Sri Lanka,Bangladesh,Melbourne Cricket Ground,Australia,Sri Lanka,bat,Sri Lanka,332,1,240,10
ODI,South Africa,West Indies,Sydney Cricket Ground,Australia,South Africa,bat,South Africa,408,5,151,10
ODI,Australia,New Zealand,Eden Park,New Zealand,Australia,bat,New Zealand,151,10,152,9
ODI,U.A.E.,India,Western Australia Cricket Association Ground,Australia,U.A.E.,bat,India,102,10,104,1
ODI,England,Sri Lanka,Westpac Stadium,New Zealand,England,bat,Sri Lanka,309,6,312,1
ODI,Afghanistan,Ireland,Civil Service Cricket Club,Ireland,Ireland,bowl,Afghanistan,250,10,211,10
ODI,South Africa,Ireland,Manuka Oval,Australia,South Africa,bat,South Africa,411,4,210,10
ODI,Pakistan,U.A.E.,McLean Park,New Zealand,U.A.E.,bowl,Pakistan,339,6,210,8
ODI,Australia,Afghanistan,Western Australia Cricket Association Ground,Australia,Afghanistan,bowl,Australia,417,6,142,10
ODI,Scotland,Bangladesh,Saxton Oval,New Zealand,Bangladesh,bowl,Bangladesh,318,8,322,4
ODI,West Indies,India,Western Australia Cricket Association Ground,Australia,West Indies,bat,India,182,10,185,6
ODI,Pakistan,South Africa,Eden Park,New Zealand,South Africa,bowl,Pakistan,222,10,202,10
ODI,Ireland,Zimbabwe,Bellerive Oval,Australia,Zimbabwe,bowl,Ireland,331,8,326,10
ODI,Afghanistan,New Zealand,McLean Park,New Zealand,Afghanistan,bat,New Zealand,186,10,188,4
ODI,Australia,Sri Lanka,Sydney Cricket Ground,Australia,Australia,bat,Australia,376,9,312,9
ODI,Bangladesh,England,Adelaide Oval,Australia,England,bowl,Bangladesh,275,7,260,10
ODI,Ireland,India,Seddon Park,New Zealand,Ireland,bat,India,259,10,260,2
ODI,Sri Lanka,Scotland,Bellerive Oval,Australia,Sri Lanka,bat,Sri Lanka,363,9,215,10
ODI,South Africa,U.A.E.,Westpac Stadium,New Zealand,U.A.E.,bowl,South Africa,341,6,195,9
ODI,Bangladesh,New Zealand,Seddon Park,New Zealand,New Zealand,bowl,New Zealand,288,7,290,7
ODI,Afghanistan,England,Sydney Cricket Ground,Australia,England,bowl,England,111,7,101,1
ODI,Zimbabwe,India,Eden Park,New Zealand,India,bowl,India,287,10,288,4
ODI,Scotland,Australia,Bellerive Oval,Australia,Australia,bowl,Australia,130,10,133,3
ODI,U.A.E.,West Indies,McLean Park,New Zealand,West Indies,bowl,West Indies,175,10,176,4
ODI,Ireland,Pakistan,Adelaide Oval,Australia,Ireland,bat,Pakistan,237,10,241,3
ODI,Sri Lanka,South Africa,Sydney Cricket Ground,Australia,Sri Lanka,bat,South Africa,133,10,134,1
ODI,India,Bangladesh,Melbourne Cricket Ground,Australia,India,bat,India,302,6,193,10
ODI,Pakistan,Australia,Adelaide Oval,Australia,Pakistan,bat,Australia,213,10,216,4
ODI,New Zealand,West Indies,Westpac Stadium,New Zealand,New Zealand,bat,New Zealand,393,6,250,10
ODI,South Africa,New Zealand,Eden Park,New Zealand,South Africa,bat,New Zealand,281,5,299,6
ODI,Australia,India,Sydney Cricket Ground,Australia,Australia,bat,Australia,328,7,233,10
ODI,New Zealand,Australia,Melbourne Cricket Ground,Australia,New Zealand,bat,Australia,183,10,186,3
ODI,Bangladesh,Pakistan,Shere Bangla National Stadium,Bangladesh,Bangladesh,bat,Bangladesh,329,6,250,10
ODI,Pakistan,Bangladesh,Shere Bangla National Stadium,Bangladesh,Pakistan,bat,Bangladesh,239,6,240,3
ODI,Pakistan,Bangladesh,Shere Bangla National Stadium,Bangladesh,Pakistan,bat,Bangladesh,250,10,251,2
ODI,Ireland,England,The Village,Ireland,England,bowl,0,56,4,0,0
ODI,Pakistan,Zimbabwe,Gaddafi Stadium,Pakistan,Pakistan,bat,Pakistan,375,3,334,5
ODI,Zimbabwe,Pakistan,Gaddafi Stadium,Pakistan,Pakistan,bowl,Pakistan,268,7,269,4
ODI,Pakistan,Zimbabwe,Gaddafi Stadium,Pakistan,Pakistan,bat,0,296,9,68,0
ODI,England,New Zealand,Edgbaston,England,New Zealand,bowl,England,408,9,198,10
ODI,New Zealand,England,Kennington Oval,England,New Zealand,bat,New Zealand,398,5,365,9
ODI,England,New Zealand,The Rose Bowl,England,England,bat,New Zealand,302,10,306,7
ODI,New Zealand,England,Trent Bridge,England,New Zealand,bat,England,349,7,350,3
ODI,Bangladesh,India,Shere Bangla National Stadium,Bangladesh,Bangladesh,bat,Bangladesh,307,10,228,10
ODI,New Zealand,England,Riverside Ground,England,England,bowl,England,283,9,192,7
ODI,India,Bangladesh,Shere Bangla National Stadium,Bangladesh,India,bat,Bangladesh,200,10,200,4
ODI,India,Bangladesh,Shere Bangla National Stadium,Bangladesh,Bangladesh,bowl,India,317,6,240,10
ODI,India,Zimbabwe,Harare Sports Club,Zimbabwe,Zimbabwe,bowl,India,255,6,251,7
ODI,Bangladesh,South Africa,Shere Bangla National Stadium,Bangladesh,Bangladesh,bat,South Africa,160,10,164,2
ODI,Sri Lanka,Pakistan,Rangiri Dambulla International Stadium,Sri Lanka,Pakistan,bowl,Pakistan,255,8,259,4
ODI,India,Zimbabwe,Harare Sports Club,Zimbabwe,Zimbabwe,bowl,India,271,8,209,10
ODI,South Africa,Bangladesh,Shere Bangla National Stadium,Bangladesh,South Africa,bat,Bangladesh,162,10,167,3
ODI,India,Zimbabwe,Harare Sports Club,Zimbabwe,Zimbabwe,bowl,India,276,5,193,10
ODI,South Africa,Bangladesh,Zahur Ahmed Chowdhury Stadium,Bangladesh,South Africa,bat,Bangladesh,168,9,170,1
ODI,Pakistan,Sri Lanka,Pallekele International Cricket Stadium,Sri Lanka,Pakistan,bat,Sri Lanka,287,8,288,8
ODI,Pakistan,Sri Lanka,R Premadasa Stadium,Sri Lanka,Pakistan,bat,Pakistan,316,4,181,10
ODI,Sri Lanka,Pakistan,R Premadasa Stadium,Sri Lanka,Sri Lanka,bat,Pakistan,256,9,257,3
ODI,Sri Lanka,Pakistan,Mahinda Rajapaksa International Cricket Stadium,Sri Lanka,Sri Lanka,bat,Sri Lanka,368,4,203,10
ODI,New Zealand,Zimbabwe,Harare Sports Club,Zimbabwe,Zimbabwe,bowl,Zimbabwe,303,4,304,3
ODI,Zimbabwe,New Zealand,Harare Sports Club,Zimbabwe,Zimbabwe,bat,New Zealand,235,9,236,0
ODI,New Zealand,Zimbabwe,Harare Sports Club,Zimbabwe,Zimbabwe,bowl,New Zealand,273,6,235,10
ODI,South Africa,New Zealand,SuperSport Park,South Africa,New Zealand,bowl,South Africa,304,7,284,10
ODI,South Africa,New Zealand,Senwes Park,South Africa,South Africa,bat,New Zealand,204,10,207,2
ODI,South Africa,New Zealand,Kingsmead,South Africa,South Africa,bat,South Africa,283,7,221,10
ODI,New Zealand,India,Feroz Shah Kotla,India,India,bowl,New Zealand,242,9,236,10
ODI,Australia,Ireland,Civil Service Cricket Club,Ireland,Australia,bat,Australia,222,6,157,10
ODI,Australia,England,The Rose Bowl,England,Australia,bat,Australia,305,6,246,10
ODI,Australia,England,Lord's,England,England,bowl,Australia,309,7,245,10
ODI,England,Australia,Old Trafford,England,England,bat,England,300,8,207,10
ODI,Australia,England,Headingley,England,Australia,bat,England,299,7,304,7
ODI,England,Australia,Old Trafford,England,England,bat,Australia,138,9,140,2
ODI,Pakistan,Zimbabwe,Harare Sports Club,Zimbabwe,Zimbabwe,bowl,Pakistan,259,6,128,10
ODI,Zimbabwe,Pakistan,Harare Sports Club,Zimbabwe,Pakistan,bowl,Zimbabwe,276,6,256,8
ODI,Zimbabwe,Pakistan,Harare Sports Club,Zimbabwe,Pakistan,bowl,Pakistan,161,10,162,3
ODI,Ireland,Zimbabwe,Harare Sports Club,Zimbabwe,Zimbabwe,bowl,Zimbabwe,219,8,222,8
ODI,South Africa,India,Green Park,India,South Africa,bat,South Africa,303,5,298,7
ODI,Ireland,Zimbabwe,Harare Sports Club,Zimbabwe,Zimbabwe,bowl,Zimbabwe,268,7,270,5
ODI,Zimbabwe,Ireland,Harare Sports Club,Zimbabwe,Ireland,bowl,Ireland,187,10,189,8
ODI,India,South Africa,Holkar Cricket Stadium,India,India,bat,India,247,9,225,10
ODI,Afghanistan,Zimbabwe,Queens Sports Club,Zimbabwe,Afghanistan,bat,Zimbabwe,122,10,126,2
ODI,Afghanistan,Zimbabwe,Queens Sports Club,Zimbabwe,Afghanistan,bat,Afghanistan,271,6,213,10
ODI,South Africa,India,Saurashtra Cricket Association Stadium,India,South Africa,bat,South Africa,270,7,252,6
ODI,Afghanistan,Zimbabwe,Queens Sports Club,Zimbabwe,Afghanistan,bat,Zimbabwe,223,8,229,4
ODI,Zimbabwe,Afghanistan,Queens Sports Club,Zimbabwe,Zimbabwe,bat,Afghanistan,184,8,185,7
ODI,India,South Africa,MA Chidambaram Stadium,India,India,bat,India,299,8,264,9
ODI,Afghanistan,Zimbabwe,Queens Sports Club,Zimbabwe,Zimbabwe,bowl,Afghanistan,245,9,172,10
ODI,South Africa,India,Wankhede Stadium,India,South Africa,bat,South Africa,438,4,224,10
ODI,West Indies,Sri Lanka,R Premadasa Stadium,Sri Lanka,Sri Lanka,bowl,Sri Lanka,159,8,164,9
ODI,West Indies,Sri Lanka,R Premadasa Stadium,Sri Lanka,West Indies,bat,Sri Lanka,214,10,225,2
ODI,Bangladesh,Zimbabwe,Shere Bangla National Stadium,Bangladesh,Zimbabwe,bowl,Bangladesh,273,9,128,9
ODI,West Indies,Sri Lanka,Pallekele International Cricket Stadium,Sri Lanka,Sri Lanka,bowl,Sri Lanka,206,9,180,5
ODI,Bangladesh,Zimbabwe,Shere Bangla National Stadium,Bangladesh,Zimbabwe,bowl,Bangladesh,241,9,183,10
ODI,Bangladesh,Zimbabwe,Shere Bangla National Stadium,Bangladesh,Bangladesh,bat,Bangladesh,276,9,215,10
ODI,England,Pakistan,Sheikh Zayed Stadium,United Arab Emirates,England,bat,Pakistan,216,10,217,4
ODI,England,Pakistan,Sheikh Zayed Stadium,United Arab Emirates,England,bat,England,283,5,188,10
ODI,Hong Kong,U.A.E.,ICC Academy,United Arab Emirates,Hong Kong,bat,Hong Kong,298,4,209,10
ODI,Pakistan,England,Sharjah Cricket Stadium,United Arab Emirates,Pakistan,bat,England,208,10,210,4
ODI,Hong Kong,U.A.E.,ICC Academy,United Arab Emirates,Hong Kong,bat,Hong Kong,282,8,146,10
ODI,England,Pakistan,Dubai International Cricket Stadium,United Arab Emirates,England,bat,England,355,5,271,10
ODI,Afghanistan,Zimbabwe,Sharjah Cricket Stadium,United Arab Emirates,Afghanistan,bat,Afghanistan,131,10,82,10
ODI,Sri Lanka,New Zealand,Hagley Oval,New Zealand,Sri Lanka,bat,New Zealand,188,10,191,3
ODI,Sri Lanka,New Zealand,Hagley Oval,New Zealand,Sri Lanka,bat,New Zealand,117,10,118,0
ODI,Zimbabwe,Afghanistan,Sharjah Cricket Stadium,United Arab Emirates,Zimbabwe,bat,Afghanistan,253,7,254,6
ODI,New Zealand,Sri Lanka,Saxton Oval,New Zealand,New Zealand,bat,Sri Lanka,276,8,277,2
ODI,New Zealand,Sri Lanka,Saxton Oval,New Zealand,Sri Lanka,bowl,0,75,3,0,0
ODI,Zimbabwe,Afghanistan,Sharjah Cricket Stadium,United Arab Emirates,Zimbabwe,bat,Zimbabwe,175,10,58,10
ODI,Zimbabwe,Afghanistan,Sharjah Cricket Stadium,United Arab Emirates,Zimbabwe,bat,Zimbabwe,226,10,161,10
ODI,New Zealand,Sri Lanka,Bay Oval,New Zealand,Sri Lanka,bowl,New Zealand,294,5,258,10
ODI,Zimbabwe,Afghanistan,Sharjah Cricket Stadium,United Arab Emirates,Zimbabwe,bat,Afghanistan,248,10,254,8
ODI,India,Australia,Western Australia Cricket Association Ground,Australia,India,bat,Australia,309,3,310,5
ODI,India,Australia,Brisbane Cricket Ground,Australia,India,bat,Australia,308,8,309,3
ODI,Afghanistan,Scotland,Grange Cricket Club Ground,Scotland,Afghanistan,bat,Afghanistan,178,6,132,10
ODI,India,Australia,Melbourne Cricket Ground,Australia,Australia,bowl,Australia,295,6,296,7
ODI,Australia,India,Manuka Oval,Australia,Australia,bat,Australia,348,8,323,10
ODI,Australia,India,Sydney Cricket Ground,Australia,India,bowl,India,330,7,331,4
ODI,New Zealand,Pakistan,Basin Reserve,New Zealand,Pakistan,bowl,New Zealand,280,8,210,10
ODI,Hong Kong,Scotland,Mission Road Ground,Hong Kong,Scotland,bowl,Hong Kong,259,10,150,10
ODI,Pakistan,New Zealand,Eden Park,New Zealand,Pakistan,bat,New Zealand,290,10,265,7
ODI,New Zealand,Australia,Eden Park,New Zealand,Australia,bowl,New Zealand,307,8,148,10
ODI,England,South Africa,Mangaung Oval,South Africa,England,bat,England,399,9,250,5
ODI,New Zealand,Australia,Westpac Stadium,New Zealand,New Zealand,bat,Australia,281,9,283,6
ODI,South Africa,England,St George's Park,South Africa,South Africa,bat,England,262,7,263,5
ODI,New Zealand,Australia,Seddon Park,New Zealand,Australia,bowl,New Zealand,246,10,191,10
ODI,England,South Africa,SuperSport Park,South Africa,England,bat,South Africa,318,8,319,3
ODI,England,South Africa,New Wanderers Stadium,South Africa,South Africa,bowl,South Africa,262,10,266,9
ODI,England,South Africa,Newlands,South Africa,South Africa,bowl,South Africa,236,10,237,5
ODI,South Africa,West Indies,Providence Stadium,West Indies,South Africa,bat,West Indies,188,10,191,6
ODI,West Indies,Australia,Providence Stadium,West Indies,Australia,bowl,Australia,116,10,117,4
ODI,South Africa,Australia,Providence Stadium,West Indies,South Africa,bat,South Africa,189,9,142,10
ODI,Zimbabwe,India,Harare Sports Club,Zimbabwe,India,bowl,India,168,10,173,1
ODI,Australia,South Africa,Warner Park,West Indies,Australia,bat,Australia,288,6,252,10
ODI,Zimbabwe,India,Harare Sports Club,Zimbabwe,India,bowl,India,126,9,129,2
ODI,Australia,West Indies,Warner Park,West Indies,West Indies,bowl,West Indies,265,7,266,6
ODI,Zimbabwe,India,Harare Sports Club,Zimbabwe,Zimbabwe,bat,India,123,10,126,0
ODI,South Africa,West Indies,Warner Park,West Indies,West Indies,bowl,South Africa,343,4,204,10
ODI,Sri Lanka,Ireland,The Village,Ireland,Ireland,bowl,Sri Lanka,303,7,216,10
ODI,Sri Lanka,Ireland,The Village,Ireland,Ireland,bowl,Sri Lanka,377,8,241,10
ODI,South Africa,Australia,Kensington Oval,West Indies,Australia,bowl,0,8,0,0,0
ODI,Sri Lanka,England,Trent Bridge,England,England,bowl,0,286,9,286,8
ODI,West Indies,Australia,Kensington Oval,West Indies,Australia,bowl,Australia,282,8,283,4
ODI,Sri Lanka,England,Edgbaston,England,Sri Lanka,bat,England,254,7,256,0
ODI,West Indies,South Africa,Kensington Oval,West Indies,South Africa,bowl,West Indies,285,10,185,10
ODI,Sri Lanka,England,County Ground,England,England,bowl,0,248,9,16,1
ODI,Australia,West Indies,Kensington Oval,West Indies,Australia,bat,Australia,270,9,212,10
ODI,Sri Lanka,England,Kennington Oval,England,England,bowl,England,305,5,309,4
ODI,England,Sri Lanka,Sophia Gardens,England,Sri Lanka,bowl,England,324,7,202,10
ODI,Afghanistan,Scotland,Grange Cricket Club Ground,Scotland,Scotland,bowl,0,283,4,0,0
ODI,Afghanistan,Ireland,Civil Service Cricket Club,Ireland,Afghanistan,bat,Ireland,236,10,237,4
ODI,Afghanistan,Ireland,Civil Service Cricket Club,Ireland,Afghanistan,bat,Afghanistan,229,7,150,10
ODI,Ireland,Afghanistan,Civil Service Cricket Club,Ireland,Afghanistan,bowl,Ireland,265,5,253,9
ODI,Scotland,U.A.E.,Grange Cricket Club Ground,Scotland,U.A.E.,bowl,Scotland,327,5,229,10
ODI,U.A.E.,Scotland,Grange Cricket Club Ground,Scotland,U.A.E.,bat,Scotland,228,10,229,3
ODI,Pakistan,Ireland,The Village,Ireland,Ireland,bowl,Pakistan,337,6,82,10
ODI,Sri Lanka,Australia,R Premadasa Stadium,Sri Lanka,Australia,bowl,Australia,227,8,228,7
ODI,Sri Lanka,Australia,R Premadasa Stadium,Sri Lanka,Sri Lanka,bat,Sri Lanka,288,10,206,10
ODI,Pakistan,England,The Rose Bowl,England,Pakistan,bat,England,260,6,194,3
ODI,Pakistan,England,Lord's,England,Pakistan,bat,England,251,10,255,6
ODI,Sri Lanka,Australia,Rangiri Dambulla International Stadium,Sri Lanka,Sri Lanka,bat,Australia,226,10,227,8
ODI,England,Pakistan,Trent Bridge,England,England,bat,England,444,3,275,10
ODI,Sri Lanka,Australia,Rangiri Dambulla International Stadium,Sri Lanka,Sri Lanka,bat,Australia,212,10,217,4
ODI,Pakistan,England,Headingley,England,Pakistan,bat,England,247,8,252,6
ODI,Sri Lanka,Australia,Pallekele International Cricket Stadium,Sri Lanka,Sri Lanka,bat,Australia,195,10,199,5
ODI,England,Pakistan,Sophia Gardens,England,Pakistan,bowl,Pakistan,302,9,304,6
ODI,Scotland,Hong Kong,Grange Cricket Club Ground,Scotland,Hong Kong,bowl,0,153,6,136,4
ODI,Scotland,Hong Kong,Grange Cricket Club Ground,Scotland,Scotland,bat,Scotland,266,7,213,10
ODI,South Africa,Ireland,Willowmoore Park,South Africa,Ireland,bowl,South Africa,354,5,148,10
ODI,Bangladesh,Afghanistan,Shere Bangla National Stadium,Bangladesh,Bangladesh,bat,Bangladesh,265,10,258,10
ODI,Ireland,Australia,Willowmoore Park,South Africa,Ireland,bat,Australia,198,10,199,1
ODI,Bangladesh,Afghanistan,Shere Bangla National Stadium,Bangladesh,Afghanistan,bowl,Afghanistan,208,10,212,8
ODI,Pakistan,West Indies,Sharjah Cricket Stadium,United Arab Emirates,West Indies,bowl,Pakistan,284,9,175,10
ODI,Australia,South Africa,SuperSport Park,South Africa,South Africa,bowl,South Africa,294,9,295,4
ODI,Bangladesh,Afghanistan,Shere Bangla National Stadium,Bangladesh,Bangladesh,bat,Bangladesh,279,8,138,10
ODI,South Africa,Australia,New Wanderers Stadium,South Africa,Australia,bowl,South Africa,361,6,219,10
ODI,Pakistan,West Indies,Sharjah Cricket Stadium,United Arab Emirates,Pakistan,bat,Pakistan,337,5,278,7
ODI,Pakistan,West Indies,Sheikh Zayed Stadium,United Arab Emirates,Pakistan,bat,Pakistan,308,6,172,10
ODI,Australia,South Africa,Kingsmead,South Africa,Australia,bat,South Africa,371,6,372,6
ODI,England,Bangladesh,Shere Bangla National Stadium,Bangladesh,England,bat,England,309,8,288,10
ODI,Australia,South Africa,St George's Park,South Africa,Australia,bat,South Africa,167,10,168,4
ODI,Bangladesh,England,Shere Bangla National Stadium,Bangladesh,England,bowl,Bangladesh,238,8,204,10
ODI,Bangladesh,England,Zahur Ahmed Chowdhury Stadium,Bangladesh,England,bowl,England,277,6,278,6
ODI,South Africa,Australia,Newlands,South Africa,South Africa,bat,South Africa,327,8,296,10
ODI,New Zealand,India,Himachal Pradesh Cricket Association Stadium,India,India,bowl,India,190,10,194,4
ODI,New Zealand,India,Punjab Cricket Association Stadium,India,India,bowl,India,285,10,289,3
ODI,New Zealand,India,JSCA International Stadium Complex,India,New Zealand,bat,New Zealand,260,7,241,10
ODI,India,New Zealand,Dr. Y.S. Rajasekhara Reddy ACA-VDCA Cricket Stadium,India,India,bat,India,269,6,79,10
ODI,Hong Kong,P.N.G.,Mission Road Ground,Hong Kong,Hong Kong,bat,Hong Kong,269,10,163,10
ODI,P.N.G.,Hong Kong,Mission Road Ground,Hong Kong,P.N.G.,bat,P.N.G.,201,10,187,10
ODI,P.N.G.,Hong Kong,Mission Road Ground,Hong Kong,P.N.G.,bat,Hong Kong,244,7,181,3
ODI,Zimbabwe,Sri Lanka,Harare Sports Club,Zimbabwe,Sri Lanka,bowl,Sri Lanka,154,10,155,2
ODI,West Indies,Sri Lanka,Harare Sports Club,Zimbabwe,Sri Lanka,bowl,West Indies,227,10,165,10
ODI,Zimbabwe,West Indies,Queens Sports Club,Zimbabwe,Zimbabwe,bat,0,257,10,257,8
ODI,Zimbabwe,Sri Lanka,Queens Sports Club,Zimbabwe,Zimbabwe,bat,0,55,2,0,0
ODI,Sri Lanka,West Indies,Queens Sports Club,Zimbabwe,West Indies,bowl,Sri Lanka,330,7,329,9
ODI,Sri Lanka,Bangladesh,Rangiri Dambulla International Stadium,Sri Lanka,Sri Lanka,bat,0,311,10,0,0
ODI,Zimbabwe,West Indies,Queens Sports Club,Zimbabwe,Zimbabwe,bat,Zimbabwe,218,8,124,5
ODI,Zimbabwe,Sri Lanka,Queens Sports Club,Zimbabwe,Zimbabwe,bat,Sri Lanka,160,10,166,4
ODI,Australia,New Zealand,Sydney Cricket Ground,Australia,Australia,bat,Australia,324,8,256,10
ODI,Australia,New Zealand,Manuka Oval,Australia,New Zealand,bowl,Australia,378,5,262,10
ODI,Australia,New Zealand,Melbourne Cricket Ground,Australia,Australia,bat,Australia,264,8,147,10
ODI,New Zealand,Bangladesh,Hagley Oval,New Zealand,New Zealand,bat,New Zealand,341,7,264,9
ODI,New Zealand,Bangladesh,Saxton Oval,New Zealand,Bangladesh,bowl,New Zealand,251,10,184,10
ODI,Bangladesh,New Zealand,Saxton Oval,New Zealand,Bangladesh,bat,New Zealand,236,9,239,2
ODI,Australia,Pakistan,Brisbane Cricket Ground,Australia,Australia,bat,Australia,268,9,176,10
ODI,Australia,Pakistan,Melbourne Cricket Ground,Australia,Australia,bat,Pakistan,220,10,221,4
ODI,England,India,Maharashtra Cricket Association Stadium,India,India,bowl,India,350,7,356,7
ODI,South Africa,New Zealand,Seddon Park,New Zealand,South Africa,bat,New Zealand,279,8,280,3
ODI,Pakistan,Australia,Western Australia Cricket Association Ground,Australia,Australia,bowl,Australia,263,7,265,3
ODI,India,England,Barabati Stadium,India,England,bowl,India,381,6,366,8
ODI,Australia,Pakistan,Sydney Cricket Ground,Australia,Australia,bat,Australia,353,6,267,10
ODI,Scotland,Hong Kong,Sheikh Zayed Stadium,United Arab Emirates,Hong Kong,bowl,Hong Kong,205,10,206,3
ODI,England,India,Eden Gardens,India,India,bowl,England,321,8,316,9
ODI,Scotland,U.A.E.,Dubai International Cricket Stadium,United Arab Emirates,Scotland,bat,U.A.E.,173,10,174,6
ODI,Australia,Pakistan,Adelaide Oval,Australia,Australia,bat,Australia,369,7,312,9
ODI,Hong Kong,U.A.E.,Dubai International Cricket Stadium,United Arab Emirates,U.A.E.,bowl,U.A.E.,174,10,175,4
ODI,Sri Lanka,South Africa,St George's Park,South Africa,South Africa,bowl,South Africa,181,10,185,2
ODI,New Zealand,Australia,Eden Park,New Zealand,Australia,bowl,New Zealand,286,9,280,10
ODI,South Africa,Sri Lanka,Kingsmead,South Africa,Sri Lanka,bowl,South Africa,307,6,186,10
ODI,Sri Lanka,South Africa,New Wanderers Stadium,South Africa,South Africa,bowl,South Africa,163,10,164,3
ODI,New Zealand,Australia,Seddon Park,New Zealand,New Zealand,bat,New Zealand,281,9,257,10
ODI,South Africa,Sri Lanka,Newlands,South Africa,South Africa,bat,South Africa,367,5,327,10
ODI,South Africa,Sri Lanka,SuperSport Park,South Africa,Sri Lanka,bowl,South Africa,384,6,296,8
ODI,Afghanistan,Zimbabwe,Harare Sports Club,Zimbabwe,Afghanistan,bat,Afghanistan,215,10,99,4
ODI,New Zealand,South Africa,Seddon Park,New Zealand,South Africa,bowl,South Africa,207,7,210,6
ODI,Afghanistan,Zimbabwe,Harare Sports Club,Zimbabwe,Afghanistan,bat,Afghanistan,238,9,184,10
ODI,Zimbabwe,Afghanistan,Harare Sports Club,Zimbabwe,Zimbabwe,bat,Zimbabwe,129,10,126,10
ODI,New Zealand,South Africa,Hagley Oval,New Zealand,South Africa,bowl,New Zealand,289,4,283,9
ODI,Afghanistan,Zimbabwe,Harare Sports Club,Zimbabwe,Afghanistan,bat,Zimbabwe,111,10,107,3
ODI,South Africa,New Zealand,Westpac Stadium,New Zealand,South Africa,bat,South Africa,271,8,112,10
ODI,Afghanistan,Zimbabwe,Harare Sports Club,Zimbabwe,Afghanistan,bat,Afghanistan,253,9,54,10
ODI,Ireland,U.A.E.,ICC Global Cricket Academy,United Arab Emirates,U.A.E.,bowl,Ireland,270,10,185,10
ODI,England,West Indies,Sir Vivian Richards Stadium,West Indies,West Indies,bowl,England,296,6,251,10
ODI,New Zealand,South Africa,Eden Park,New Zealand,South Africa,bowl,South Africa,149,10,150,4
ODI,U.A.E.,Ireland,ICC Global Cricket Academy,United Arab Emirates,U.A.E.,bat,Ireland,202,10,203,2
ODI,West Indies,England,Sir Vivian Richards Stadium,West Indies,West Indies,bat,England,225,10,226,6
ODI,England,West Indies,Kensington Oval,West Indies,West Indies,bowl,England,328,10,142,10
ODI,Afghanistan,Ireland,Greater Noida Sports Complex Ground,India,Afghanistan,bat,Afghanistan,292,7,262,10
ODI,Afghanistan,Ireland,Greater Noida Sports Complex Ground,India,Afghanistan,bat,Afghanistan,338,10,304,10
ODI,Afghanistan,Ireland,Greater Noida Sports Complex Ground,India,Afghanistan,bat,Ireland,264,8,265,4
ODI,Afghanistan,Ireland,Greater Noida Sports Complex Ground,India,Afghanistan,bat,Ireland,220,10,224,7
ODI,Ireland,Afghanistan,Greater Noida Sports Complex Ground,India,Ireland,bat,Afghanistan,229,10,231,3
ODI,Bangladesh,Sri Lanka,Rangiri Dambulla International Stadium,Sri Lanka,Sri Lanka,bowl,Bangladesh,324,5,234,10
ODI,U.A.E.,P.N.G.,Sheikh Zayed Stadium,United Arab Emirates,P.N.G.,bowl,U.A.E.,292,5,210,10
ODI,Sri Lanka,Bangladesh,Sinhalese Sports Club Ground,Sri Lanka,Bangladesh,bowl,Sri Lanka,280,9,210,10
ODI,P.N.G.,U.A.E.,Sheikh Zayed Stadium,United Arab Emirates,P.N.G.,bat,P.N.G.,232,8,206,10
ODI,U.A.E.,P.N.G.,Sheikh Zayed Stadium,United Arab Emirates,U.A.E.,bat,U.A.E.,251,9,148,10
ODI,Pakistan,West Indies,Providence Stadium,West Indies,West Indies,bowl,West Indies,308,5,309,6
ODI,Pakistan,West Indies,Providence Stadium,West Indies,West Indies,bowl,Pakistan,282,5,208,10
ODI,West Indies,Pakistan,Providence Stadium,West Indies,West Indies,bat,Pakistan,233,9,236,4
ODI,Ireland,England,County Ground,England,Ireland,bat,England,126,10,127,3
ODI,England,Ireland,Lord's,England,Ireland,bowl,England,328,6,243,10
ODI,Bangladesh,Ireland,Malahide,Ireland,Ireland,bowl,0,157,4,0,0
ODI,New Zealand,Ireland,Malahide,Ireland,Ireland,bowl,New Zealand,289,7,238,10
ODI,Bangladesh,New Zealand,Clontarf Cricket Club Ground,Ireland,New Zealand,bowl,New Zealand,257,9,258,6
ODI,Ireland,Bangladesh,Malahide,Ireland,Bangladesh,bowl,Bangladesh,181,10,182,2
ODI,New Zealand,Ireland,Malahide,Ireland,Ireland,bowl,New Zealand,344,6,154,10
ODI,New Zealand,Bangladesh,Clontarf Cricket Club Ground,Ireland,Bangladesh,bowl,Bangladesh,270,8,271,5
ODI,England,South Africa,Headingley,England,South Africa,bowl,England,339,6,267,10
ODI,England,South Africa,The Rose Bowl,England,South Africa,bowl,England,330,6,328,5
ODI,England,South Africa,Lord's,England,South Africa,bowl,South Africa,153,10,156,3
ODI,Bangladesh,England,Kennington Oval,England,England,bowl,England,305,6,308,2
ODI,New Zealand,Australia,Edgbaston,England,New Zealand,bat,0,291,10,53,3
ODI,South Africa,Sri Lanka,Kennington Oval,England,Sri Lanka,bowl,South Africa,299,6,203,10
ODI,India,Pakistan,Edgbaston,England,Pakistan,bowl,India,319,3,164,9
ODI,Bangladesh,Australia,Kennington Oval,England,Bangladesh,bat,0,182,10,83,1
ODI,England,New Zealand,Sophia Gardens,England,New Zealand,bowl,England,310,10,223,10
ODI,South Africa,Pakistan,Edgbaston,England,South Africa,bat,Pakistan,219,8,119,3
ODI,India,Sri Lanka,Kennington Oval,England,Sri Lanka,bowl,Sri Lanka,321,6,322,3
ODI,New Zealand,Bangladesh,Sophia Gardens,England,New Zealand,bat,Bangladesh,265,8,268,5
ODI,Afghanistan,West Indies,Darren Sammy National Cricket Stadium,West Indies,Afghanistan,bat,Afghanistan,212,6,149,10
ODI,Australia,England,Edgbaston,England,England,bowl,England,277,9,240,4
ODI,South Africa,India,Kennington Oval,England,India,bowl,India,191,10,193,2
ODI,Afghanistan,West Indies,Darren Sammy National Cricket Stadium,West Indies,Afghanistan,bat,West Indies,135,10,138,6
ODI,Sri Lanka,Pakistan,Sophia Gardens,England,Pakistan,bowl,Pakistan,236,10,237,7
ODI,England,Pakistan,Sophia Gardens,England,Pakistan,bowl,Pakistan,211,10,215,2
ODI,West Indies,Afghanistan,Darren Sammy National Cricket Stadium,West Indies,Afghanistan,0,0,0,0,0,0
ODI,Bangladesh,India,Edgbaston,England,India,bowl,India,264,7,265,1
ODI,Scotland,Zimbabwe,Grange Cricket Club Ground,Scotland,Scotland,bat,Scotland,317,6,272,10
ODI,Scotland,Zimbabwe,Grange Cricket Club Ground,Scotland,Scotland,bat,Zimbabwe,169,10,171,4
ODI,Pakistan,India,Kennington Oval,England,India,bowl,Pakistan,338,4,158,10
ODI,India,West Indies,Queen's Park Oval,West Indies,West Indies,bowl,0,199,3,0,0
ODI,India,West Indies,Queen's Park Oval,West Indies,West Indies,bowl,India,310,5,205,6
ODI,Sri Lanka,Zimbabwe,Galle International Stadium,Sri Lanka,Sri Lanka,bat,Zimbabwe,316,5,322,4
ODI,India,West Indies,Sir Vivian Richards Stadium,West Indies,West Indies,bowl,India,251,4,158,10
ODI,Zimbabwe,Sri Lanka,Galle International Stadium,Sri Lanka,Sri Lanka,bowl,Sri Lanka,155,10,158,3
ODI,West Indies,India,Sir Vivian Richards Stadium,West Indies,West Indies,bat,West Indies,189,9,178,10
ODI,Zimbabwe,Sri Lanka,Mahinda Rajapaksa International Cricket Stadium,Sri Lanka,Sri Lanka,bowl,Sri Lanka,310,8,312,2
ODI,West Indies,India,Sabina Park,West Indies,West Indies,bat,India,205,9,206,2
ODI,Sri Lanka,Zimbabwe,Mahinda Rajapaksa International Cricket Stadium,Sri Lanka,Sri Lanka,bat,Zimbabwe,300,6,219,6
ODI,Sri Lanka,Zimbabwe,Mahinda Rajapaksa International Cricket Stadium,Sri Lanka,Zimbabwe,bowl,Zimbabwe,203,8,204,7
ODI,Sri Lanka,India,Rangiri Dambulla International Stadium,Sri Lanka,India,bowl,India,216,10,220,1
ODI,Sri Lanka,India,Pallekele International Cricket Stadium,Sri Lanka,India,bowl,India,236,8,231,7
ODI,Sri Lanka,India,Pallekele International Cricket Stadium,Sri Lanka,Sri Lanka,bat,India,217,9,218,4
ODI,India,Sri Lanka,R Premadasa Stadium,Sri Lanka,India,bat,India,375,5,207,10
ODI,Sri Lanka,India,R Premadasa Stadium,Sri Lanka,Sri Lanka,bat,India,238,10,239,4
ODI,India,Australia,MA Chidambaram Stadium,India,India,bat,India,281,7,137,9
ODI,West Indies,England,Old Trafford,England,West Indies,bat,England,204,9,210,3
ODI,India,Australia,Eden Gardens,India,India,bat,India,252,10,202,10
ODI,England,West Indies,Trent Bridge,England,West Indies,bowl,0,21,0,0,0
ODI,Australia,India,Holkar Cricket Stadium,India,Australia,bat,India,293,6,294,5
ODI,England,West Indies,County Ground,England,West Indies,bowl,England,369,9,245,10
ODI,West Indies,England,Kennington Oval,England,England,bowl,England,356,5,258,5
ODI,Australia,India,M Chinnaswamy Stadium,India,Australia,bat,Australia,334,5,313,8
ODI,West Indies,England,The Rose Bowl,England,England,bowl,England,288,6,294,1
ODI,Australia,India,Vidarbha Cricket Association Stadium,India,Australia,bat,India,242,9,243,3
ODI,Scotland,P.N.G.,Amini Park,Papua New Guinea,Scotland,bat,Scotland,278,9,177,10
ODI,Scotland,P.N.G.,Amini Park,Papua New Guinea,Scotland,bat,P.N.G.,203,10,204,5
ODI,Pakistan,Sri Lanka,Dubai International Cricket Stadium,United Arab Emirates,Sri Lanka,bowl,Pakistan,292,6,209,8
ODI,Bangladesh,South Africa,De Beers Diamond Oval,South Africa,Bangladesh,bat,South Africa,278,7,282,0
ODI,Pakistan,Sri Lanka,Sheikh Zayed Stadium,United Arab Emirates,Pakistan,bat,Pakistan,219,9,187,10
ODI,South Africa,Bangladesh,Boland Park,South Africa,Bangladesh,bowl,South Africa,353,6,249,10
ODI,Sri Lanka,Pakistan,Sheikh Zayed Stadium,United Arab Emirates,Sri Lanka,bat,Pakistan,208,10,209,3
ODI,Sri Lanka,Pakistan,Sharjah Cricket Stadium,United Arab Emirates,Sri Lanka,bat,Pakistan,173,10,177,3
ODI,India,New Zealand,Wankhede Stadium,India,India,bat,New Zealand,280,8,284,4
ODI,South Africa,Bangladesh,Buffalo Park,South Africa,South Africa,bat,South Africa,369,6,169,10
ODI,Sri Lanka,Pakistan,Sharjah Cricket Stadium,United Arab Emirates,Sri Lanka,bat,Pakistan,103,10,105,1
ODI,New Zealand,India,Maharashtra Cricket Association Stadium,India,New Zealand,bat,India,230,9,232,4
ODI,India,New Zealand,Green Park,India,New Zealand,bowl,India,337,6,331,7
ODI,P.N.G.,Scotland,Dubai International Cricket Stadium,United Arab Emirates,Scotland,bowl,Scotland,147,10,148,4
ODI,P.N.G.,Scotland,Dubai International Cricket Stadium,United Arab Emirates,Scotland,bowl,Scotland,192,8,196,6
ODI,Afghanistan,Ireland,Sharjah Cricket Stadium,United Arab Emirates,Ireland,bowl,Afghanistan,238,9,100,10
ODI,Hong Kong,P.N.G.,ICC Academy,United Arab Emirates,P.N.G.,bowl,Hong Kong,230,8,207,10
ODI,Ireland,Afghanistan,Sharjah Cricket Stadium,United Arab Emirates,Ireland,bat,Ireland,271,9,220,10
ODI,Hong Kong,P.N.G.,ICC Academy,United Arab Emirates,P.N.G.,bowl,Hong Kong,323,4,230,10
ODI,India,Sri Lanka,Himachal Pradesh Cricket Association Stadium,India,Sri Lanka,bowl,Sri Lanka,112,10,114,3
ODI,Afghanistan,Ireland,Sharjah Cricket Stadium,United Arab Emirates,Afghanistan,bat,Ireland,177,10,180,5
ODI,India,Sri Lanka,Punjab Cricket Association IS Bindra Stadium,India,Sri Lanka,bowl,India,392,4,251,8
ODI,Sri Lanka,India,Dr. Y.S. Rajasekhara Reddy ACA-VDCA Cricket Stadium,India,India,bowl,India,215,10,219,2
ODI,West Indies,New Zealand,Cobham Oval (New),New Zealand,New Zealand,bowl,New Zealand,248,9,249,5
ODI,New Zealand,West Indies,Hagley Oval,New Zealand,West Indies,bowl,New Zealand,325,6,121,10
ODI,New Zealand,West Indies,Hagley Oval,New Zealand,New Zealand,bat,New Zealand,131,4,99,9
ODI,New Zealand,Pakistan,Basin Reserve,New Zealand,Pakistan,bowl,New Zealand,315,7,166,6
ODI,Pakistan,New Zealand,Saxton Oval,New Zealand,Pakistan,bat,New Zealand,246,9,151,2
ODI,U.A.E.,Ireland,ICC Academy,United Arab Emirates,Ireland,bowl,Ireland,222,9,226,6
ODI,New Zealand,Pakistan,University Oval,New Zealand,New Zealand,bat,New Zealand,257,10,74,10
ODI,Ireland,U.A.E.,ICC Academy,United Arab Emirates,Ireland,bat,Ireland,301,5,234,10
ODI,Australia,England,Melbourne Cricket Ground,Australia,England,bowl,England,304,8,308,5
ODI,Zimbabwe,Bangladesh,Shere Bangla National Stadium,Bangladesh,Bangladesh,bowl,Bangladesh,170,10,171,2
ODI,Pakistan,New Zealand,Seddon Park,New Zealand,Pakistan,bat,New Zealand,262,8,263,5
ODI,Scotland,Ireland,ICC Academy,United Arab Emirates,Ireland,bowl,Ireland,219,10,223,4
ODI,Zimbabwe,Sri Lanka,Shere Bangla National Stadium,Bangladesh,Sri Lanka,bowl,Zimbabwe,290,6,278,10
ODI,Ireland,Scotland,ICC Academy,United Arab Emirates,Ireland,bat,Ireland,331,6,307,9
ODI,New Zealand,Pakistan,Basin Reserve,New Zealand,New Zealand,bat,New Zealand,271,7,256,10
ODI,Australia,England,Brisbane Cricket Ground,Australia,Australia,bat,England,270,9,274,6
ODI,Bangladesh,Sri Lanka,Shere Bangla National Stadium,Bangladesh,Bangladesh,bat,Bangladesh,320,7,157,10
ODI,England,Australia,Sydney Cricket Ground,Australia,Australia,bowl,England,302,6,286,6
ODI,Scotland,U.A.E.,ICC Academy,United Arab Emirates,U.A.E.,bowl,Scotland,249,8,218,10
ODI,Zimbabwe,Sri Lanka,Shere Bangla National Stadium,Bangladesh,Zimbabwe,bat,Sri Lanka,198,10,202,5
ODI,Scotland,U.A.E.,ICC Academy,United Arab Emirates,Scotland,bat,U.A.E.,299,9,300,6
ODI,Bangladesh,Zimbabwe,Shere Bangla National Stadium,Bangladesh,Bangladesh,bat,Bangladesh,216,9,125,10
ODI,Bangladesh,Sri Lanka,Shere Bangla National Stadium,Bangladesh,Bangladesh,bat,Sri Lanka,82,10,83,0
ODI,England,Australia,Adelaide Oval,Australia,Australia,bowl,Australia,196,10,197,7
ODI,Sri Lanka,Bangladesh,Shere Bangla National Stadium,Bangladesh,Sri Lanka,bat,Sri Lanka,221,10,142,9
ODI,England,Australia,Perth Stadium,Australia,Australia,bowl,England,259,10,247,10
ODI,South Africa,India,Kingsmead,South Africa,South Africa,bat,India,269,8,270,4
ODI,South Africa,India,SuperSport Park,South Africa,India,bowl,India,118,10,119,1
ODI,India,South Africa,Newlands,South Africa,South Africa,bowl,India,303,6,179,10
ODI,Afghanistan,Zimbabwe,Sharjah Cricket Stadium,United Arab Emirates,Afghanistan,bat,Afghanistan,333,5,179,10
ODI,India,South Africa,New Wanderers Stadium,South Africa,India,bat,South Africa,289,7,207,5
ODI,Zimbabwe,Afghanistan,Sharjah Cricket Stadium,United Arab Emirates,Zimbabwe,bat,Zimbabwe,333,5,179,10
ODI,Zimbabwe,Afghanistan,Sharjah Cricket Stadium,United Arab Emirates,Zimbabwe,bat,Afghanistan,154,10,158,4
ODI,India,South Africa,St George's Park,South Africa,South Africa,bowl,India,274,7,201,10
ODI,Zimbabwe,Afghanistan,Sharjah Cricket Stadium,United Arab Emirates,Zimbabwe,bat,Afghanistan,134,10,135,0
ODI,South Africa,India,SuperSport Park,South Africa,India,bowl,India,204,10,206,2
ODI,Afghanistan,Zimbabwe,Sharjah Cricket Stadium,United Arab Emirates,Afghanistan,bat,Afghanistan,241,9,95,10
ODI,England,New Zealand,Seddon Park,New Zealand,New Zealand,bowl,New Zealand,284,8,287,7
ODI,New Zealand,England,Bay Oval,New Zealand,England,bowl,England,223,10,225,4
ODI,England,New Zealand,Westpac Stadium,New Zealand,New Zealand,bowl,England,234,10,230,8
ODI,Afghanistan,Scotland,Bulawayo Athletic Club,Zimbabwe,Scotland,bowl,Scotland,255,10,256,3
ODI,U.A.E.,P.N.G.,Harare Sports Club,Zimbabwe,P.N.G.,bowl,U.A.E.,221,10,113,10
ODI,Hong Kong,Scotland,Bulawayo Athletic Club,Zimbabwe,Scotland,bowl,Scotland,91,10,92,6
ODI,P.N.G.,Ireland,Harare Sports Club,Zimbabwe,Ireland,bowl,Ireland,235,10,237,6
ODI,West Indies,U.A.E.,Old Hararians,Zimbabwe,West Indies,bat,West Indies,357,4,297,6
ODI,Zimbabwe,Afghanistan,Queens Sports Club,Zimbabwe,Zimbabwe,bat,Zimbabwe,196,10,194,10
ODI,England,New Zealand,University Oval,New Zealand,New Zealand,bowl,New Zealand,335,9,339,5
ODI,Hong Kong,Afghanistan,Bulawayo Athletic Club,Zimbabwe,Afghanistan,bowl,Hong Kong,241,8,195,9
ODI,P.N.G.,West Indies,Old Hararians,Zimbabwe,P.N.G.,bat,West Indies,200,10,201,4
ODI,New Zealand,England,Hagley Oval,New Zealand,England,bowl,England,223,10,229,3
ODI,West Indies,Ireland,Harare Sports Club,Zimbabwe,Ireland,bowl,West Indies,257,8,205,10
ODI,Zimbabwe,Hong Kong,Queens Sports Club,Zimbabwe,Hong Kong,bowl,Zimbabwe,263,9,174,10
ODI,Ireland,U.A.E.,Old Hararians,Zimbabwe,U.A.E.,bowl,Ireland,313,6,91,10
ODI,Zimbabwe,Scotland,Queens Sports Club,Zimbabwe,Zimbabwe,bat,0,210,10,210,10
ODI,West Indies,Afghanistan,Harare Sports Club,Zimbabwe,West Indies,bat,Afghanistan,197,8,198,7
ODI,Scotland,U.A.E.,Queens Sports Club,Zimbabwe,Scotland,bat,Scotland,322,6,249,10
ODI,Zimbabwe,Ireland,Harare Sports Club,Zimbabwe,Ireland,bowl,Zimbabwe,211,9,104,10
ODI,P.N.G.,Hong Kong,Old Hararians,Zimbabwe,P.N.G.,bat,P.N.G.,200,10,142,10
ODI,Ireland,Scotland,Harare Sports Club,Zimbabwe,Scotland,bowl,Ireland,271,9,246,10
ODI,Zimbabwe,West Indies,Harare Sports Club,Zimbabwe,Zimbabwe,bat,West Indies,289,10,290,6
ODI,U.A.E.,Afghanistan,Old Hararians,Zimbabwe,U.A.E.,bat,Afghanistan,177,10,178,5
ODI,West Indies,Scotland,Harare Sports Club,Zimbabwe,Scotland,bowl,West Indies,198,10,125,5
ODI,U.A.E.,Zimbabwe,Harare Sports Club,Zimbabwe,Zimbabwe,bowl,U.A.E.,235,7,226,7
ODI,Ireland,Afghanistan,Harare Sports Club,Zimbabwe,Ireland,bat,Afghanistan,209,7,213,5
ODI,West Indies,Afghanistan,Harare Sports Club,Zimbabwe,West Indies,bat,Afghanistan,204,10,206,3
ODI,Scotland,England,Grange Cricket Club Ground,Scotland,England,bowl,Scotland,371,5,365,10
ODI,Australia,England,Kennington Oval,England,Australia,bat,England,214,10,218,7
ODI,England,Australia,Sophia Gardens,England,Australia,bowl,England,342,8,304,10
ODI,England,Australia,Trent Bridge,England,Australia,bowl,England,481,6,239,10
ODI,Australia,England,Riverside Ground,England,Australia,bat,England,310,8,314,4
ODI,Australia,England,Old Trafford,England,Australia,bat,England,205,10,208,9
ODI,England,India,Trent Bridge,England,India,bowl,India,268,10,269,2
ODI,Pakistan,Zimbabwe,Queens Sports Club,Zimbabwe,Zimbabwe,bowl,Pakistan,308,7,107,10
ODI,England,India,Lord's,England,England,bat,England,322,7,236,10
ODI,Zimbabwe,Pakistan,Queens Sports Club,Zimbabwe,Zimbabwe,bat,Pakistan,194,10,195,1
ODI,India,England,Headingley,England,England,bowl,England,256,8,260,2
ODI,Zimbabwe,Pakistan,Queens Sports Club,Zimbabwe,Zimbabwe,bat,Pakistan,67,10,69,1
ODI,Pakistan,Zimbabwe,Queens Sports Club,Zimbabwe,Pakistan,bat,Pakistan,399,1,155,10
ODI,Pakistan,Zimbabwe,Queens Sports Club,Zimbabwe,Pakistan,bat,Pakistan,364,4,233,4
ODI,Bangladesh,West Indies,Providence Stadium,West Indies,Bangladesh,bat,Bangladesh,279,4,231,9
ODI,West Indies,Bangladesh,Providence Stadium,West Indies,Bangladesh,bowl,West Indies,271,10,268,6
ODI,Bangladesh,West Indies,Warner Park,West Indies,Bangladesh,bat,Bangladesh,301,6,283,6
ODI,Sri Lanka,South Africa,Rangiri Dambulla International Stadium,Sri Lanka,Sri Lanka,bat,South Africa,193,10,196,5
ODI,Netherlands,Nepal,VRA Ground,Netherlands,Netherlands,bat,Netherlands,189,10,134,10
ODI,Sri Lanka,South Africa,Rangiri Dambulla International Stadium,Sri Lanka,Sri Lanka,bat,South Africa,244,8,246,6
ODI,Nepal,Netherlands,VRA Ground,Netherlands,Nepal,bat,Nepal,216,10,215,10
ODI,South Africa,Sri Lanka,Pallekele International Cricket Stadium,Sri Lanka,Sri Lanka,bowl,South Africa,363,7,285,10
ODI,Sri Lanka,South Africa,Pallekele International Cricket Stadium,Sri Lanka,South Africa,bowl,Sri Lanka,306,7,187,9
ODI,Sri Lanka,South Africa,R Premadasa Stadium,Sri Lanka,Sri Lanka,bat,Sri Lanka,299,8,121,10
ODI,Afghanistan,Ireland,Civil Service Cricket Club,Ireland,Ireland,bowl,Afghanistan,227,9,198,10
ODI,Afghanistan,Ireland,Civil Service Cricket Club,Ireland,Afghanistan,bat,Ireland,182,9,183,7
ODI,U.A.E.,Nepal,Kinrara Academy Oval,Malaysia,Nepal,bowl,U.A.E.,254,9,176,10
ODI,Ireland,Afghanistan,Civil Service Cricket Club,Ireland,Ireland,bat,Afghanistan,124,10,127,2
ODI,Bangladesh,Sri Lanka,Dubai International Cricket Stadium,United Arab Emirates,Bangladesh,bat,Bangladesh,261,10,124,10
ODI,Hong Kong,Pakistan,Dubai International Cricket Stadium,United Arab Emirates,Hong Kong,bat,Pakistan,116,10,120,2
ODI,Afghanistan,Sri Lanka,Sheikh Zayed Stadium,United Arab Emirates,Afghanistan,bat,Afghanistan,249,10,158,10
ODI,India,Hong Kong,Dubai International Cricket Stadium,United Arab Emirates,Hong Kong,bowl,India,285,7,259,8
ODI,Pakistan,India,Dubai International Cricket Stadium,United Arab Emirates,Pakistan,bat,India,162,10,164,2
ODI,Afghanistan,Bangladesh,Sheikh Zayed Stadium,United Arab Emirates,Afghanistan,bat,Afghanistan,255,7,119,10
ODI,Bangladesh,India,Dubai International Cricket Stadium,United Arab Emirates,India,bowl,India,173,10,174,3
ODI,Afghanistan,Pakistan,Sheikh Zayed Stadium,United Arab Emirates,Afghanistan,bat,Pakistan,257,6,258,7
ODI,Pakistan,India,Dubai International Cricket Stadium,United Arab Emirates,Pakistan,bat,India,237,7,238,1
ODI,New Zealand,Pakistan,Sheikh Zayed Stadium,United Arab Emirates,New Zealand,bat,Pakistan,209,9,212,4
ODI,Bangladesh,Afghanistan,Sheikh Zayed Stadium,United Arab Emirates,Bangladesh,bat,Bangladesh,249,7,246,7
ODI,Afghanistan,India,Dubai International Cricket Stadium,United Arab Emirates,Afghanistan,bat,0,252,8,252,10
ODI,Bangladesh,Pakistan,Sheikh Zayed Stadium,United Arab Emirates,Bangladesh,bat,Bangladesh,239,10,202,9
ODI,Bangladesh,India,Dubai International Cricket Stadium,United Arab Emirates,India,bowl,India,222,10,223,7
ODI,Zimbabwe,South Africa,Diamond Oval,South Africa,South Africa,bowl,South Africa,117,10,119,5
ODI,South Africa,Zimbabwe,Mangaung Oval,South Africa,South Africa,bat,South Africa,198,10,78,10
ODI,Zimbabwe,South Africa,Boland Park,South Africa,Zimbabwe,bat,South Africa,228,10,231,6
ODI,England,Sri Lanka,Rangiri Dambulla International Stadium,Sri Lanka,Sri Lanka,bowl,0,92,2,0,0
ODI,England,Sri Lanka,Rangiri Dambulla International Stadium,Sri Lanka,Sri Lanka,bowl,England,278,9,140,5
ODI,Sri Lanka,England,Pallekele International Cricket Stadium,Sri Lanka,England,bowl,England,150,9,153,3
ODI,Sri Lanka,England,Pallekele International Cricket Stadium,Sri Lanka,England,bowl,England,273,7,132,2
ODI,West Indies,India,Barsapara Cricket Stadium,India,India,bowl,India,322,8,326,2
ODI,Bangladesh,Zimbabwe,Shere Bangla National Stadium,Bangladesh,Bangladesh,bat,Bangladesh,271,8,243,9
ODI,Sri Lanka,England,R Premadasa Stadium,Sri Lanka,Sri Lanka,bat,Sri Lanka,366,6,132,9
ODI,India,West Indies,Dr. Y.S. Rajasekhara Reddy ACA-VDCA Cricket Stadium,India,India,bat,0,321,6,321,7
ODI,Zimbabwe,Bangladesh,Zahur Ahmed Chowdhury Stadium,Bangladesh,Bangladesh,bowl,Bangladesh,246,7,250,3
ODI,Zimbabwe,Bangladesh,Zahur Ahmed Chowdhury Stadium,Bangladesh,Bangladesh,bowl,Bangladesh,286,5,288,3
ODI,West Indies,India,Maharashtra Cricket Association Stadium,India,India,bowl,West Indies,283,9,240,10
ODI,India,West Indies,Brabourne Stadium,India,India,bat,India,377,5,153,10
ODI,West Indies,India,Greenfield International Stadium,India,West Indies,bat,India,104,10,105,1
ODI,Australia,South Africa,Perth Stadium,Australia,South Africa,bowl,South Africa,152,10,153,4
ODI,New Zealand,Pakistan,Sheikh Zayed Stadium,United Arab Emirates,New Zealand,bat,New Zealand,266,9,219,10
ODI,Australia,South Africa,Adelaide Oval,Australia,South Africa,bowl,Australia,231,10,224,9
ODI,South Africa,Australia,Bellerive Oval,Australia,Australia,bowl,South Africa,320,5,280,9
ODI,Pakistan,New Zealand,Dubai International Cricket Stadium,United Arab Emirates,Pakistan,bat,0,279,8,35,1
ODI,West Indies,Bangladesh,Shere Bangla National Stadium,Bangladesh,West Indies,bat,Bangladesh,195,9,196,5
ODI,Bangladesh,West Indies,Shere Bangla National Stadium,Bangladesh,West Indies,bowl,West Indies,255,7,256,6
ODI,West Indies,Bangladesh,Sylhet International Cricket Stadium,Bangladesh,Bangladesh,bowl,Bangladesh,198,9,202,2
ODI,New Zealand,Sri Lanka,Bay Oval,New Zealand,New Zealand,bat,New Zealand,371,7,326,10
ODI,New Zealand,Sri Lanka,Bay Oval,New Zealand,New Zealand,bat,New Zealand,319,7,298,10
ODI,New Zealand,Sri Lanka,Saxton Oval,New Zealand,Sri Lanka,bowl,New Zealand,364,4,249,10
ODI,Australia,India,Sydney Cricket Ground,Australia,Australia,bat,Australia,288,5,254,9
ODI,Australia,India,Adelaide Oval,Australia,Australia,bat,India,298,9,299,4
ODI,Australia,India,Melbourne Cricket Ground,Australia,India,bowl,India,230,10,234,3
ODI,South Africa,Pakistan,St George's Park,South Africa,South Africa,bat,Pakistan,266,2,267,5
ODI,Pakistan,South Africa,Kingsmead,South Africa,South Africa,bowl,South Africa,203,10,207,5
ODI,New Zealand,India,McLean Park,New Zealand,New Zealand,bat,India,157,10,156,2
ODI,Nepal,U.A.E.,ICC Global Cricket Academy,United Arab Emirates,U.A.E.,bowl,U.A.E.,113,10,116,7
ODI,Pakistan,South Africa,SuperSport Park,South Africa,Pakistan,bat,South Africa,317,6,187,2
ODI,India,New Zealand,Bay Oval,New Zealand,India,bat,India,324,4,234,10
ODI,Nepal,U.A.E.,ICC Global Cricket Academy,United Arab Emirates,Nepal,bat,Nepal,242,9,97,10
ODI,South Africa,Pakistan,New Wanderers Stadium,South Africa,Pakistan,bowl,Pakistan,164,10,168,2
ODI,New Zealand,India,Bay Oval,New Zealand,New Zealand,bat,India,243,10,245,3
ODI,U.A.E.,Nepal,ICC Global Cricket Academy,United Arab Emirates,Nepal,bowl,Nepal,254,6,255,6
ODI,Pakistan,South Africa,Newlands,South Africa,South Africa,bowl,South Africa,240,8,241,3
ODI,India,New Zealand,Seddon Park,New Zealand,New Zealand,bowl,New Zealand,92,10,93,2
ODI,India,New Zealand,Westpac Stadium,New Zealand,India,bat,India,252,10,217,10
ODI,Bangladesh,New Zealand,McLean Park,New Zealand,Bangladesh,bat,New Zealand,232,10,233,2
ODI,Bangladesh,New Zealand,Hagley Oval,New Zealand,New Zealand,bowl,New Zealand,226,10,229,2
ODI,New Zealand,Bangladesh,University Oval,New Zealand,Bangladesh,bowl,New Zealand,330,6,242,10
ODI,West Indies,England,Kensington Oval,West Indies,West Indies,bat,England,360,8,364,4
ODI,West Indies,England,Kensington Oval,West Indies,England,bowl,West Indies,289,6,263,10
ODI,West Indies,England,National Cricket Stadium,West Indies,England,0,0,0,0,0,0
ODI,England,West Indies,National Cricket Stadium,West Indies,West Indies,bowl,England,418,6,389,10
ODI,Ireland,Afghanistan,Rajiv Gandhi International Cricket Stadium,India,Ireland,bat,Afghanistan,161,10,165,5
ODI,Afghanistan,Ireland,Rajiv Gandhi International Cricket Stadium,India,Afghanistan,bat,0,250,7,0,0
ODI,Australia,India,Rajiv Gandhi International Stadium,India,Australia,bat,India,236,7,240,4
ODI,England,West Indies,Darren Sammy National Cricket Stadium,West Indies,West Indies,bowl,West Indies,113,10,115,3
ODI,Sri Lanka,South Africa,New Wanderers Stadium,South Africa,South Africa,bowl,South Africa,231,10,232,2
ODI,Afghanistan,Ireland,Rajiv Gandhi International Cricket Stadium,India,Afghanistan,bat,Ireland,256,8,260,6
ODI,India,Australia,Vidarbha Cricket Association Stadium,India,Australia,bowl,India,250,10,242,10
ODI,South Africa,Sri Lanka,SuperSport Park,South Africa,Sri Lanka,bowl,South Africa,251,10,138,10
ODI,Afghanistan,Ireland,Rajiv Gandhi International Cricket Stadium,India,Ireland,bowl,Afghanistan,223,10,114,10
ODI,Australia,India,JSCA International Stadium Complex,India,India,bowl,Australia,313,5,281,10
ODI,Afghanistan,Ireland,Rajiv Gandhi International Cricket Stadium,India,Ireland,bowl,Ireland,216,6,219,5
ODI,India,Australia,Punjab Cricket Association IS Bindra Stadium,India,India,bat,Australia,358,9,359,6
ODI,South Africa,Sri Lanka,Kingsmead,South Africa,Sri Lanka,bowl,South Africa,331,5,121,5
ODI,Australia,India,Feroz Shah Kotla,India,Australia,bat,Australia,272,9,237,10
ODI,Sri Lanka,South Africa,St George's Park,South Africa,South Africa,bowl,South Africa,189,10,190,4
ODI,Sri Lanka,South Africa,Newlands,South Africa,Sri Lanka,bat,South Africa,225,10,135,2
ODI,Pakistan,Australia,Sharjah Cricket Stadium,United Arab Emirates,Pakistan,bat,Australia,280,5,281,2
ODI,Pakistan,Australia,Sharjah Cricket Stadium,United Arab Emirates,Pakistan,bat,Australia,284,7,285,2
ODI,Australia,Pakistan,Sheikh Zayed Stadium,United Arab Emirates,Australia,bat,Australia,266,6,186,10
ODI,Australia,Pakistan,Dubai International Cricket Stadium,United Arab Emirates,Pakistan,bowl,Australia,277,7,271,8
ODI,Australia,Pakistan,Dubai International Cricket Stadium,United Arab Emirates,Pakistan,bowl,Australia,327,7,307,7
ODI,U.A.E.,Zimbabwe,Harare Sports Club,Zimbabwe,Zimbabwe,bowl,Zimbabwe,110,10,111,3
ODI,U.A.E.,Zimbabwe,Harare Sports Club,Zimbabwe,Zimbabwe,bowl,Zimbabwe,169,9,185,4
ODI,Zimbabwe,U.A.E.,Harare Sports Club,Zimbabwe,U.A.E.,bowl,Zimbabwe,307,4,176,10
ODI,U.A.E.,Zimbabwe,Harare Sports Club,Zimbabwe,U.A.E.,bat,Zimbabwe,175,10,129,7
ODI,Namibia,Oman,Wanderers Cricket Ground,Namibia,Namibia,bat,Namibia,226,7,81,10
ODI,U.S.A.,P.N.G.,Affies Park,Namibia,P.N.G.,bowl,P.N.G.,164,10,165,5
ODI,Ireland,England,The Village,Ireland,England,bowl,England,198,10,199,6
ODI,West Indies,Ireland,Castle Avenue,Ireland,Ireland,bowl,West Indies,381,3,185,10
ODI,West Indies,Bangladesh,Castle Avenue,Ireland,West Indies,bat,Bangladesh,261,9,264,2
ODI,Pakistan,England,Kennington Oval,England,England,bowl,0,80,2,0,0
ODI,Scotland,Afghanistan,Grange Cricket Club Ground,Scotland,Scotland,bat,Afghanistan,325,7,269,3
ODI,Ireland,West Indies,The Village,Ireland,Ireland,bat,West Indies,327,5,331,5
ODI,England,Pakistan,The Rose Bowl,England,Pakistan,bowl,England,373,3,361,7
ODI,West Indies,Bangladesh,The Village,Ireland,West Indies,bat,Bangladesh,247,9,248,5
ODI,Pakistan,England,County Ground,England,England,bowl,England,358,9,359,4
ODI,Ireland,Bangladesh,Castle Avenue,Ireland,Ireland,bat,Bangladesh,292,8,294,4
ODI,West Indies,Bangladesh,The Village,Ireland,Bangladesh,bowl,Bangladesh,152,1,213,5
ODI,Pakistan,England,Trent Bridge,England,England,bowl,England,340,7,341,7
ODI,Ireland,Afghanistan,Civil Service Cricket Club,Ireland,Afghanistan,bowl,Ireland,210,10,138,10
ODI,Afghanistan,Ireland,Civil Service Cricket Club,Ireland,Ireland,bowl,Afghanistan,305,7,179,10
ODI,Sri Lanka,Scotland,Grange Cricket Club Ground,Scotland,Scotland,bowl,Sri Lanka,322,8,199,10
ODI,England,South Africa,Kennington Oval,England,South Africa,bowl,England,311,8,207,10
ODI,Pakistan,West Indies,Trent Bridge,England,West Indies,bowl,West Indies,105,10,108,3
ODI,Sri Lanka,New Zealand,Sophia Gardens,England,New Zealand,bowl,New Zealand,136,10,137,0
ODI,Afghanistan,Australia,County Ground,England,Afghanistan,bat,Australia,207,10,209,3
ODI,Bangladesh,South Africa,Kennington Oval,England,South Africa,bowl,Bangladesh,330,6,309,8
ODI,Pakistan,England,Trent Bridge,England,England,bowl,Pakistan,348,8,334,9
ODI,Sri Lanka,Afghanistan,Sophia Gardens,England,Afghanistan,bowl,Sri Lanka,201,10,152,10
ODI,South Africa,India,The Rose Bowl,England,South Africa,bat,India,227,9,230,4
ODI,Bangladesh,New Zealand,Kennington Oval,England,New Zealand,bowl,New Zealand,244,10,248,8
ODI,Australia,West Indies,Trent Bridge,England,West Indies,bowl,Australia,288,10,273,9
ODI,England,Bangladesh,Sophia Gardens,England,Bangladesh,bowl,England,386,6,280,10
ODI,Afghanistan,New Zealand,The Cooper Associates County Ground,England,New Zealand,bowl,New Zealand,172,10,173,3
ODI,India,Australia,Kennington Oval,England,India,bat,India,352,5,316,10
ODI,South Africa,West Indies,The Rose Bowl,England,West Indies,bowl,0,29,2,0,0
ODI,Australia,Pakistan,The Cooper Associates County Ground,England,Pakistan,bowl,Australia,307,10,266,10
ODI,West Indies,England,The Rose Bowl,England,England,bowl,England,212,10,213,2
ODI,Australia,Sri Lanka,Kennington Oval,England,Sri Lanka,bowl,Australia,334,7,247,10
ODI,Afghanistan,South Africa,Sophia Gardens,England,South Africa,bowl,South Africa,125,10,131,1
ODI,India,Pakistan,Old Trafford,England,Pakistan,bowl,India,336,5,212,6
ODI,West Indies,Bangladesh,The Cooper Associates County Ground,England,Bangladesh,bowl,Bangladesh,321,8,322,3
ODI,England,Afghanistan,Old Trafford,England,England,bat,England,397,6,247,8
ODI,Zimbabwe,Netherlands,Sportpark Het Schootsveld,Netherlands,Zimbabwe,bat,Netherlands,205,8,208,3
ODI,South Africa,New Zealand,Edgbaston,England,New Zealand,bowl,New Zealand,241,6,245,6
ODI,Australia,Bangladesh,Trent Bridge,England,Australia,bat,Australia,381,5,333,8
ODI,Zimbabwe,Netherlands,Sportpark Het Schootsveld,Netherlands,Zimbabwe,bat,Netherlands,290,6,291,7
ODI,Sri Lanka,England,Headingley,England,Sri Lanka,bat,Sri Lanka,232,9,212,10
ODI,India,Afghanistan,The Rose Bowl,England,India,bat,India,224,8,213,10
ODI,New Zealand,West Indies,Old Trafford,England,West Indies,bowl,New Zealand,291,8,286,10
ODI,Pakistan,South Africa,Lord's,England,Pakistan,bat,Pakistan,308,7,259,9
ODI,Bangladesh,Afghanistan,The Rose Bowl,England,Afghanistan,bowl,Bangladesh,262,7,200,10
ODI,Australia,England,Lord's,England,England,bowl,Australia,285,7,221,10
ODI,New Zealand,Pakistan,Edgbaston,England,New Zealand,bat,Pakistan,237,6,241,4
ODI,India,West Indies,Old Trafford,England,India,bat,India,268,7,143,10
ODI,Sri Lanka,South Africa,Riverside Ground,England,South Africa,bowl,South Africa,203,10,206,1
ODI,Afghanistan,Pakistan,Headingley,England,Afghanistan,bat,Pakistan,227,9,230,7
ODI,Australia,New Zealand,Lord's,England,Australia,bat,Australia,243,9,157,10
ODI,England,India,Edgbaston,England,England,bat,England,337,7,306,5
ODI,Sri Lanka,West Indies,Riverside Ground,England,West Indies,bowl,Sri Lanka,338,6,315,9
ODI,Zimbabwe,Ireland,Bready Cricket Club,Ireland,Ireland,bowl,Ireland,254,9,258,6
ODI,India,Bangladesh,Edgbaston,England,India,bat,India,314,9,286,10
ODI,England,New Zealand,Riverside Ground,England,England,bat,England,305,8,186,10
ODI,West Indies,Afghanistan,Headingley,England,West Indies,bat,West Indies,311,6,288,10
ODI,Ireland,Zimbabwe,Civil Service Cricket Club,Ireland,Zimbabwe,bowl,Ireland,242,9,237,9
ODI,Pakistan,Bangladesh,Lord's,England,Pakistan,bat,Pakistan,315,9,221,10
ODI,Sri Lanka,India,Headingley,England,Sri Lanka,bat,India,264,7,265,3
ODI,South Africa,Australia,Old Trafford,England,South Africa,bat,South Africa,325,6,315,10
ODI,Zimbabwe,Ireland,Civil Service Cricket Club,Ireland,Zimbabwe,bat,Ireland,190,10,191,4
ODI,New Zealand,India,Old Trafford,England,New Zealand,bat,New Zealand,239,8,221,10
ODI,Australia,England,Edgbaston,England,Australia,bat,England,223,10,226,2
ODI,New Zealand,England,Lord's,England,New Zealand,bat,0,241,8,241,10
ODI,Sri Lanka,Bangladesh,R Premadasa Stadium,Sri Lanka,Sri Lanka,bat,Sri Lanka,314,8,223,10
ODI,Bangladesh,Sri Lanka,R Premadasa Stadium,Sri Lanka,Bangladesh,bat,Sri Lanka,238,8,242,3
ODI,Sri Lanka,Bangladesh,R Premadasa Stadium,Sri Lanka,Sri Lanka,bat,Sri Lanka,294,8,172,10
ODI,West Indies,India,Providence Stadium,West Indies,India,bowl,0,54,1,0,0
ODI,India,West Indies,Queen's Park Oval,West Indies,India,bat,India,279,7,210,10
ODI,P.N.G.,Oman,Mannofield Park,Scotland,Oman,bowl,Oman,229,8,234,6
ODI,West Indies,India,Queen's Park Oval,West Indies,West Indies,bat,India,240,7,256,4
ODI,Scotland,Oman,Mannofield Park,Scotland,Scotland,bat,Oman,168,10,169,2
ODI,P.N.G.,Scotland,Mannofield Park,Scotland,Scotland,bowl,Scotland,205,9,207,7
ODI,Scotland,Oman,Mannofield Park,Scotland,Oman,bowl,Scotland,223,7,138,10
ODI,Scotland,P.N.G.,Mannofield Park,Scotland,P.N.G.,bowl,Scotland,242,7,204,9
ODI,P.N.G.,Oman,Mannofield Park,Scotland,Oman,bowl,Oman,206,9,207,6
ODI,U.S.A.,P.N.G.,Central Broward Regional Park Stadium Turf Ground,United States of America,U.S.A.,bat,U.S.A.,251,9,159,6
ODI,Namibia,U.S.A.,Central Broward Regional Park Stadium Turf Ground,United States of America,Namibia,bat,U.S.A.,121,10,122,5
ODI,U.S.A.,P.N.G.,Central Broward Regional Park Stadium Turf Ground,United States of America,U.S.A.,bat,U.S.A.,177,10,115,10
ODI,Namibia,U.S.A.,Central Broward Regional Park Stadium Turf Ground,United States of America,U.S.A.,bowl,Namibia,287,8,142,10
ODI,P.N.G.,Namibia,Central Broward Regional Park Stadium Turf Ground,United States of America,P.N.G.,bat,Namibia,219,8,222,6
ODI,Namibia,P.N.G.,Central Broward Regional Park Stadium Turf Ground,United States of America,Namibia,bat,Namibia,260,9,233,10
ODI,Pakistan,Sri Lanka,National Stadium,Pakistan,Pakistan,bat,Pakistan,305,7,238,10
ODI,England,Ireland,The Rose Bowl,England,Ireland,bowl,Ireland,328,10,329,3
ODI,Sri Lanka,Pakistan,National Stadium,Pakistan,Sri Lanka,bat,Pakistan,297,9,299,5
ODI,Afghanistan,West Indies,Bharat Ratna Shri Atal Bihari Vajpayee Ekana Cricket Stadium,India,West Indies,bowl,West Indies,194,10,197,3
ODI,West Indies,Afghanistan,Bharat Ratna Shri Atal Bihari Vajpayee Ekana Cricket Stadium,India,Afghanistan,bowl,West Indies,247,9,200,10
ODI,Afghanistan,West Indies,Bharat Ratna Shri Atal Bihari Vajpayee Ekana Cricket Stadium,India,West Indies,bowl,West Indies,249,7,253,5
ODI,U.A.E.,U.S.A.,Sharjah Cricket Stadium,United Arab Emirates,U.A.E.,bat,U.S.A.,202,10,206,7
ODI,U.S.A.,Scotland,Sharjah Cricket Stadium,United Arab Emirates,U.S.A.,bat,U.S.A.,282,8,247,10
ODI,U.S.A.,U.A.E.,ICC Academy,United Arab Emirates,U.A.E.,bowl,U.S.A.,213,10,115,10
ODI,U.S.A.,Scotland,ICC Academy,United Arab Emirates,Scotland,bowl,Scotland,245,9,246,6
ODI,Scotland,U.A.E.,ICC Academy,United Arab Emirates,U.A.E.,bowl,U.A.E.,220,10,224,3
ODI,India,West Indies,MA Chidambaram Stadium,India,West Indies,bowl,West Indies,287,8,291,2
ODI,India,West Indies,Dr. Y.S. Rajasekhara Reddy ACA-VDCA Cricket Stadium,India,West Indies,bowl,India,387,5,280,10
ODI,West Indies,India,Barabati Stadium,India,India,bowl,India,315,5,316,6
ODI,U.A.E.,Oman,Al Amerat Cricket Ground Oman Cricket (Ministry Turf 1),Oman,Oman,bowl,Oman,170,10,171,5
ODI,U.A.E.,Namibia,Al Amerat Cricket Ground Oman Cricket (Ministry Turf 1),Oman,Namibia,bowl,U.A.E.,222,9,214,8
ODI,Ireland,West Indies,Kensington Oval,West Indies,Ireland,bat,West Indies,180,10,184,5
ODI,Namibia,Oman,Al Amerat Cricket Ground Oman Cricket (Ministry Turf 1),Oman,Namibia,bat,Namibia,324,7,272,10
ODI,Namibia,U.A.E.,Al Amerat Cricket Ground Oman Cricket (Ministry Turf 1),Oman,Namibia,bat,U.A.E.,94,10,95,2
ODI,Ireland,West Indies,Kensington Oval,West Indies,Ireland,bat,West Indies,237,9,242,9
ODI,Ireland,West Indies,National Cricket Stadium,West Indies,West Indies,bowl,West Indies,203,10,199,5
ODI,India,Australia,Wankhede Stadium,India,Australia,bowl,Australia,255,10,258,0
ODI,India,Australia,Saurashtra Cricket Association Stadium,India,Australia,bowl,India,340,6,304,10
ODI,Australia,India,M Chinnaswamy Stadium,India,Australia,bat,India,286,9,289,3
ODI,England,South Africa,Newlands,South Africa,South Africa,bowl,South Africa,258,8,259,3
ODI,India,New Zealand,Seddon Park,New Zealand,New Zealand,bowl,New Zealand,347,4,348,6
ODI,Oman,Nepal,Tribhuvan University International Cricket Ground,Nepal,Nepal,bowl,Oman,197,9,179,10
ODI,U.S.A.,Oman,Tribhuvan University International Cricket Ground,Nepal,Oman,bowl,Oman,213,10,214,4
ODI,South Africa,England,Kingsmead,South Africa,England,bowl,0,71,2,0,0
ODI,New Zealand,India,Eden Park,New Zealand,India,bowl,New Zealand,273,8,251,10
ODI,Nepal,U.S.A.,Tribhuvan University International Cricket Ground,Nepal,U.S.A.,bowl,Nepal,190,10,155,10
ODI,Nepal,Oman,Tribhuvan University International Cricket Ground,Nepal,Oman,bowl,Oman,249,8,250,2
ODI,South Africa,England,New Wanderers Stadium,South Africa,England,bowl,England,256,7,257,8
ODI,India,New Zealand,Bay Oval,New Zealand,New Zealand,bowl,New Zealand,296,7,300,5
ODI,Oman,U.S.A.,Tribhuvan University International Cricket Ground,Nepal,U.S.A.,bowl,Oman,276,6,184,10
ODI,U.S.A.,Nepal,Tribhuvan University International Cricket Ground,Nepal,Nepal,bowl,Nepal,35,10,36,2
ODI,West Indies,Sri Lanka,Sinhalese Sports Club Ground,Sri Lanka,Sri Lanka,bowl,Sri Lanka,289,7,290,9
ODI,Sri Lanka,West Indies,Mahinda Rajapaksa International Cricket Stadium,Sri Lanka,West Indies,bowl,Sri Lanka,345,8,184,10
ODI,South Africa,Australia,Boland Park,South Africa,South Africa,bat,South Africa,291,7,217,10
ODI,Bangladesh,Zimbabwe,Sylhet International Cricket Stadium,Bangladesh,Bangladesh,bat,Bangladesh,321,6,152,10
ODI,Sri Lanka,West Indies,Pallekele International Cricket Stadium,Sri Lanka,Sri Lanka,bat,Sri Lanka,307,10,301,9
ODI,Bangladesh,Zimbabwe,Sylhet International Cricket Stadium,Bangladesh,Bangladesh,bat,Bangladesh,322,8,318,8
ODI,Australia,South Africa,Mangaung Oval,South Africa,Australia,bat,South Africa,271,10,274,4
ODI,Bangladesh,Zimbabwe,Sylhet International Cricket Stadium,Bangladesh,Zimbabwe,bowl,Bangladesh,322,3,218,10
ODI,Australia,South Africa,Senwes Park,South Africa,South Africa,bowl,South Africa,254,7,258,4
ODI,Australia,New Zealand,Sydney Cricket Ground,Australia,Australia,bat,Australia,258,7,187,10
ODI,Ireland,England,The Rose Bowl,England,England,bowl,England,172,10,174,4
ODI,Ireland,England,The Rose Bowl,England,Ireland,bat,England,212,9,216,6
ODI,Australia,England,Old Trafford,England,England,bowl,Australia,294,9,275,9
ODI,England,Australia,Old Trafford,England,England,bat,England,231,9,207,10
ODI,England,Australia,Old Trafford,England,England,bat,Australia,302,7,305,7
ODI,Pakistan,Zimbabwe,Rawalpindi Cricket Stadium,Pakistan,Pakistan,bat,Pakistan,281,8,255,10
ODI,Zimbabwe,Pakistan,Rawalpindi Cricket Stadium,Pakistan,Zimbabwe,bat,Pakistan,206,10,208,4
ODI,Zimbabwe,Pakistan,Rawalpindi Cricket Stadium,Pakistan,Zimbabwe,bat,0,278,6,278,9
ODI,Australia,India,Sydney Cricket Ground,Australia,Australia,bat,Australia,374,6,308,8
ODI,Australia,India,Sydney Cricket Ground,Australia,Australia,bat,Australia,389,4,338,9
ODI,India,Australia,Manuka Oval,Australia,India,bat,India,302,5,289,10
ODI,Ireland,U.A.E.,Sheikh Zayed Stadium,United Arab Emirates,Ireland,bat,U.A.E.,269,5,270,4
ODI,Ireland,U.A.E.,Sheikh Zayed Stadium,United Arab Emirates,U.A.E.,bowl,Ireland,228,6,116,10
ODI,West Indies,Bangladesh,Shere Bangla National Stadium,Bangladesh,Bangladesh,bowl,Bangladesh,122,10,125,4
ODI,Afghanistan,Ireland,Sheikh Zayed Stadium,United Arab Emirates,Afghanistan,bat,Afghanistan,287,9,271,9
ODI,West Indies,Bangladesh,Shere Bangla National Stadium,Bangladesh,West Indies,bat,Bangladesh,148,10,149,3
ODI,Ireland,Afghanistan,Sheikh Zayed Stadium,United Arab Emirates,Ireland,bat,Afghanistan,259,9,260,3
ODI,Bangladesh,West Indies,Zahur Ahmed Chowdhury Stadium,Bangladesh,West Indies,bowl,Bangladesh,297,6,177,10
ODI,Afghanistan,Ireland,Sheikh Zayed Stadium,United Arab Emirates,Ireland,bowl,Afghanistan,266,9,230,10
ODI,Sri Lanka,West Indies,Sir Vivian Richards Stadium,West Indies,Sri Lanka,bat,West Indies,232,10,236,2
ODI,Sri Lanka,West Indies,Sir Vivian Richards Stadium,West Indies,West Indies,bowl,West Indies,273,8,274,5
ODI,Sri Lanka,West Indies,Sir Vivian Richards Stadium,West Indies,West Indies,bowl,West Indies,274,6,276,5
ODI,Bangladesh,New Zealand,University Oval,New Zealand,New Zealand,bowl,New Zealand,131,10,132,2
ODI,Bangladesh,New Zealand,Hagley Oval,New Zealand,New Zealand,bowl,New Zealand,271,6,275,5
ODI,India,England,Maharashtra Cricket Association Stadium,India,England,bowl,India,317,5,251,10
ODI,New Zealand,Bangladesh,Basin Reserve,New Zealand,New Zealand,bat,New Zealand,318,6,154,10
ODI,India,England,Maharashtra Cricket Association Stadium,India,England,bowl,England,336,6,337,4
ODI,India,England,Maharashtra Cricket Association Stadium,India,England,bowl,India,329,10,322,9
ODI,South Africa,Pakistan,SuperSport Park,South Africa,Pakistan,bowl,Pakistan,273,6,274,7
ODI,South Africa,Pakistan,The Wanderers Stadium,South Africa,Pakistan,bowl,South Africa,341,6,324,9
ODI,Pakistan,South Africa,SuperSport Park,South Africa,South Africa,bowl,Pakistan,320,7,292,10
ODI,Netherlands,Scotland,Hazelaarweg,Netherlands,Netherlands,bat,Netherlands,163,8,149,8
ODI,Netherlands,Scotland,Hazelaarweg,Netherlands,Netherlands,bat,Scotland,171,10,172,4
ODI,Bangladesh,Sri Lanka,Shere Bangla National Stadium,Bangladesh,Bangladesh,bat,Bangladesh,257,6,224,10
ODI,Bangladesh,Sri Lanka,Shere Bangla National Stadium,Bangladesh,Bangladesh,bat,Bangladesh,246,10,141,9
ODI,Sri Lanka,Bangladesh,Shere Bangla National Stadium,Bangladesh,Sri Lanka,bat,Sri Lanka,286,6,189,10
ODI,Netherlands,Ireland,Sportpark Maarschalkerweerd,Netherlands,Netherlands,bat,Netherlands,195,10,194,9
ODI,Netherlands,Ireland,Sportpark Maarschalkerweerd,Netherlands,Netherlands,bat,Ireland,157,10,158,2
ODI,Ireland,Netherlands,Sportpark Maarschalkerweerd,Netherlands,Ireland,bat,Netherlands,163,10,166,6
ODI,Sri Lanka,England,Riverside Ground,England,England,bowl,England,185,10,189,5
ODI,Sri Lanka,England,Kennington Oval,England,England,bowl,England,241,9,244,2
ODI,Sri Lanka,England,County Ground,England,England,bowl,0,166,10,0,0
ODI,Pakistan,England,Sophia Gardens,England,England,bowl,England,141,10,142,1
ODI,England,Pakistan,Lord's,England,Pakistan,bowl,England,247,10,195,10
ODI,Ireland,South Africa,The Village,Ireland,South Africa,bowl,0,195,4,0,0
ODI,Ireland,South Africa,The Village,Ireland,South Africa,bowl,Ireland,290,5,247,10
ODI,Pakistan,England,Edgbaston,England,England,bowl,England,331,9,332,7
ODI,Bangladesh,Zimbabwe,Harare Sports Club,Zimbabwe,Zimbabwe,bowl,Bangladesh,276,9,121,9
ODI,South Africa,Ireland,The Village,Ireland,South Africa,bat,South Africa,346,4,276,10
ODI,Zimbabwe,Bangladesh,Harare Sports Club,Zimbabwe,Zimbabwe,bat,Bangladesh,240,9,242,7
ODI,Sri Lanka,India,R Premadasa Stadium,Sri Lanka,Sri Lanka,bat,India,262,9,263,3
ODI,Zimbabwe,Bangladesh,Harare Sports Club,Zimbabwe,Bangladesh,bowl,Bangladesh,298,10,302,5
ODI,Sri Lanka,India,R Premadasa Stadium,Sri Lanka,Sri Lanka,bat,India,275,9,277,7
ODI,Australia,West Indies,Kensington Oval,West Indies,Australia,bat,Australia,252,9,123,10
ODI,Australia,West Indies,Kensington Oval,West Indies,Australia,bat,West Indies,187,10,191,6
ODI,India,Sri Lanka,R Premadasa Stadium,Sri Lanka,India,bat,Sri Lanka,225,10,227,7
ODI,West Indies,Australia,Kensington Oval,West Indies,West Indies,bat,Australia,152,10,153,4
ODI,Sri Lanka,South Africa,R Premadasa Stadium,Sri Lanka,Sri Lanka,bat,Sri Lanka,300,9,286,6
ODI,South Africa,Sri Lanka,R Premadasa Stadium,Sri Lanka,South Africa,bat,South Africa,283,6,197,10
ODI,P.N.G.,U.S.A.,Al Amerat Cricket Ground Oman Cricket (Ministry Turf 2),Oman,P.N.G.,bat,U.S.A.,158,10,159,3
ODI,P.N.G.,Nepal,Al Amerat Cricket Ground Oman Cricket (Ministry Turf 2),Oman,P.N.G.,bat,Nepal,134,10,135,8
ODI,Sri Lanka,South Africa,R Premadasa Stadium,Sri Lanka,Sri Lanka,bat,Sri Lanka,203,9,125,10
ODI,Zimbabwe,Ireland,Civil Service Cricket Club,Ireland,Ireland,bowl,Zimbabwe,266,7,228,10
ODI,U.S.A.,P.N.G.,Al Amerat Cricket Ground Oman Cricket (Ministry Turf 1),Oman,P.N.G.,bowl,U.S.A.,271,9,137,10
ODI,Ireland,Zimbabwe,Civil Service Cricket Club,Ireland,Zimbabwe,bowl,0,282,8,0,0
ODI,Nepal,P.N.G.,Al Amerat Cricket Ground Oman Cricket (Ministry Turf 1),Oman,Nepal,bat,Nepal,233,10,82,10
ODI,Zimbabwe,Ireland,Civil Service Cricket Club,Ireland,Ireland,bowl,Ireland,131,10,118,3
ODI,U.S.A.,Nepal,Al Amerat Cricket Ground Oman Cricket (Ministry Turf 1),Oman,U.S.A.,bat,Nepal,230,9,231,5
ODI,Nepal,Oman,Al Amerat Cricket Ground Oman Cricket (Ministry Turf 1),Oman,Nepal,bat,Oman,196,10,200,5
ODI,U.S.A.,Oman,Al Amerat Cricket Ground Oman Cricket (Ministry Turf 1),Oman,Oman,bowl,Oman,178,10,179,6
ODI,Nepal,U.S.A.,Al Amerat Cricket Ground Oman Cricket (Ministry Turf 1),Oman,U.S.A.,bowl,U.S.A.,174,10,175,4
ODI,Oman,Nepal,Al Amerat Cricket Ground Oman Cricket (Ministry Turf 1),Oman,Nepal,bowl,Nepal,121,10,122,3
ODI,Oman,U.S.A.,Al Amerat Cricket Ground Oman Cricket (Ministry Turf 1),Oman,U.S.A.,bowl,Oman,274,7,202,10
ODI,P.N.G.,Scotland,Al Amerat Cricket Ground Oman Cricket (Ministry Turf 2),Oman,Scotland,bowl,Scotland,197,10,198,4
ODI,Oman,P.N.G.,Al Amerat Cricket Ground Oman Cricket (Ministry Turf 2),Oman,P.N.G.,bowl,Oman,250,7,140,10
ODI,Scotland,Oman,Al Amerat Cricket Ground Oman Cricket (Ministry Turf 2),Oman,Scotland,bat,Scotland,273,6,255,9
ODI,P.N.G.,Scotland,Al Amerat Cricket Ground Oman Cricket (Ministry Turf 1),Oman,P.N.G.,bat,Scotland,226,8,228,6
ODI,P.N.G.,Oman,Al Amerat Cricket Ground Oman Cricket (Ministry Turf 1),Oman,P.N.G.,bat,Oman,150,10,151,7
ODI,Scotland,Oman,Al Amerat Cricket Ground Oman Cricket (Ministry Turf 1),Oman,Scotland,bat,0,100,3,0,0
ODI,Namibia,Oman,Wanderers Cricket Ground,Namibia,Oman,bowl,Namibia,228,10,188,10
ODI,South Africa,Netherlands,SuperSport Park,South Africa,Netherlands,bowl,0,277,8,11,0
ODI,Oman,Namibia,Wanderers Cricket Ground,Namibia,Oman,bat,Oman,291,9,282,9
ODI,Namibia,Oman,ICC Academy,United Arab Emirates,Namibia,bat,Namibia,226,10,116,10
ODI,West Indies,Ireland,Sabina Park,West Indies,Ireland,bowl,West Indies,269,10,245,10
ODI,West Indies,Ireland,Sabina Park,West Indies,Ireland,bowl,Ireland,229,10,168,5
ODI,Zimbabwe,Sri Lanka,Pallekele International Cricket Stadium,Sri Lanka,Zimbabwe,bat,Sri Lanka,296,9,300,5
ODI,West Indies,Ireland,Sabina Park,West Indies,Ireland,bowl,Ireland,212,10,214,8
ODI,Zimbabwe,Sri Lanka,Pallekele International Cricket Stadium,Sri Lanka,Zimbabwe,bat,Zimbabwe,302,8,280,9
ODI,South Africa,India,Boland Park,South Africa,South Africa,bat,South Africa,296,4,265,8
ODI,Afghanistan,Netherlands,West End Park International Cricket Stadium,Qatar,Netherlands,bowl,Afghanistan,222,8,186,10
ODI,India,South Africa,Boland Park,South Africa,India,bat,South Africa,287,6,288,3
ODI,Sri Lanka,Zimbabwe,Pallekele International Cricket Stadium,Sri Lanka,Sri Lanka,bat,Sri Lanka,254,9,70,10
ODI,Afghanistan,Netherlands,West End Park International Cricket Stadium,Qatar,Afghanistan,bat,Afghanistan,237,6,189,10
ODI,South Africa,India,Newlands,South Africa,India,bowl,South Africa,287,10,283,10
ODI,Namibia,U.A.E.,ICC Academy,United Arab Emirates,U.A.E.,bowl,U.A.E.,206,8,207,7
ODI,Afghanistan,Netherlands,West End Park International Cricket Stadium,Qatar,Afghanistan,bat,Afghanistan,254,5,179,10
ODI,Oman,U.A.E.,Al Amerat Cricket Ground Oman Cricket (Ministry Turf 1),Oman,U.A.E.,bowl,U.A.E.,307,9,308,6
ODI,Oman,U.A.E.,Al Amerat Cricket Ground Oman Cricket (Ministry Turf 1),Oman,U.A.E.,bowl,U.A.E.,195,10,196,6
ODI,West Indies,India,Narendra Modi Stadium,India,India,bowl,India,176,10,178,4
ODI,Oman,U.A.E.,Al Amerat Cricket Ground Oman Cricket (Ministry Turf 1),Oman,U.A.E.,bowl,0,214,10,214,10
ODI,India,West Indies,Narendra Modi Stadium,India,West Indies,bowl,India,237,9,193,10
ODI,India,West Indies,Narendra Modi Stadium,India,India,bat,India,265,10,169,10
ODI,Afghanistan,Bangladesh,Zahur Ahmed Chowdhury Stadium,Bangladesh,Afghanistan,bat,Bangladesh,215,10,219,6
ODI,Bangladesh,Afghanistan,Zahur Ahmed Chowdhury Stadium,Bangladesh,Bangladesh,bat,Bangladesh,306,4,218,10
ODI,Bangladesh,Afghanistan,Zahur Ahmed Chowdhury Stadium,Bangladesh,Bangladesh,bat,Afghanistan,192,10,193,3
ODI,Oman,U.A.E.,ICC Academy,United Arab Emirates,U.A.E.,bowl,Oman,225,7,213,10
ODI,Oman,U.A.E.,ICC Academy,United Arab Emirates,Oman,bat,Oman,221,7,213,10
ODI,Namibia,Oman,Sharjah Cricket Stadium,United Arab Emirates,Namibia,bat,Oman,275,8,276,3
ODI,U.A.E.,Namibia,Sharjah Cricket Stadium,United Arab Emirates,Namibia,bowl,U.A.E.,348,3,305,9
ODI,Oman,Namibia,Dubai International Cricket Stadium,United Arab Emirates,Oman,bat,Namibia,265,5,266,5
ODI,P.N.G.,U.A.E.,Sharjah Cricket Stadium,United Arab Emirates,P.N.G.,bat,U.A.E.,176,8,179,3
ODI,P.N.G.,Nepal,Sharjah Cricket Stadium,United Arab Emirates,P.N.G.,bat,Nepal,204,8,208,8
ODI,U.A.E.,Nepal,Dubai International Cricket Stadium,United Arab Emirates,U.A.E.,bat,U.A.E.,168,10,120,10
ODI,Bangladesh,South Africa,SuperSport Park,South Africa,South Africa,bowl,Bangladesh,314,7,276,10
ODI,U.A.E.,P.N.G.,Dubai International Cricket Stadium,United Arab Emirates,U.A.E.,bat,P.N.G.,147,10,150,4
ODI,Bangladesh,South Africa,The Wanderers Stadium,South Africa,Bangladesh,bat,South Africa,194,9,195,3
ODI,U.A.E.,Nepal,Dubai International Cricket Stadium,United Arab Emirates,Nepal,bowl,U.A.E.,202,9,103,10
ODI,P.N.G.,Nepal,Dubai International Cricket Stadium,United Arab Emirates,Nepal,bowl,Nepal,173,8,174,3
ODI,South Africa,Bangladesh,SuperSport Park,South Africa,South Africa,bat,Bangladesh,154,10,156,1
ODI,P.N.G.,Nepal,Tribhuvan University International Cricket Ground,Nepal,Nepal,bowl,P.N.G.,292,8,286,8
ODI,Nepal,P.N.G.,Tribhuvan University International Cricket Ground,Nepal,Nepal,bat,P.N.G.,278,8,283,7
ODI,Netherlands,New Zealand,Bay Oval,New Zealand,Netherlands,bat,New Zealand,202,10,204,3
ODI,Australia,Pakistan,Gaddafi Stadium,Pakistan,Pakistan,bowl,Australia,313,7,225,10
ODI,Australia,Pakistan,Gaddafi Stadium,Pakistan,Pakistan,bowl,Pakistan,348,8,349,4
ODI,New Zealand,Netherlands,Seddon Park,New Zealand,Netherlands,bowl,New Zealand,264,9,146,10
ODI,Australia,Pakistan,Gaddafi Stadium,Pakistan,Pakistan,bowl,Pakistan,210,10,214,1
ODI,New Zealand,Netherlands,Seddon Park,New Zealand,New Zealand,bat,New Zealand,333,8,218,10
ODI,Scotland,P.N.G.,Dubai International Cricket Stadium,United Arab Emirates,P.N.G.,bowl,Scotland,284,3,122,10
ODI,Scotland,Oman,Dubai International Cricket Stadium,United Arab Emirates,Scotland,bat,Scotland,215,10,211,10
ODI,P.N.G.,Oman,Dubai International Cricket Stadium,United Arab Emirates,P.N.G.,bat,Oman,224,9,227,3
ODI,Scotland,P.N.G.,Dubai International Cricket Stadium,United Arab Emirates,Scotland,bat,Scotland,287,5,164,10
ODI,Oman,Scotland,Dubai International Cricket Stadium,United Arab Emirates,Oman,bat,Scotland,225,7,226,8
ODI,Oman,P.N.G.,Dubai International Cricket Stadium,United Arab Emirates,Oman,bat,Oman,277,8,192,10
ODI,U.S.A.,Scotland,Moosa Cricket Stadium,United States of America,U.S.A.,bat,U.S.A.,310,5,206,10
ODI,Scotland,U.S.A.,Moosa Cricket Stadium,United States of America,Scotland,bat,Scotland,300,7,189,10
ODI,Netherlands,West Indies,VRA Ground,Netherlands,West Indies,bowl,West Indies,240,7,249,3
ODI,U.A.E.,Scotland,Moosa Cricket Stadium,United States of America,U.A.E.,bat,Scotland,215,9,217,6
ODI,U.A.E.,U.S.A.,Moosa Cricket Stadium,United States of America,U.A.E.,bat,U.S.A.,203,7,204,6
ODI,Netherlands,West Indies,VRA Ground,Netherlands,Netherlands,bat,West Indies,214,10,217,5
ODI,Scotland,U.A.E.,Moosa Cricket Stadium,United States of America,Scotland,bat,U.A.E.,171,10,172,5
ODI,Afghanistan,Zimbabwe,Harare Sports Club,Zimbabwe,Zimbabwe,bowl,Afghanistan,276,5,216,10
ODI,West Indies,Netherlands,VRA Ground,Netherlands,West Indies,bat,West Indies,308,5,288,10
ODI,U.S.A.,U.A.E.,Moosa Cricket Stadium,United States of America,U.A.E.,bowl,U.A.E.,198,10,200,2
ODI,Zimbabwe,Afghanistan,Harare Sports Club,Zimbabwe,Afghanistan,bowl,Afghanistan,228,10,229,2
ODI,West Indies,Pakistan,Multan Cricket Stadium,Pakistan,West Indies,bat,Pakistan,305,8,306,5
ODI,U.S.A.,Oman,Moosa Cricket Stadium,United States of America,Oman,bowl,U.S.A.,323,8,209,10
ODI,Zimbabwe,Afghanistan,Harare Sports Club,Zimbabwe,Afghanistan,bowl,Afghanistan,135,10,137,6
ODI,Oman,Nepal,Moosa Cricket Stadium,United States of America,Oman,bat,Oman,211,8,198,10
ODI,Pakistan,West Indies,Multan Cricket Stadium,Pakistan,Pakistan,bat,Pakistan,275,8,155,10
ODI,Nepal,U.S.A.,Moosa Cricket Stadium,United States of America,Nepal,bat,0,274,10,274,6
ODI,Pakistan,West Indies,Multan Cricket Stadium,Pakistan,Pakistan,bat,Pakistan,269,9,216,10
ODI,Oman,U.S.A.,Moosa Cricket Stadium,United States of America,Oman,bat,Oman,280,4,267,9
ODI,Sri Lanka,Australia,Pallekele International Cricket Stadium,Sri Lanka,Sri Lanka,bat,Australia,300,7,282,8
ODI,Oman,Nepal,Moosa Cricket Stadium,United States of America,Oman,bat,Nepal,163,10,167,3
ODI,U.S.A.,Nepal,Moosa Cricket Stadium,United States of America,Nepal,bowl,U.S.A.,245,7,206,10
ODI,Sri Lanka,Australia,Pallekele International Cricket Stadium,Sri Lanka,Australia,bowl,Sri Lanka,220,9,189,10
ODI,England,Netherlands,VRA Ground,Netherlands,Netherlands,bowl,England,498,4,266,10
ODI,Netherlands,England,VRA Ground,Netherlands,Netherlands,bat,England,235,7,239,4
ODI,Australia,Sri Lanka,R Premadasa Stadium,Sri Lanka,Australia,bat,Sri Lanka,291,6,292,4
ODI,Sri Lanka,Australia,R Premadasa Stadium,Sri Lanka,Australia,bowl,Sri Lanka,258,10,254,10
ODI,Netherlands,England,VRA Ground,Netherlands,England,bowl,England,244,10,248,2
ODI,Sri Lanka,Australia,R Premadasa Stadium,Sri Lanka,Sri Lanka,bat,Australia,160,10,164,6
ODI,Ireland,New Zealand,The Village,Ireland,New Zealand,bowl,New Zealand,300,9,305,9
ODI,Scotland,Namibia,Titwood,Scotland,Namibia,bowl,Scotland,258,6,181,10
ODI,West Indies,Bangladesh,Providence Stadium,West Indies,Bangladesh,bowl,Bangladesh,149,9,151,4
ODI,Namibia,Nepal,Cambusdoon New Ground,Scotland,Namibia,bat,Namibia,220,10,180,10
ODI,Ireland,New Zealand,The Village,Ireland,New Zealand,bowl,New Zealand,216,10,219,7
ODI,England,India,Kennington Oval,England,India,bowl,India,110,10,114,0
ODI,Scotland,Nepal,Titwood,Scotland,Nepal,bowl,Nepal,144,10,146,5
ODI,West Indies,Bangladesh,Providence Stadium,West Indies,Bangladesh,bowl,Bangladesh,108,10,112,1
ODI,Namibia,Scotland,Titwood,Scotland,Scotland,bowl,Scotland,215,7,219,7
ODI,England,India,Lord's,England,India,bowl,England,246,10,146,10
ODI,New Zealand,Ireland,The Village,Ireland,New Zealand,bat,New Zealand,360,6,359,9
ODI,Namibia,Nepal,Cambusdoon New Ground,Scotland,Namibia,bat,Namibia,199,10,136,10
ODI,West Indies,Bangladesh,Providence Stadium,West Indies,Bangladesh,bowl,Bangladesh,178,10,179,6
ODI,Nepal,Scotland,Titwood,Scotland,Scotland,bowl,Scotland,128,10,130,2
ODI,England,India,Old Trafford,England,India,bowl,India,259,10,261,5
ODI,South Africa,England,Riverside Ground,England,South Africa,bat,South Africa,333,5,271,10
ODI,England,South Africa,Old Trafford,England,South Africa,bowl,England,201,10,83,10
ODI,India,West Indies,Queen's Park Oval,West Indies,West Indies,bowl,India,308,7,305,6
ODI,South Africa,England,Headingley,England,South Africa,bat,0,159,2,0,0
ODI,West Indies,India,Queen's Park Oval,West Indies,West Indies,bat,India,311,6,312,8
ODI,India,West Indies,Queen's Park Oval,West Indies,India,bat,India,225,3,137,10
ODI,Scotland,New Zealand,Grange Cricket Club Ground,Scotland,Scotland,bat,New Zealand,306,10,307,3
ODI,Bangladesh,Zimbabwe,Harare Sports Club,Zimbabwe,Zimbabwe,bowl,Zimbabwe,303,2,307,5
ODI,Bangladesh,Zimbabwe,Harare Sports Club,Zimbabwe,Zimbabwe,bowl,Zimbabwe,290,9,291,5
ODI,Bangladesh,Zimbabwe,Harare Sports Club,Zimbabwe,Zimbabwe,bowl,Bangladesh,256,9,151,10
ODI,Scotland,U.A.E.,Mannofield Park,Scotland,Scotland,bat,Scotland,262,10,198,10
ODI,U.A.E.,U.S.A.,Mannofield Park,Scotland,U.A.E.,bat,U.S.A.,253,8,256,9
ODI,U.S.A.,Scotland,Mannofield Park,Scotland,Scotland,bowl,Scotland,295,8,301,5
ODI,Scotland,U.A.E.,Mannofield Park,Scotland,U.A.E.,bowl,Scotland,254,9,168,10
ODI,Pakistan,Netherlands,Hazelaarweg,Netherlands,Pakistan,bat,Pakistan,314,6,298,8
ODI,Scotland,U.S.A.,Mannofield Park,Scotland,U.S.A.,bowl,U.S.A.,249,8,250,8
ODI,New Zealand,West Indies,Kensington Oval,West Indies,West Indies,bowl,West Indies,190,10,193,5
ODI,Zimbabwe,India,Harare Sports Club,Zimbabwe,India,bowl,India,189,10,192,0
ODI,Netherlands,Pakistan,Hazelaarweg,Netherlands,Netherlands,bat,Pakistan,186,10,191,3
ODI,New Zealand,West Indies,Kensington Oval,West Indies,West Indies,bowl,New Zealand,212,10,161,10
ODI,Zimbabwe,India,Harare Sports Club,Zimbabwe,India,bowl,India,161,10,167,5
ODI,Pakistan,Netherlands,Hazelaarweg,Netherlands,Pakistan,bat,Pakistan,206,10,197,10
ODI,West Indies,New Zealand,Kensington Oval,West Indies,New Zealand,bowl,New Zealand,301,8,307,5
ODI,India,Zimbabwe,Harare Sports Club,Zimbabwe,India,bat,India,289,8,276,10
ODI,Zimbabwe,Australia,Riverway Stadium,Australia,Australia,bowl,Australia,200,10,201,5
ODI,Zimbabwe,Australia,Riverway Stadium,Australia,Australia,bowl,Australia,96,10,100,2
ODI,Australia,Zimbabwe,Riverway Stadium,Australia,Zimbabwe,bowl,Zimbabwe,141,10,142,7
ODI,New Zealand,Australia,Cazaly's Stadium,Australia,Australia,bowl,Australia,232,9,233,8
ODI,Australia,New Zealand,Cazaly's Stadium,Australia,New Zealand,bowl,Australia,195,9,82,10
ODI,U.S.A.,P.N.G.,Amini Park,Papua New Guinea,P.N.G.,bowl,0,205,10,205,10
ODI,Australia,New Zealand,Cazaly's Stadium,Australia,New Zealand,bowl,Australia,267,5,242,10
ODI,P.N.G.,U.S.A.,Amini Park,Papua New Guinea,U.S.A.,bowl,P.N.G.,211,9,185,10
ODI,Namibia,U.S.A.,Amini Park,Papua New Guinea,Namibia,bat,Namibia,176,10,97,10
ODI,Namibia,U.S.A.,Amini Park,Papua New Guinea,U.S.A.,bowl,Namibia,254,5,186,7
ODI,Namibia,P.N.G.,Amini Park,Papua New Guinea,Namibia,bat,Namibia,284,4,117,10
ODI,Namibia,P.N.G.,Amini Park,Papua New Guinea,Namibia,bat,Namibia,214,8,153,10
ODI,South Africa,India,Bharat Ratna Shri Atal Bihari Vajpayee Ekana Cricket Stadium,India,India,bowl,South Africa,249,4,240,8
ODI,South Africa,India,JSCA International Stadium Complex,India,South Africa,bat,India,278,7,282,3
ODI,South Africa,India,Arun Jaitley Stadium,India,India,bowl,India,99,10,105,3
ODI,U.A.E.,Nepal,Tribhuvan University International Cricket Ground,Nepal,Nepal,bowl,U.A.E.,263,7,179,9
ODI,U.A.E.,Nepal,Tribhuvan University International Cricket Ground,Nepal,U.A.E.,bat,Nepal,191,10,193,7
ODI,England,Australia,Adelaide Oval,Australia,Australia,bowl,Australia,287,9,291,4
ODI,U.A.E.,Nepal,Tribhuvan University International Cricket Ground,Nepal,Nepal,bowl,Nepal,176,9,180,4
ODI,Australia,England,Sydney Cricket Ground,Australia,Australia,bat,Australia,280,8,208,10
ODI,P.N.G.,Namibia,Wanderers Cricket Ground,Namibia,Namibia,bowl,Namibia,107,10,108,2
ODI,U.S.A.,Namibia,Wanderers Cricket Ground,Namibia,Namibia,bowl,U.S.A.,244,8,173,10
ODI,Australia,England,Melbourne Cricket Ground,Australia,England,bowl,Australia,355,5,142,10
ODI,P.N.G.,U.S.A.,Wanderers Cricket Ground,Namibia,U.S.A.,bowl,U.S.A.,149,10,152,4
ODI,P.N.G.,Namibia,Wanderers Cricket Ground,Namibia,P.N.G.,bat,Namibia,236,10,241,7
ODI,India,New Zealand,Eden Park,New Zealand,New Zealand,bowl,New Zealand,306,7,309,3
ODI,U.S.A.,P.N.G.,Wanderers Cricket Ground,Namibia,U.S.A.,bat,U.S.A.,266,7,231,10
ODI,Afghanistan,Sri Lanka,Pallekele International Cricket Stadium,Sri Lanka,Afghanistan,bat,Afghanistan,294,8,234,10
ODI,U.S.A.,Namibia,Wanderers Cricket Ground,Namibia,Namibia,bowl,Namibia,211,7,212,4
ODI,India,New Zealand,Seddon Park,New Zealand,New Zealand,bowl,0,89,1,0,0
ODI,Afghanistan,Sri Lanka,Pallekele International Cricket Stadium,Sri Lanka,Afghanistan,bat,0,228,10,10,0
ODI,India,New Zealand,Hagley Oval,New Zealand,New Zealand,bowl,0,219,10,104,1
ODI,Afghanistan,Sri Lanka,Pallekele International Cricket Stadium,Sri Lanka,Afghanistan,bat,Sri Lanka,313,8,314,6
ODI,Namibia,Scotland,United Cricket Club Ground,Namibia,Scotland,bowl,Scotland,211,9,213,6
ODI,Nepal,Namibia,United Cricket Club Ground,Namibia,Namibia,bowl,0,197,10,4,0
ODI,India,Bangladesh,Shere Bangla National Stadium,Bangladesh,Bangladesh,bowl,Bangladesh,186,10,187,9
ODI,Nepal,Scotland,United Cricket Club Ground,Namibia,Scotland,bowl,Scotland,137,10,143,7
ODI,Scotland,Namibia,United Cricket Club Ground,Namibia,Namibia,bowl,Namibia,208,10,210,7
ODI,Bangladesh,India,Shere Bangla National Stadium,Bangladesh,Bangladesh,bat,Bangladesh,271,7,266,9
ODI,Namibia,Nepal,United Cricket Club Ground,Namibia,Nepal,bowl,Namibia,275,7,189,10
ODI,Nepal,Scotland,United Cricket Club Ground,Namibia,Nepal,bat,Scotland,119,10,121,2
ODI,India,Bangladesh,Zahur Ahmed Chowdhury Stadium,Bangladesh,Bangladesh,bowl,India,409,8,182,10
ODI,New Zealand,Pakistan,National Stadium,Pakistan,Pakistan,bowl,Pakistan,255,9,258,4
ODI,India,Sri Lanka,Barsapara Cricket Stadium,India,Sri Lanka,bowl,India,373,7,306,8
ODI,New Zealand,Pakistan,National Stadium,Pakistan,New Zealand,bat,New Zealand,261,10,182,10
ODI,Sri Lanka,India,Eden Gardens,India,Sri Lanka,bat,India,215,10,219,6
ODI,Pakistan,New Zealand,National Stadium,Pakistan,Pakistan,bat,New Zealand,280,9,281,8
ODI,India,Sri Lanka,Greenfield International Stadium,India,India,bat,India,390,5,73,9
ODI,Ireland,Zimbabwe,Harare Sports Club,Zimbabwe,Zimbabwe,bowl,Zimbabwe,288,4,214,7
ODI,India,New Zealand,Rajiv Gandhi International Stadium,India,India,bat,India,349,8,337,10
ODI,Ireland,Zimbabwe,Harare Sports Club,Zimbabwe,Zimbabwe,bowl,Ireland,294,7,248,10
ODI,New Zealand,India,Shaheed Veer Narayan Singh International Stadium,India,India,bowl,India,108,10,111,2
ODI,Zimbabwe,Ireland,Harare Sports Club,Zimbabwe,Zimbabwe,bat,0,55,1,0,0
ODI,India,New Zealand,Holkar Cricket Stadium,India,New Zealand,bowl,India,385,9,295,10
ODI,South Africa,England,Mangaung Oval,South Africa,South Africa,bat,South Africa,298,7,271,10
ODI,England,South Africa,Mangaung Oval,South Africa,South Africa,bowl,South Africa,342,7,347,5
ODI,England,South Africa,Diamond Oval,South Africa,South Africa,bowl,England,346,7,287,10
ODI,Namibia,Nepal,Tribhuvan University International Cricket Ground,Nepal,Nepal,bowl,Nepal,285,10,287,8
ODI,Namibia,Scotland,Tribhuvan University International Cricket Ground,Nepal,Scotland,bowl,Scotland,153,10,157,0
ODI,Scotland,Nepal,Tribhuvan University International Cricket Ground,Nepal,Nepal,bowl,Nepal,274,9,275,7
ODI,Namibia,Nepal,Tribhuvan University International Cricket Ground,Nepal,Nepal,bowl,Nepal,274,6,278,7
ODI,Scotland,Namibia,Tribhuvan University International Cricket Ground,Nepal,Namibia,bowl,Scotland,221,10,178,10
ODI,Scotland,Nepal,Tribhuvan University International Cricket Ground,Nepal,Nepal,bowl,Nepal,212,10,213,8
ODI,Namibia,U.A.E.,Dubai International Cricket Stadium,United Arab Emirates,U.A.E.,bowl,U.A.E.,91,10,95,9
ODI,U.A.E.,Namibia,Dubai International Cricket Stadium,United Arab Emirates,Namibia,bowl,Namibia,166,9,167,3
ODI,P.N.G.,Nepal,Dubai International Cricket Stadium,United Arab Emirates,Nepal,bowl,Nepal,203,9,207,6
ODI,P.N.G.,U.A.E.,Dubai International Cricket Stadium,United Arab Emirates,U.A.E.,bowl,P.N.G.,262,10,131,10
ODI,Bangladesh,England,Shere Bangla National Stadium,Bangladesh,Bangladesh,bat,England,209,10,212,7
ODI,U.A.E.,Nepal,Dubai International Cricket Stadium,United Arab Emirates,Nepal,bowl,U.A.E.,207,8,139,10
ODI,P.N.G.,Nepal,Dubai International Cricket Stadium,United Arab Emirates,P.N.G.,bat,Nepal,179,10,182,7
ODI,England,Bangladesh,Shere Bangla National Stadium,Bangladesh,Bangladesh,bowl,England,326,7,194,10
ODI,U.A.E.,P.N.G.,Dubai International Cricket Stadium,United Arab Emirates,P.N.G.,bowl,P.N.G.,97,10,98,5
ODI,Nepal,U.A.E.,Dubai International Cricket Stadium,United Arab Emirates,Nepal,bat,Nepal,229,8,187,10
ODI,Bangladesh,England,Zahur Ahmed Chowdhury Stadium,Bangladesh,Bangladesh,bat,Bangladesh,246,10,196,10
ODI,Nepal,P.N.G.,Tribhuvan University International Cricket Ground,Nepal,P.N.G.,bowl,Nepal,297,10,245,10
ODI,P.N.G.,U.A.E.,Tribhuvan University International Cricket Ground,Nepal,U.A.E.,bowl,P.N.G.,246,9,190,10
ODI,Nepal,U.A.E.,Tribhuvan University International Cricket Ground,Nepal,Nepal,bat,Nepal,248,10,71,10
ODI,P.N.G.,Nepal,Tribhuvan University International Cricket Ground,Nepal,Nepal,bowl,Nepal,95,10,100,1
ODI,P.N.G.,U.A.E.,Tribhuvan University International Cricket Ground,Nepal,P.N.G.,bat,U.A.E.,234,7,236,4
ODI,U.A.E.,Nepal,Tribhuvan University International Cricket Ground,Nepal,U.A.E.,bat,Nepal,310,6,269,6
ODI,Australia,India,Wankhede Stadium,India,India,bowl,India,188,10,191,5
ODI,Bangladesh,Ireland,Sylhet International Cricket Stadium,Bangladesh,Ireland,bowl,Bangladesh,338,8,155,10
ODI,West Indies,South Africa,Buffalo Park,South Africa,West Indies,bat,West Indies,335,8,287,10
ODI,India,Australia,Dr. Y.S. Rajasekhara Reddy ACA-VDCA Cricket Stadium,India,Australia,bowl,Australia,117,10,121,0
ODI,Bangladesh,Ireland,Sylhet International Cricket Stadium,Bangladesh,Ireland,bowl,0,349,6,0,0
ODI,Zimbabwe,Netherlands,Harare Sports Club,Zimbabwe,Netherlands,bowl,Netherlands,249,10,255,7
ODI,West Indies,South Africa,Senwes Park,South Africa,South Africa,bowl,South Africa,260,10,264,6
ODI,Australia,India,MA Chidambaram Stadium,India,Australia,bat,Australia,269,10,248,10
ODI,Zimbabwe,Netherlands,Harare Sports Club,Zimbabwe,Zimbabwe,bat,Zimbabwe,271,10,270,10
ODI,Ireland,Bangladesh,Sylhet International Cricket Stadium,Bangladesh,Ireland,bat,Bangladesh,101,10,102,0
ODI,New Zealand,Sri Lanka,Eden Park,New Zealand,Sri Lanka,bowl,New Zealand,274,10,76,10
ODI,Netherlands,Zimbabwe,Harare Sports Club,Zimbabwe,Netherlands,bat,Zimbabwe,231,9,235,3
ODI,U.S.A.,Namibia,Wanderers Cricket Ground,Namibia,Namibia,bowl,U.S.A.,231,9,151,10
ODI,Zimbabwe,Oman,Queens Sports Club,Zimbabwe,Oman,bowl,Zimbabwe,332,7,318,9
ODI,U.A.E.,P.N.G.,Wanderers Cricket Ground,Namibia,P.N.G.,bowl,U.A.E.,260,7,239,10
ODI,Canada,Jersey,United Cricket Club Ground,Namibia,Jersey,bowl,Canada,238,8,207,10
ODI,Canada,U.S.A.,Wanderers Cricket Ground,Namibia,U.S.A.,bowl,Canada,198,10,172,10
ODI,Namibia,P.N.G.,United Cricket Club Ground,Namibia,P.N.G.,bowl,Namibia,381,8,333,10
ODI,Jersey,Namibia,Wanderers Cricket Ground,Namibia,Jersey,bat,Namibia,213,9,216,2
ODI,U.A.E.,U.S.A.,United Cricket Club Ground,Namibia,U.A.E.,bat,U.S.A.,279,9,281,5
ODI,Sri Lanka,New Zealand,Seddon Park,New Zealand,Sri Lanka,bat,New Zealand,157,10,159,4
ODI,Netherlands,South Africa,Willowmoore Park,South Africa,South Africa,bowl,South Africa,189,10,190,2
ODI,Canada,U.A.E.,Wanderers Cricket Ground,Namibia,Canada,bat,U.A.E.,254,10,255,4
ODI,Jersey,P.N.G.,United Cricket Club Ground,Namibia,Jersey,bat,Jersey,291,4,280,9
ODI,U.S.A.,P.N.G.,Wanderers Cricket Ground,Namibia,U.S.A.,bat,U.S.A.,235,7,118,10
ODI,U.A.E.,Namibia,United Cricket Club Ground,Namibia,Namibia,bowl,U.A.E.,267,5,239,10
ODI,South Africa,Netherlands,The Wanderers Stadium,South Africa,Netherlands,bowl,South Africa,370,8,224,10
ODI,Namibia,Canada,Wanderers Cricket Ground,Namibia,Namibia,bat,Namibia,267,9,156,10
ODI,U.S.A.,Jersey,United Cricket Club Ground,Namibia,Jersey,bowl,U.S.A.,231,10,206,10
ODI,U.A.E.,Jersey,Wanderers Cricket Ground,Namibia,U.A.E.,bat,U.A.E.,284,7,218,10
ODI,Canada,P.N.G.,United Cricket Club Ground,Namibia,Canada,bat,Canada,218,8,128,10
ODI,Nepal,Oman,Tribhuvan University International Cricket Ground,Nepal,Oman,bowl,Nepal,310,8,226,9
ODI,New Zealand,Pakistan,Rawalpindi Cricket Stadium,Pakistan,Pakistan,bowl,Pakistan,288,7,291,5
ODI,U.A.E.,Oman,Mulpani Cricket Ground,Nepal,Oman,bowl,U.A.E.,236,10,190,6
ODI,New Zealand,Pakistan,Rawalpindi Cricket Stadium,Pakistan,Pakistan,bowl,Pakistan,336,5,337,3
ODI,U.A.E.,Nepal,Tribhuvan University International Cricket Ground,Nepal,Nepal,bowl,Nepal,117,10,118,3
ODI,Pakistan,New Zealand,National Stadium,Pakistan,New Zealand,bowl,Pakistan,287,6,261,10
ODI,Pakistan,New Zealand,National Stadium,Pakistan,New Zealand,bowl,Pakistan,334,6,232,10
ODI,New Zealand,Pakistan,National Stadium,Pakistan,New Zealand,bat,New Zealand,299,10,252,10
ODI,Bangladesh,Ireland,County Ground,England,Ireland,bowl,0,246,9,65,3
ODI,Ireland,Bangladesh,County Ground,England,Bangladesh,bowl,Bangladesh,319,6,320,7
ODI,Bangladesh,Ireland,County Ground,England,Ireland,bowl,Bangladesh,274,10,269,9
ODI,Sri Lanka,Afghanistan,Mahinda Rajapaksa International Cricket Stadium,Sri Lanka,Afghanistan,bowl,Afghanistan,268,10,269,4
ODI,Sri Lanka,Afghanistan,Mahinda Rajapaksa International Cricket Stadium,Sri Lanka,Sri Lanka,bat,Sri Lanka,323,6,191,10
ODI,U.A.E.,West Indies,Sharjah Cricket Stadium,United Arab Emirates,U.A.E.,bat,West Indies,202,10,206,3
ODI,West Indies,U.A.E.,Sharjah Cricket Stadium,United Arab Emirates,West Indies,bat,West Indies,306,10,228,7
ODI,Sri Lanka,Netherlands,Queens Sports Club,Zimbabwe,Sri Lanka,bat,Sri Lanka,213,10,192,10
ODI,Afghanistan,Sri Lanka,Mahinda Rajapaksa International Cricket Stadium,Sri Lanka,Afghanistan,bat,Sri Lanka,116,10,120,1
ODI,U.A.E.,West Indies,Sharjah Cricket Stadium,United Arab Emirates,U.A.E.,bat,West Indies,184,10,185,6
ODI,Nepal,Zimbabwe,Harare Sports Club,Zimbabwe,Zimbabwe,bowl,Zimbabwe,290,8,291,2
ODI,West Indies,U.S.A.,Takashinga Sports Club,Zimbabwe,U.S.A.,bowl,West Indies,297,10,258,7
ODI,Sri Lanka,U.A.E.,Queens Sports Club,Zimbabwe,U.A.E.,bowl,Sri Lanka,355,6,180,10
ODI,Ireland,Oman,Bulawayo Athletic Club,Zimbabwe,Oman,bowl,Oman,281,7,285,5
ODI,Netherlands,Zimbabwe,Harare Sports Club,Zimbabwe,Zimbabwe,bowl,Zimbabwe,315,6,319,4
ODI,U.S.A.,Nepal,Takashinga Sports Club,Zimbabwe,Nepal,bowl,Nepal,207,10,211,4
ODI,Ireland,Scotland,Queens Sports Club,Zimbabwe,Scotland,bowl,Scotland,286,8,289,9
ODI,U.A.E.,Oman,Bulawayo Athletic Club,Zimbabwe,Oman,bowl,Oman,227,8,228,5
ODI,West Indies,Nepal,Harare Sports Club,Zimbabwe,Nepal,bowl,West Indies,339,7,238,10
ODI,U.S.A.,Netherlands,Takashinga Sports Club,Zimbabwe,Netherlands,bowl,Netherlands,211,8,214,5
ODI,Oman,Sri Lanka,Queens Sports Club,Zimbabwe,Sri Lanka,bowl,Sri Lanka,98,10,100,0
ODI,Scotland,U.A.E.,Bulawayo Athletic Club,Zimbabwe,U.A.E.,bowl,Scotland,282,8,171,10
ODI,Zimbabwe,West Indies,Harare Sports Club,Zimbabwe,West Indies,bowl,Zimbabwe,268,10,233,10
ODI,Nepal,Netherlands,Takashinga Sports Club,Zimbabwe,Netherlands,bowl,Netherlands,167,10,168,3
ODI,Sri Lanka,Ireland,Queens Sports Club,Zimbabwe,Ireland,bowl,Sri Lanka,325,10,192,10
ODI,Scotland,Oman,Bulawayo Athletic Club,Zimbabwe,Oman,bowl,Scotland,320,10,244,9
ODI,Zimbabwe,U.S.A.,Harare Sports Club,Zimbabwe,U.S.A.,bowl,Zimbabwe,408,6,104,10
ODI,West Indies,Netherlands,Takashinga Sports Club,Zimbabwe,Netherlands,bowl,0,374,6,374,9
ODI,Sri Lanka,Scotland,Queens Sports Club,Zimbabwe,Scotland,bowl,Sri Lanka,245,10,163,10
ODI,Ireland,U.A.E.,Bulawayo Athletic Club,Zimbabwe,U.A.E.,bowl,Ireland,349,4,211,10
ODI,England,New Zealand,The Rose Bowl,England,New Zealand,bowl,England,226,7,147,10
ODI,U.S.A.,Ireland,Takashinga Sports Club,Zimbabwe,Ireland,bowl,Ireland,196,10,197,4
ODI,West Indies,Scotland,Harare Sports Club,Zimbabwe,Scotland,bowl,Scotland,181,10,185,3
ODI,Zimbabwe,Sri Lanka,Queens Sports Club,Zimbabwe,Sri Lanka,bowl,Sri Lanka,165,10,169,1
ODI,U.A.E.,Nepal,Takashinga Sports Club,Zimbabwe,Nepal,bowl,Nepal,181,10,185,7
ODI,Netherlands,Oman,Harare Sports Club,Zimbabwe,Oman,bowl,Netherlands,362,7,246,6
ODI,Scotland,Zimbabwe,Queens Sports Club,Zimbabwe,Zimbabwe,bowl,Scotland,234,8,203,10
ODI,Nepal,Ireland,Takashinga Sports Club,Zimbabwe,Ireland,bowl,Ireland,268,9,269,8
ODI,Oman,West Indies,Harare Sports Club,Zimbabwe,West Indies,bowl,West Indies,221,9,222,3
ODI,Bangladesh,Afghanistan,Zahur Ahmed Chowdhury Stadium,Bangladesh,Afghanistan,bowl,Afghanistan,169,9,83,2
ODI,Scotland,Netherlands,Queens Sports Club,Zimbabwe,Netherlands,bowl,Netherlands,277,9,278,6
ODI,U.A.E.,U.S.A.,Takashinga Sports Club,Zimbabwe,U.A.E.,bat,U.A.E.,308,4,307,9
ODI,West Indies,Sri Lanka,Harare Sports Club,Zimbabwe,Sri Lanka,bowl,Sri Lanka,243,10,244,2
ODI,Afghanistan,Bangladesh,Zahur Ahmed Chowdhury Stadium,Bangladesh,Bangladesh,bowl,Afghanistan,331,9,189,9
ODI,Sri Lanka,Netherlands,Harare Sports Club,Zimbabwe,Netherlands,bowl,Sri Lanka,233,10,105,10
ODI,Afghanistan,Bangladesh,Zahur Ahmed Chowdhury Stadium,Bangladesh,Afghanistan,bat,Bangladesh,126,10,129,3
ODI,West Indies,India,Kensington Oval,West Indies,India,bowl,India,114,10,118,5
ODI,India,West Indies,Kensington Oval,West Indies,West Indies,bowl,West Indies,181,10,182,4
ODI,India,West Indies,Brian Lara Stadium,West Indies,West Indies,bowl,India,351,5,151,10
ODI,Pakistan,Afghanistan,Mahinda Rajapaksa International Cricket Stadium,Sri Lanka,Pakistan,bat,Pakistan,201,10,59,9
ODI,Afghanistan,Pakistan,Mahinda Rajapaksa International Cricket Stadium,Sri Lanka,Afghanistan,bat,Pakistan,300,5,302,9
ODI,Pakistan,Afghanistan,R Premadasa Stadium,Sri Lanka,Pakistan,bat,Pakistan,268,8,209,10
ODI,Pakistan,Nepal,Multan Cricket Stadium,Pakistan,Pakistan,bat,Pakistan,342,6,104,10
ODI,Bangladesh,Sri Lanka,Pallekele International Cricket Stadium,Sri Lanka,Bangladesh,bat,Sri Lanka,164,10,165,5
ODI,India,Pakistan,Pallekele International Cricket Stadium,Sri Lanka,India,bat,0,266,10,0,0
ODI,Bangladesh,Afghanistan,Gaddafi Stadium,Pakistan,Bangladesh,bat,Bangladesh,334,5,245,10
ODI,Nepal,India,Pallekele International Cricket Stadium,Sri Lanka,India,bowl,India,230,10,147,0
ODI,Sri Lanka,Afghanistan,Gaddafi Stadium,Pakistan,Sri Lanka,bat,Sri Lanka,291,8,289,10
ODI,Bangladesh,Pakistan,Gaddafi Stadium,Pakistan,Bangladesh,bat,Pakistan,193,10,194,3
ODI,South Africa,Australia,Mangaung Oval,South Africa,Australia,bowl,Australia,222,10,225,7
ODI,England,New Zealand,Sophia Gardens,England,New Zealand,bowl,New Zealand,291,6,297,2
ODI,Sri Lanka,Bangladesh,R Premadasa Stadium,Sri Lanka,Bangladesh,bowl,Sri Lanka,257,9,236,10
ODI,Australia,South Africa,Mangaung Oval,South Africa,South Africa,bowl,Australia,392,8,269,10
ODI,India,Pakistan,R Premadasa Stadium,Sri Lanka,Pakistan,bowl,India,356,2,128,8
ODI,India,Sri Lanka,R Premadasa Stadium,Sri Lanka,India,bat,India,213,10,172,10
ODI,South Africa,Australia,Sedgars Park,South Africa,Australia,bowl,South Africa,338,6,227,10
ODI,England,New Zealand,Kennington Oval,England,New Zealand,bowl,England,368,10,187,10
ODI,Pakistan,Sri Lanka,R Premadasa Stadium,Sri Lanka,Pakistan,bat,Sri Lanka,252,7,252,8
ODI,Bangladesh,India,R Premadasa Stadium,Sri Lanka,India,bowl,Bangladesh,265,8,259,10
ODI,South Africa,Australia,SuperSport Park,South Africa,Australia,bowl,South Africa,416,5,252,9
ODI,England,New Zealand,Lord's,England,England,bat,England,311,9,211,9
ODI,South Africa,Australia,The Wanderers Stadium,South Africa,Australia,bowl,South Africa,315,9,193,10
ODI,Sri Lanka,India,R Premadasa Stadium,Sri Lanka,Sri Lanka,bat,India,50,10,51,0
ODI,New Zealand,Bangladesh,Shere Bangla National Stadium,Bangladesh,Bangladesh,bowl,0,136,5,0,0
ODI,Australia,India,Punjab Cricket Association IS Bindra Stadium,India,India,bowl,India,276,10,281,5
ODI,New Zealand,Bangladesh,Shere Bangla National Stadium,Bangladesh,New Zealand,bat,New Zealand,254,10,168,10
ODI,England,Ireland,Trent Bridge,England,Ireland,bowl,England,334,8,286,10
ODI,India,Australia,Holkar Cricket Stadium,India,Australia,bowl,India,399,5,217,10
ODI,Bangladesh,New Zealand,Shere Bangla National Stadium,Bangladesh,Bangladesh,bat,New Zealand,171,10,175,3
ODI,England,Ireland,County Ground,England,Ireland,bowl,0,280,4,0,0
ODI,Australia,India,Saurashtra Cricket Association Stadium,India,Australia,bat,Australia,352,7,286,10
ODI,England,New Zealand,Narendra Modi Stadium,India,New Zealand,bowl,New Zealand,282,9,283,1
ODI,Pakistan,Netherlands,Rajiv Gandhi International Stadium,India,Netherlands,bowl,Pakistan,286,10,205,10
ODI,Afghanistan,Bangladesh,Himachal Pradesh Cricket Association Stadium,India,Bangladesh,bowl,Bangladesh,156,10,158,4
ODI,South Africa,Sri Lanka,Arun Jaitley Stadium,India,Sri Lanka,bowl,South Africa,428,5,326,10
ODI,Australia,India,MA Chidambaram Stadium,India,Australia,bat,India,199,10,201,4
ODI,New Zealand,Netherlands,Rajiv Gandhi International Stadium,India,Netherlands,bowl,New Zealand,322,7,223,10
ODI,England,Bangladesh,Himachal Pradesh Cricket Association Stadium,India,Bangladesh,bowl,England,364,9,227,10
ODI,Sri Lanka,Pakistan,Rajiv Gandhi International Stadium,India,Sri Lanka,bat,Pakistan,344,9,345,4
ODI,Afghanistan,India,Arun Jaitley Stadium,India,Afghanistan,bat,India,272,8,273,2
ODI,South Africa,Australia,Bharat Ratna Shri Atal Bihari Vajpayee Ekana Cricket Stadium,India,Australia,bowl,South Africa,311,7,177,10
ODI,Bangladesh,New Zealand,MA Chidambaram Stadium,India,New Zealand,bowl,New Zealand,245,9,248,2
ODI,Pakistan,India,Narendra Modi Stadium,India,India,bowl,India,191,10,192,3
ODI,Afghanistan,England,Arun Jaitley Stadium,India,England,bowl,Afghanistan,284,10,215,10
ODI,Sri Lanka,Australia,Bharat Ratna Shri Atal Bihari Vajpayee Ekana Cricket Stadium,India,Sri Lanka,bat,Australia,209,10,215,5
ODI,Netherlands,South Africa,Himachal Pradesh Cricket Association Stadium,India,South Africa,bowl,Netherlands,245,8,207,10
ODI,New Zealand,Afghanistan,MA Chidambaram Stadium,India,Afghanistan,bowl,New Zealand,288,6,139,10
ODI,Bangladesh,India,Maharashtra Cricket Association Stadium,India,Bangladesh,bat,India,256,8,261,3
ODI,Australia,Pakistan,M Chinnaswamy Stadium,India,Pakistan,bowl,Australia,367,9,305,10
ODI,Netherlands,Sri Lanka,Bharat Ratna Shri Atal Bihari Vajpayee Ekana Cricket Stadium,India,Netherlands,bat,Sri Lanka,262,10,263,5
ODI,South Africa,England,Wankhede Stadium,India,England,bowl,South Africa,399,7,170,9
ODI,New Zealand,India,Himachal Pradesh Cricket Association Stadium,India,India,bowl,India,273,10,274,6
ODI,Pakistan,Afghanistan,MA Chidambaram Stadium,India,Pakistan,bat,Afghanistan,282,7,286,2
ODI,South Africa,Bangladesh,Wankhede Stadium,India,South Africa,bat,South Africa,382,5,233,10
ODI,Australia,Netherlands,Arun Jaitley Stadium,India,Australia,bat,Australia,399,8,90,10
ODI,England,Sri Lanka,M Chinnaswamy Stadium,India,England,bat,Sri Lanka,156,10,160,2
ODI,Pakistan,South Africa,MA Chidambaram Stadium,India,Pakistan,bat,South Africa,270,10,271,9
ODI,Australia,New Zealand,Himachal Pradesh Cricket Association Stadium,India,New Zealand,bowl,Australia,388,10,383,9
ODI,Netherlands,Bangladesh,Eden Gardens,India,Netherlands,bat,Netherlands,229,10,142,10
ODI,India,England,Bharat Ratna Shri Atal Bihari Vajpayee Ekana Cricket Stadium,India,England,bowl,India,229,9,129,10
ODI,Sri Lanka,Afghanistan,Maharashtra Cricket Association Stadium,India,Afghanistan,bowl,Afghanistan,241,10,242,3
ODI,Bangladesh,Pakistan,Eden Gardens,India,Bangladesh,bat,Pakistan,204,10,205,3
ODI,South Africa,New Zealand,Maharashtra Cricket Association Stadium,India,New Zealand,bowl,South Africa,357,4,167,10
ODI,India,Sri Lanka,Wankhede Stadium,India,Sri Lanka,bowl,India,357,8,55,10
ODI,Netherlands,Afghanistan,Bharat Ratna Shri Atal Bihari Vajpayee Ekana Cricket Stadium,India,Netherlands,bat,Afghanistan,179,10,181,3
ODI,New Zealand,Pakistan,M Chinnaswamy Stadium,India,Pakistan,bowl,Pakistan,401,6,200,1
ODI,Australia,England,Narendra Modi Stadium,India,England,bowl,Australia,286,10,253,10
ODI,India,South Africa,Eden Gardens,India,India,bat,India,326,5,83,10
ODI,Sri Lanka,Bangladesh,Arun Jaitley Stadium,India,Bangladesh,bowl,Bangladesh,279,10,282,7
ODI,Afghanistan,Australia,Wankhede Stadium,India,Afghanistan,bat,Australia,291,5,293,7
ODI,England,Netherlands,Maharashtra Cricket Association Stadium,India,England,bat,England,339,9,179,10
ODI,Sri Lanka,New Zealand,M Chinnaswamy Stadium,India,New Zealand,bowl,New Zealand,171,10,172,5
ODI,Afghanistan,South Africa,Narendra Modi Stadium,India,Afghanistan,bat,South Africa,244,10,247,5
ODI,Bangladesh,Australia,Maharashtra Cricket Association Stadium,India,Australia,bowl,Australia,306,8,307,2
ODI,England,Pakistan,Eden Gardens,India,England,bat,England,337,9,244,10
ODI,India,Netherlands,M Chinnaswamy Stadium,India,India,bat,India,410,4,250,10
ODI,India,New Zealand,Wankhede Stadium,India,India,bat,India,397,4,327,10
ODI,South Africa,Australia,Eden Gardens,India,South Africa,bat,Australia,212,10,215,7
ODI,India,Australia,Narendra Modi Stadium,India,Australia,bowl,Australia,240,10,241,4
ODI,England,West Indies,Sir Vivian Richards Stadium,West Indies,England,bat,West Indies,325,10,326,6
ODI,West Indies,England,Sir Vivian Richards Stadium,West Indies,England,bowl,England,202,10,206,4
ODI,England,West Indies,Kensington Oval,West Indies,West Indies,bowl,West Indies,206,9,191,6
ODI,Zimbabwe,Ireland,Harare Sports Club,Zimbabwe,Ireland,bowl,0,121,6,0,0
ODI,Zimbabwe,Ireland,Harare Sports Club,Zimbabwe,Zimbabwe,bat,Ireland,166,10,170,6
ODI,New Zealand,Bangladesh,University Oval,New Zealand,Bangladesh,bowl,New Zealand,239,7,200,9
ODI,Zimbabwe,Ireland,Harare Sports Club,Zimbabwe,Ireland,bowl,Ireland,197,10,204,3
ODI,South Africa,India,The Wanderers Stadium,South Africa,South Africa,bat,India,116,10,117,2
ODI,India,South Africa,St George's Park,South Africa,South Africa,bowl,South Africa,211,10,215,2
ODI,Bangladesh,New Zealand,Saxton Oval,New Zealand,New Zealand,bowl,New Zealand,291,10,296,3
ODI,India,South Africa,Boland Park,South Africa,South Africa,bowl,India,296,8,218,10
ODI,New Zealand,Bangladesh,McLean Park,New Zealand,Bangladesh,bowl,Bangladesh,98,10,99,1
ODI,Sri Lanka,Zimbabwe,R Premadasa Stadium,Sri Lanka,Sri Lanka,bat,0,273,9,12,2
ODI,Zimbabwe,Sri Lanka,R Premadasa Stadium,Sri Lanka,Zimbabwe,bat,Sri Lanka,208,10,211,8
ODI,Zimbabwe,Sri Lanka,R Premadasa Stadium,Sri Lanka,Zimbabwe,bat,Sri Lanka,96,10,97,2
ODI,West Indies,Australia,Melbourne Cricket Ground,Australia,Australia,bowl,Australia,231,10,232,2
ODI,Australia,West Indies,Sydney Cricket Ground,Australia,West Indies,bowl,Australia,258,9,175,10
ODI,West Indies,Australia,Manuka Oval,Australia,Australia,bowl,Australia,86,10,87,2
ODI,Nepal,Canada,Tribhuvan University International Cricket Ground,Nepal,Nepal,bat,Nepal,224,10,217,10
ODI,Sri Lanka,Afghanistan,Pallekele International Cricket Stadium,Sri Lanka,Afghanistan,bowl,Sri Lanka,381,3,339,6
ODI,Canada,Nepal,Tribhuvan University International Cricket Ground,Nepal,Canada,bat,Nepal,285,9,287,6
ODI,Sri Lanka,Afghanistan,Pallekele International Cricket Stadium,Sri Lanka,Sri Lanka,bat,Sri Lanka,308,6,153,10
ODI,Canada,Nepal,Tribhuvan University International Cricket Ground,Nepal,Nepal,bowl,Nepal,232,8,234,1
ODI,Afghanistan,Sri Lanka,Pallekele International Cricket Stadium,Sri Lanka,Afghanistan,bat,Sri Lanka,266,10,267,3
ODI,Nepal,Namibia,Tribhuvan University International Cricket Ground,Nepal,Namibia,bowl,Namibia,132,10,134,6
ODI,Netherlands,Nepal,Tribhuvan University International Cricket Ground,Nepal,Nepal,bowl,Nepal,137,10,141,1
ODI,Namibia,Netherlands,Tribhuvan University International Cricket Ground,Nepal,Netherlands,bowl,Netherlands,123,10,124,3
ODI,Sri Lanka,Bangladesh,Zahur Ahmed Chowdhury Stadium,Bangladesh,Sri Lanka,bat,Bangladesh,255,10,257,4
ODI,Nepal,Namibia,Tribhuvan University International Cricket Ground,Nepal,Namibia,bowl,Namibia,168,10,172,8
ODI,Namibia,Netherlands,Tribhuvan University International Cricket Ground,Nepal,Netherlands,bowl,Namibia,203,10,179,10
ODI,Nepal,Netherlands,Tribhuvan University International Cricket Ground,Nepal,Netherlands,bowl,Netherlands,172,10,173,2
ODI,U.A.E.,Canada,Dubai International Cricket Stadium,United Arab Emirates,Canada,bowl,Canada,194,10,198,7
ODI,Scotland,Canada,Dubai International Cricket Stadium,United Arab Emirates,Canada,bowl,Canada,215,8,220,3
ODI,U.A.E.,Scotland,Dubai International Cricket Stadium,United Arab Emirates,Scotland,bowl,Scotland,132,10,137,2
ODI,Canada,U.A.E.,Dubai International Cricket Stadium,United Arab Emirates,U.A.E.,bowl,Canada,241,6,228,8
ODI,Scotland,Canada,Dubai International Cricket Stadium,United Arab Emirates,Canada,bowl,Canada,197,10,200,5
ODI,Afghanistan,Ireland,Sharjah Cricket Stadium,United Arab Emirates,Ireland,bowl,Afghanistan,310,5,275,8
ODI,Afghanistan,Ireland,Sharjah Cricket Stadium,United Arab Emirates,Ireland,bowl,Afghanistan,236,9,119,10
ODI,Bangladesh,Sri Lanka,Zahur Ahmed Chowdhury Stadium,Bangladesh,Sri Lanka,bowl,Sri Lanka,286,7,287,7
ODI,Sri Lanka,Bangladesh,Zahur Ahmed Chowdhury Stadium,Bangladesh,Sri Lanka,bat,Bangladesh,235,10,237,6
