Match Format,Team1 Name,Team2 Name,Match Venue (Stadium),Match Venue (Country),Toss Winner,Toss Winner Choice,Match Winner,Team1 Runs Scored,Team1 Wickets Fell,Team2 Runs Scored,Team2 Wickets Fell
T20,India,Australia,Melbourne Cricket Ground,Australia,India,bat,Australia,74,10,75,1
T20,England,New Zealand,Jade Stadium,New Zealand,England,bat,England,193,8,143,8
T20,Scotland,Netherlands,Civil Service Cricket Club,Ireland,Netherlands,bowl,Netherlands,107,8,110,5
T20,Kenya,Scotland,Civil Service Cricket Club,Ireland,Kenya,bat,Scotland,106,9,107,1
T20,Zimbabwe,Sri Lanka,Maple Leaf North-West Ground,Canada,Sri Lanka,bowl,Sri Lanka,106,8,107,5
T20,Pakistan,Canada,Maple Leaf North-West Ground,Canada,Pakistan,bat,Pakistan,137,7,102,9
T20,Zimbabwe,Pakistan,Maple Leaf North-West Ground,Canada,Zimbabwe,bat,Pakistan,107,8,110,3
T20,Zimbabwe,Canada,Maple Leaf North-West Ground,Canada,Canada,bowl,Zimbabwe,184,5,75,10
T20,Pakistan,Sri Lanka,Maple Leaf North-West Ground,Canada,Sri Lanka,bowl,Sri Lanka,132,7,133,5
T20,South Africa,Bangladesh,New Wanderers Stadium,South Africa,Bangladesh,bowl,South Africa,118,7,109,8
T20,Australia,New Zealand,Eden Park,New Zealand,Australia,bat,Australia,214,5,170,10
T20,England,Australia,The Rose Bowl,England,England,bat,England,179,8,79,10
T20,South Africa,New Zealand,New Wanderers Stadium,South Africa,New Zealand,bowl,New Zealand,133,10,134,5
T20,Australia,South Africa,Brisbane Cricket Ground,Australia,Australia,bat,Australia,209,3,114,10
T20,West Indies,New Zealand,Eden Park,New Zealand,New Zealand,bowl,0,126,7,126,8
T20,South Africa,Australia,New Wanderers Stadium,South Africa,South Africa,bat,South Africa,201,4,199,7
T20,Sri Lanka,England,The Rose Bowl,England,Sri Lanka,bat,Sri Lanka,163,10,161,5
T20,England,Pakistan,County Ground,England,England,bat,Pakistan,144,7,148,5
T20,Bangladesh,Zimbabwe,Khulna Divisional Stadium,Bangladesh,Zimbabwe,bowl,Bangladesh,166,10,123,9
T20,South Africa,India,New Wanderers Stadium,South Africa,South Africa,bat,India,126,9,127,4
T20,New Zealand,Sri Lanka,Westpac Stadium,New Zealand,New Zealand,bat,Sri Lanka,162,8,62,1
T20,Sri Lanka,New Zealand,Eden Park,New Zealand,New Zealand,bowl,New Zealand,115,10,116,5
T20,Australia,England,Sydney Cricket Ground,Australia,Australia,bat,Australia,221,5,144,9
T20,Pakistan,South Africa,New Wanderers Stadium,South Africa,South Africa,bowl,South Africa,129,8,132,0
T20,West Indies,England,Kennington Oval,England,West Indies,bat,West Indies,208,8,193,7
T20,West Indies,England,Kennington Oval,England,West Indies,bat,England,169,7,173,5
T20,Kenya,Bangladesh,Gymkhana Club Ground,Kenya,Bangladesh,bowl,Bangladesh,138,7,139,5
T20,Pakistan,Bangladesh,Gymkhana Club Ground,Kenya,Bangladesh,bowl,Pakistan,191,7,161,7
T20,Kenya,Pakistan,Gymkhana Club Ground,Kenya,Kenya,bat,Pakistan,92,10,93,2
T20,West Indies,South Africa,New Wanderers Stadium,South Africa,South Africa,bowl,South Africa,205,6,208,2
T20,Kenya,New Zealand,Kingsmead,South Africa,New Zealand,bowl,New Zealand,73,10,74,1
T20,New Zealand,Australia,AMI Stadium,New Zealand,New Zealand,bat,0,214,6,214,4
T20,Pakistan,Scotland,Kingsmead,South Africa,Scotland,bowl,Pakistan,171,9,120,10
T20,Sri Lanka,Pakistan,Lord's,England,Sri Lanka,bat,Sri Lanka,150,7,131,9
T20,Australia,Zimbabwe,Newlands,South Africa,Australia,bat,Zimbabwe,138,9,139,5
T20,West Indies,Bangladesh,New Wanderers Stadium,South Africa,Bangladesh,bowl,Bangladesh,164,8,165,4
T20,England,Zimbabwe,Newlands,South Africa,England,bat,England,188,9,138,7
T20,India,Scotland,Kingsmead,South Africa,Scotland,bowl,0,0,0,0,0
T20,Sri Lanka,Kenya,New Wanderers Stadium,South Africa,Kenya,bowl,Sri Lanka,260,6,88,9
T20,England,Australia,Newlands,South Africa,England,bat,Australia,135,10,136,2
T20,India,Pakistan,Kingsmead,South Africa,Pakistan,bowl,0,141,9,141,7
T20,New Zealand,Sri Lanka,New Wanderers Stadium,South Africa,New Zealand,bat,Sri Lanka,164,7,168,3
T20,Bangladesh,South Africa,Newlands,South Africa,South Africa,bowl,South Africa,144,10,146,3
T20,New Zealand,India,New Wanderers Stadium,South Africa,India,bowl,New Zealand,190,10,180,9
T20,Bangladesh,Australia,Newlands,South Africa,Australia,bowl,Australia,123,8,124,1
T20,South Africa,England,Newlands,South Africa,England,bowl,South Africa,154,8,135,7
T20,Pakistan,Sri Lanka,New Wanderers Stadium,South Africa,Sri Lanka,bowl,Pakistan,189,6,156,9
T20,New Zealand,England,Kingsmead,South Africa,England,bowl,New Zealand,164,9,159,8
T20,Australia,Pakistan,New Wanderers Stadium,South Africa,Pakistan,bowl,Pakistan,164,7,165,4
T20,Sri Lanka,Bangladesh,New Wanderers Stadium,South Africa,Bangladesh,bowl,Sri Lanka,147,5,83,10
T20,New Zealand,South Africa,Kingsmead,South Africa,South Africa,bowl,South Africa,153,8,158,4
T20,India,England,Kingsmead,South Africa,India,bat,India,218,4,200,6
T20,Sri Lanka,Australia,Newlands,South Africa,Australia,bowl,Australia,101,10,102,0
T20,Bangladesh,Pakistan,Newlands,South Africa,Pakistan,bowl,Pakistan,140,10,141,6
T20,India,South Africa,Kingsmead,South Africa,India,bat,India,153,5,116,9
T20,New Zealand,Pakistan,Newlands,South Africa,New Zealand,bat,Pakistan,143,8,147,4
T20,India,Australia,Kingsmead,South Africa,India,bat,India,188,5,173,7
T20,India,Pakistan,New Wanderers Stadium,South Africa,India,bat,India,157,5,152,10
T20,Australia,India,Brabourne Stadium,India,Australia,bat,India,166,5,167,3
T20,New Zealand,South Africa,New Wanderers Stadium,South Africa,South Africa,bowl,South Africa,129,7,131,7
T20,Australia,New Zealand,Western Australia Cricket Association Ground,Australia,Australia,bat,Australia,186,6,132,10
T20,South Africa,West Indies,St George's Park,South Africa,West Indies,bowl,West Indies,58,8,60,5
T20,West Indies,South Africa,New Wanderers Stadium,South Africa,South Africa,bowl,South Africa,131,7,134,6
T20,England,New Zealand,Eden Park,New Zealand,New Zealand,bowl,England,184,8,152,10
T20,Pakistan,Bangladesh,National Stadium,Pakistan,Pakistan,bat,Pakistan,203,5,101,10
T20,New Zealand,England,Old Trafford,England,England,bowl,England,123,9,127,1
T20,Australia,West Indies,Kensington Oval,West Indies,West Indies,bowl,West Indies,97,3,102,3
T20,Netherlands,Kenya,Civil Service Cricket Club,Ireland,Kenya,bowl,Netherlands,153,5,134,9
T20,Scotland,Ireland,Civil Service Cricket Club,Ireland,Scotland,bat,Ireland,117,10,118,6
T20,New Zealand,West Indies,Seddon Park,New Zealand,New Zealand,bat,New Zealand,191,9,155,7
T20,Netherlands,Canada,Civil Service Cricket Club,Ireland,Netherlands,bat,Canada,97,10,99,6
T20,Bermuda,Scotland,Civil Service Cricket Club,Ireland,Scotland,bowl,Scotland,99,7,100,2
T20,Canada,Kenya,Civil Service Cricket Club,Ireland,Canada,bat,Kenya,91,10,92,6
T20,Ireland,Bermuda,Civil Service Cricket Club,Ireland,Ireland,bat,Ireland,43,7,41,8
T20,Kenya,Ireland,Civil Service Cricket Club,Ireland,Ireland,bowl,Ireland,67,10,72,6
T20,Bermuda,Canada,Civil Service Cricket Club,Ireland,Canada,bowl,Canada,70,10,71,2
T20,Netherlands,Ireland,Civil Service Cricket Club,Ireland,Ireland,bowl,0,0,0,0,0
T20,Canada,Zimbabwe,Maple Leaf North-West Ground,Canada,Zimbabwe,bowl,0,135,7,135,9
T20,Sri Lanka,Pakistan,Maple Leaf North-West Ground,Canada,Pakistan,bowl,Pakistan,137,9,141,7
T20,Sri Lanka,Canada,Maple Leaf North-West Ground,Canada,Sri Lanka,bat,Sri Lanka,153,7,138,10
T20,New Zealand,West Indies,Eden Park,New Zealand,New Zealand,bat,0,155,7,155,8
T20,Australia,South Africa,Melbourne Cricket Ground,Australia,Australia,bat,Australia,182,9,130,10
T20,South Africa,Australia,Brisbane Cricket Ground,Australia,South Africa,bat,Australia,157,5,161,4
T20,Sri Lanka,India,R Premadasa Stadium,Sri Lanka,Sri Lanka,bat,India,171,4,174,7
T20,Australia,New Zealand,Sydney Cricket Ground,Australia,Australia,bat,Australia,150,7,149,5
T20,India,New Zealand,AMI Stadium,New Zealand,New Zealand,bowl,New Zealand,162,8,166,3
T20,India,New Zealand,Westpac Stadium,New Zealand,New Zealand,bowl,New Zealand,149,6,150,5
T20,England,West Indies,Queen's Park Oval,West Indies,West Indies,bowl,West Indies,121,10,123,4
T20,Australia,South Africa,New Wanderers Stadium,South Africa,South Africa,bowl,South Africa,166,7,168,6
T20,South Africa,Australia,SuperSport Park,South Africa,Australia,bowl,South Africa,156,5,139,8
T20,Australia,Pakistan,Dubai International Cricket Stadium,United Arab Emirates,Pakistan,bowl,Pakistan,108,10,109,3
T20,England,Netherlands,Lord's,England,Netherlands,bowl,Netherlands,162,5,163,6
T20,England,South Africa,Trent Bridge,England,England,bat,South Africa,111,10,114,3
T20,Scotland,New Zealand,Kennington Oval,England,New Zealand,bowl,New Zealand,89,4,90,3
T20,Australia,West Indies,Kennington Oval,England,Australia,bat,West Indies,169,7,172,3
T20,India,Bangladesh,Trent Bridge,England,India,bat,India,180,5,155,8
T20,South Africa,Scotland,Kennington Oval,England,Scotland,bowl,South Africa,211,5,81,10
T20,England,Pakistan,Kennington Oval,England,Pakistan,bowl,England,185,5,137,7
T20,Bangladesh,Ireland,Trent Bridge,England,Ireland,bowl,Ireland,137,8,138,4
T20,Australia,Sri Lanka,Trent Bridge,England,Sri Lanka,bowl,Sri Lanka,159,9,160,4
T20,Pakistan,Netherlands,Lord's,England,Pakistan,bat,Pakistan,175,5,93,10
T20,South Africa,New Zealand,Lord's,England,New Zealand,bowl,South Africa,128,7,127,5
T20,Sri Lanka,West Indies,Trent Bridge,England,West Indies,bowl,Sri Lanka,192,5,177,5
T20,Ireland,India,Trent Bridge,England,India,bowl,India,112,8,113,2
T20,New Zealand,Ireland,Trent Bridge,England,Ireland,bowl,New Zealand,198,5,115,10
T20,India,West Indies,Lord's,England,India,bat,West Indies,153,7,156,3
T20,South Africa,West Indies,Kennington Oval,England,West Indies,bowl,South Africa,183,7,163,9
T20,New Zealand,Pakistan,Kennington Oval,England,New Zealand,bat,Pakistan,99,10,100,4
T20,Sri Lanka,Ireland,Lord's,England,Sri Lanka,bat,Sri Lanka,144,9,135,7
T20,England,India,Lord's,England,India,bowl,England,153,7,150,5
T20,Pakistan,Ireland,Kennington Oval,England,Pakistan,bat,Pakistan,159,5,120,9
T20,England,West Indies,Kennington Oval,England,England,bat,West Indies,161,6,82,5
T20,Sri Lanka,New Zealand,Trent Bridge,England,Sri Lanka,bat,Sri Lanka,158,5,110,10
T20,South Africa,India,Trent Bridge,England,South Africa,bat,South Africa,130,5,118,8
T20,Pakistan,South Africa,Trent Bridge,England,Pakistan,bat,Pakistan,149,4,142,5
T20,Sri Lanka,West Indies,Kennington Oval,England,West Indies,bowl,Sri Lanka,158,5,101,10
T20,Sri Lanka,Pakistan,Lord's,England,Sri Lanka,bat,Pakistan,138,6,139,2
T20,Ireland,Scotland,Dubai International Cricket Stadium,United Arab Emirates,Ireland,bat,Ireland,136,7,99,10
T20,Bangladesh,West Indies,Warner Park,West Indies,Bangladesh,bat,West Indies,118,9,119,5
T20,Pakistan,Sri Lanka,R Premadasa Stadium,Sri Lanka,Pakistan,bat,Pakistan,172,5,120,10
T20,Australia,England,Old Trafford,England,England,bowl,0,145,4,4,2
T20,New Zealand,Sri Lanka,R Premadasa Stadium,Sri Lanka,New Zealand,bat,New Zealand,141,8,138,9
T20,New Zealand,Sri Lanka,R Premadasa Stadium,Sri Lanka,New Zealand,bat,New Zealand,170,4,148,8
T20,Pakistan,New Zealand,Dubai International Cricket Stadium,United Arab Emirates,New Zealand,bowl,Pakistan,161,8,112,9
T20,Pakistan,New Zealand,Dubai International Cricket Stadium,United Arab Emirates,Pakistan,bat,Pakistan,153,5,146,5
T20,England,South Africa,New Wanderers Stadium,South Africa,South Africa,bowl,England,202,6,127,3
T20,South Africa,England,SuperSport Park,South Africa,South Africa,bat,South Africa,241,6,157,8
T20,Sri Lanka,India,Vidarbha Cricket Association Stadium,India,India,bowl,Sri Lanka,215,5,186,9
T20,Sri Lanka,India,Punjab Cricket Association Stadium,India,Sri Lanka,bat,India,206,7,211,4
T20,Kenya,Netherlands,Sheikh Zayed Stadium,United Arab Emirates,Netherlands,bowl,Netherlands,130,10,133,3
T20,Afghanistan,Ireland,P Sara Oval,Sri Lanka,Afghanistan,bat,Ireland,121,9,124,5
T20,Scotland,Kenya,Gymkhana Club Ground,Kenya,Kenya,bowl,Kenya,109,9,110,0
T20,Canada,Ireland,Sinhalese Sports Club Ground,Sri Lanka,Ireland,bowl,Canada,176,3,172,8
T20,Bangladesh,New Zealand,Seddon Park,New Zealand,Bangladesh,bat,New Zealand,78,10,79,0
T20,Canada,Afghanistan,Sinhalese Sports Club Ground,Sri Lanka,Canada,bat,Afghanistan,140,6,143,5
T20,Scotland,Kenya,Gymkhana Club Ground,Kenya,Kenya,bowl,Kenya,123,10,126,0
T20,Australia,Pakistan,Melbourne Cricket Ground,Australia,Australia,bat,Australia,127,10,125,9
T20,Afghanistan,Ireland,Dubai International Cricket Stadium,United Arab Emirates,Ireland,bowl,Afghanistan,139,8,126,10
T20,Canada,Netherlands,Dubai International Cricket Stadium,United Arab Emirates,Canada,bat,Netherlands,142,7,146,4
T20,Afghanistan,Scotland,Sheikh Zayed Stadium,United Arab Emirates,Scotland,bowl,Afghanistan,131,7,117,9
T20,Canada,Kenya,Dubai International Cricket Stadium,United Arab Emirates,Kenya,bowl,Kenya,138,9,141,1
T20,Afghanistan,Netherlands,Dubai International Cricket Stadium,United Arab Emirates,Netherlands,bowl,Netherlands,128,9,132,6
T20,Ireland,Netherlands,Dubai International Cricket Stadium,United Arab Emirates,Ireland,bat,Ireland,151,6,86,10
T20,Ireland,Afghanistan,Dubai International Cricket Stadium,United Arab Emirates,Ireland,bat,Afghanistan,142,8,147,2
T20,Pakistan,England,Dubai International Cricket Stadium,United Arab Emirates,Pakistan,bat,England,129,8,130,3
T20,England,Pakistan,Dubai International Cricket Stadium,United Arab Emirates,Pakistan,bowl,Pakistan,148,6,149,6
T20,Australia,West Indies,Bellerive Oval,Australia,Australia,bat,Australia,179,8,141,8
T20,West Indies,Australia,Sydney Cricket Ground,Australia,West Indies,bat,Australia,138,7,142,2
T20,New Zealand,Australia,Westpac Stadium,New Zealand,New Zealand,bat,Australia,118,10,119,4
T20,Zimbabwe,West Indies,Queen's Park Oval,West Indies,Zimbabwe,bat,Zimbabwe,105,10,79,7
T20,Sri Lanka,New Zealand,Providence Stadium,West Indies,Sri Lanka,bat,New Zealand,135,6,139,8
T20,West Indies,Ireland,Providence Stadium,West Indies,West Indies,bat,West Indies,138,9,68,10
T20,Afghanistan,India,Beausejour Stadium,West Indies,India,bowl,India,115,8,116,3
T20,Pakistan,Bangladesh,Beausejour Stadium,West Indies,Pakistan,bat,Pakistan,172,3,151,7
T20,India,South Africa,Beausejour Stadium,West Indies,South Africa,bowl,India,186,5,172,5
T20,Australia,Pakistan,Beausejour Stadium,West Indies,Australia,bat,Australia,191,10,157,10
T20,Sri Lanka,Zimbabwe,Providence Stadium,West Indies,Sri Lanka,bat,Sri Lanka,173,7,29,1
T20,England,West Indies,Providence Stadium,West Indies,West Indies,bowl,West Indies,191,5,60,2
T20,Zimbabwe,New Zealand,Providence Stadium,West Indies,New Zealand,bowl,New Zealand,84,10,36,1
T20,England,Ireland,Providence Stadium,West Indies,Ireland,bowl,0,120,8,14,1
T20,Australia,Bangladesh,Kensington Oval,West Indies,Australia,bat,Australia,141,7,114,10
T20,South Africa,Afghanistan,Kensington Oval,West Indies,Afghanistan,bowl,South Africa,139,7,80,10
T20,Pakistan,England,Kensington Oval,West Indies,England,bowl,England,147,9,151,4
T20,South Africa,New Zealand,Kensington Oval,West Indies,South Africa,bat,South Africa,170,4,157,7
T20,Australia,India,Kensington Oval,West Indies,India,bowl,Australia,184,5,135,10
T20,Sri Lanka,West Indies,Kensington Oval,West Indies,Sri Lanka,bat,Sri Lanka,195,3,138,8
T20,New Zealand,Pakistan,Kensington Oval,West Indies,Pakistan,bowl,New Zealand,133,7,132,7
T20,England,South Africa,Kensington Oval,West Indies,England,bat,England,168,7,129,10
T20,West Indies,India,Kensington Oval,West Indies,India,bowl,West Indies,169,6,155,9
T20,Australia,Sri Lanka,Kensington Oval,West Indies,Australia,bat,Australia,168,5,87,10
T20,Pakistan,South Africa,Beausejour Stadium,West Indies,Pakistan,bat,Pakistan,148,7,137,7
T20,New Zealand,England,Beausejour Stadium,West Indies,New Zealand,bat,England,149,6,153,7
T20,India,Sri Lanka,Beausejour Stadium,West Indies,India,bat,Sri Lanka,163,5,167,5
T20,West Indies,Australia,Beausejour Stadium,West Indies,West Indies,bat,Australia,105,10,109,4
T20,Sri Lanka,England,Beausejour Stadium,West Indies,Sri Lanka,bat,England,128,6,132,3
T20,Pakistan,Australia,Beausejour Stadium,West Indies,Australia,bowl,Australia,191,6,197,7
T20,Australia,England,Kensington Oval,West Indies,England,bowl,England,147,6,148,3
T20,South Africa,West Indies,Sir Vivian Richards Stadium,West Indies,West Indies,bowl,South Africa,136,7,123,10
T20,South Africa,West Indies,Sir Vivian Richards Stadium,West Indies,West Indies,bowl,South Africa,120,7,119,7
T20,New Zealand,Sri Lanka,Central Broward Regional Park Stadium Turf Ground,United States of America,New Zealand,bat,New Zealand,120,7,92,10
T20,New Zealand,Sri Lanka,Central Broward Regional Park Stadium Turf Ground,United States of America,New Zealand,bat,Sri Lanka,81,10,82,3
T20,Zimbabwe,India,Harare Sports Club,Zimbabwe,India,bowl,India,111,9,112,4
T20,Zimbabwe,India,Harare Sports Club,Zimbabwe,India,bowl,India,140,5,144,3
T20,Pakistan,Australia,Edgbaston,England,Pakistan,bat,Pakistan,167,8,144,10
T20,Pakistan,Australia,Edgbaston,England,Pakistan,bat,Pakistan,162,9,151,10
T20,Pakistan,England,Sophia Gardens,England,England,bowl,England,126,4,129,5
T20,Pakistan,England,Sophia Gardens,England,Pakistan,bat,England,89,10,90,4
T20,Zimbabwe,South Africa,OUTsurance Oval,South Africa,Zimbabwe,bat,South Africa,168,4,169,3
T20,South Africa,Zimbabwe,De Beers Diamond Oval,South Africa,South Africa,bat,South Africa,194,6,186,7
T20,Pakistan,South Africa,Sheikh Zayed Stadium,United Arab Emirates,Pakistan,bat,South Africa,119,10,120,4
T20,Pakistan,South Africa,Sheikh Zayed Stadium,United Arab Emirates,Pakistan,bat,South Africa,120,9,125,4
T20,Australia,Sri Lanka,Western Australia Cricket Association Ground,Australia,Australia,bat,Sri Lanka,133,8,135,3
T20,Pakistan,New Zealand,Eden Park,New Zealand,New Zealand,bowl,New Zealand,143,9,146,5
T20,New Zealand,Pakistan,Seddon Park,New Zealand,Pakistan,bowl,New Zealand,185,7,146,9
T20,Pakistan,New Zealand,AMI Stadium,New Zealand,Pakistan,bat,Pakistan,183,6,80,10
T20,India,South Africa,Moses Mabhida Stadium,South Africa,India,bat,India,168,6,147,9
T20,Australia,England,Adelaide Oval,Australia,Australia,bat,England,157,4,158,9
T20,Australia,England,Melbourne Cricket Ground,Australia,Australia,bat,Australia,147,7,143,6
T20,West Indies,Pakistan,Beausejour Stadium,West Indies,West Indies,bat,West Indies,150,7,143,9
T20,India,West Indies,Queen's Park Oval,West Indies,West Indies,bowl,India,159,6,143,5
T20,England,Sri Lanka,County Ground,England,Sri Lanka,bowl,Sri Lanka,136,9,137,1
T20,Sri Lanka,Australia,Pallekele International Cricket Stadium,Sri Lanka,Australia,bowl,Sri Lanka,198,3,163,8
T20,Sri Lanka,Australia,Pallekele International Cricket Stadium,Sri Lanka,Sri Lanka,bat,Sri Lanka,157,9,149,9
T20,India,England,Old Trafford,England,India,bat,England,165,10,169,4
T20,Pakistan,Zimbabwe,Harare Sports Club,Zimbabwe,Zimbabwe,bowl,Pakistan,198,4,113,10
T20,Pakistan,Zimbabwe,Harare Sports Club,Zimbabwe,Pakistan,bat,Pakistan,141,7,136,7
T20,West Indies,England,Kennington Oval,England,England,bowl,England,125,10,128,0
T20,West Indies,England,Kennington Oval,England,England,bowl,West Indies,113,5,88,10
T20,Sri Lanka,Australia,Melbourne Cricket Ground,Australia,Australia,bowl,Sri Lanka,161,4,119,3
T20,West Indies,Bangladesh,Shere Bangla National Stadium,Bangladesh,Bangladesh,bowl,Bangladesh,132,8,135,7
T20,South Africa,Australia,Newlands,South Africa,South Africa,bat,Australia,146,7,147,5
T20,Zimbabwe,New Zealand,Harare Sports Club,Zimbabwe,New Zealand,bowl,New Zealand,123,8,127,0
T20,Australia,South Africa,New Wanderers Stadium,South Africa,Australia,bat,South Africa,147,8,148,7
T20,New Zealand,Zimbabwe,Harare Sports Club,Zimbabwe,Zimbabwe,bowl,New Zealand,187,3,154,10
T20,India,England,Eden Gardens,India,India,bat,England,120,9,121,4
T20,Sri Lanka,Pakistan,Sheikh Zayed Stadium,United Arab Emirates,Sri Lanka,bat,Pakistan,141,10,142,5
T20,Pakistan,Bangladesh,Shere Bangla National Stadium,Bangladesh,Pakistan,bat,Pakistan,135,7,85,9
T20,Australia,India,Stadium Australia,Australia,India,bowl,Australia,171,4,140,6
T20,Australia,India,Melbourne Cricket Ground,Australia,Australia,bat,India,131,10,135,2
T20,Zimbabwe,New Zealand,Eden Park,New Zealand,Zimbabwe,bat,New Zealand,159,8,160,3
T20,Zimbabwe,New Zealand,Seddon Park,New Zealand,Zimbabwe,bat,New Zealand,200,2,202,5
T20,South Africa,New Zealand,Westpac Stadium,New Zealand,New Zealand,bowl,New Zealand,147,6,148,4
T20,India,Sri Lanka,Pallekele International Cricket Stadium,Sri Lanka,Sri Lanka,bowl,India,155,3,116,10
T20,New Zealand,South Africa,Seddon Park,New Zealand,South Africa,bowl,South Africa,173,4,174,2
T20,South Africa,New Zealand,Eden Park,New Zealand,New Zealand,bowl,South Africa,165,7,162,7
T20,Kenya,Ireland,Mombasa Sports Club Ground,Kenya,Ireland,bowl,Ireland,107,10,109,4
T20,Kenya,Ireland,Mombasa Sports Club Ground,Kenya,Kenya,bat,Ireland,131,7,132,2
T20,Pakistan,England,Dubai International Cricket Stadium,United Arab Emirates,England,bowl,Pakistan,144,6,136,6
T20,Ireland,Kenya,Mombasa Sports Club Ground,Kenya,Ireland,bat,Ireland,107,9,105,7
T20,England,Pakistan,Dubai International Cricket Stadium,United Arab Emirates,England,bat,England,150,7,112,10
T20,England,Pakistan,Sheikh Zayed Stadium,United Arab Emirates,England,bat,England,129,6,124,6
T20,England,New Zealand,Eden Park,New Zealand,New Zealand,bowl,England,214,7,174,9
T20,Netherlands,Canada,Dubai International Cricket Stadium,United Arab Emirates,Netherlands,bat,Netherlands,135,6,93,10
T20,Scotland,Kenya,ICC Global Cricket Academy,United Arab Emirates,Scotland,bat,Scotland,178,7,164,10
T20,Kenya,Ireland,Dubai International Cricket Stadium,United Arab Emirates,Kenya,bat,Ireland,71,10,72,0
T20,Netherlands,Afghanistan,Dubai International Cricket Stadium,United Arab Emirates,Netherlands,bat,Afghanistan,149,6,150,6
T20,Afghanistan,Canada,ICC Global Cricket Academy,United Arab Emirates,Afghanistan,bat,Afghanistan,174,8,133,9
T20,Ireland,Scotland,Dubai International Cricket Stadium,United Arab Emirates,Ireland,bat,Ireland,159,5,142,7
T20,Canada,Ireland,Dubai International Cricket Stadium,United Arab Emirates,Canada,bat,Ireland,106,8,109,0
T20,Scotland,Netherlands,ICC Global Cricket Academy,United Arab Emirates,Scotland,bat,Netherlands,166,6,169,7
T20,Netherlands,Ireland,Dubai International Cricket Stadium,United Arab Emirates,Ireland,bowl,Ireland,114,7,115,3
T20,Canada,Scotland,Dubai International Cricket Stadium,United Arab Emirates,Canada,bat,Scotland,135,8,136,6
T20,Afghanistan,Ireland,Dubai International Cricket Stadium,United Arab Emirates,Afghanistan,bat,Ireland,152,7,156,5
T20,West Indies,Australia,Beausejour Stadium,West Indies,West Indies,bat,Australia,150,7,153,2
T20,South Africa,India,New Wanderers Stadium,South Africa,India,bowl,South Africa,219,4,71,0
T20,West Indies,Australia,Kensington Oval,West Indies,West Indies,bat,West Indies,160,10,146,9
T20,Sri Lanka,Pakistan,Mahinda Rajapaksa International Cricket Stadium,Sri Lanka,Sri Lanka,bat,Sri Lanka,132,7,95,10
T20,Pakistan,Sri Lanka,Mahinda Rajapaksa International Cricket Stadium,Sri Lanka,Pakistan,bat,Pakistan,122,6,99,10
T20,West Indies,England,Trent Bridge,England,West Indies,bat,England,172,4,173,3
T20,West Indies,New Zealand,Central Broward Regional Park Stadium Turf Ground,United States of America,New Zealand,bowl,West Indies,209,2,153,8
T20,West Indies,New Zealand,Central Broward Regional Park Stadium Turf Ground,United States of America,West Indies,bat,West Indies,177,5,116,10
T20,Bangladesh,Ireland,Civil Service Cricket Club,Ireland,Ireland,bowl,Bangladesh,190,5,119,8
T20,Bangladesh,Ireland,Civil Service Cricket Club,Ireland,Bangladesh,bat,Bangladesh,146,6,145,6
T20,Ireland,Bangladesh,Civil Service Cricket Club,Ireland,Ireland,bat,Bangladesh,140,8,141,8
T20,Scotland,Bangladesh,Sportpark Westvliet,Netherlands,Scotland,bat,Scotland,162,7,128,10
T20,Netherlands,Bangladesh,Sportpark Westvliet,Netherlands,Netherlands,bat,Bangladesh,144,7,145,2
T20,Bangladesh,Netherlands,Sportpark Westvliet,Netherlands,Bangladesh,bat,Netherlands,128,10,131,9
T20,Australia,Pakistan,Dubai International Cricket Stadium,United Arab Emirates,Pakistan,bowl,Pakistan,89,10,90,3
T20,Pakistan,Australia,Dubai International Cricket Stadium,United Arab Emirates,Pakistan,bat,0,151,4,151,8
T20,England,South Africa,Riverside Ground,England,South Africa,bowl,South Africa,118,7,119,3
T20,Australia,Pakistan,Dubai International Cricket Stadium,United Arab Emirates,Pakistan,bowl,Australia,168,7,74,10
T20,South Africa,England,Old Trafford,England,England,bowl,0,77,5,29,2
T20,New Zealand,India,MA Chidambaram Stadium,India,India,bowl,New Zealand,167,5,166,4
T20,England,South Africa,Edgbaston,England,South Africa,bowl,England,118,5,90,5
T20,Sri Lanka,Zimbabwe,Mahinda Rajapaksa International Cricket Stadium,Sri Lanka,Zimbabwe,bowl,Sri Lanka,182,4,100,10
T20,Ireland,Australia,R Premadasa Stadium,Sri Lanka,Ireland,bat,Australia,123,7,125,3
T20,India,Afghanistan,R Premadasa Stadium,Sri Lanka,Afghanistan,bowl,India,159,5,136,10
T20,Zimbabwe,South Africa,Mahinda Rajapaksa International Cricket Stadium,Sri Lanka,South Africa,bowl,South Africa,93,8,94,0
T20,New Zealand,Bangladesh,Pallekele International Cricket Stadium,Sri Lanka,Bangladesh,bowl,New Zealand,191,3,132,8
T20,England,Afghanistan,R Premadasa Stadium,Sri Lanka,Afghanistan,bowl,England,196,5,80,10
T20,South Africa,Sri Lanka,Mahinda Rajapaksa International Cricket Stadium,Sri Lanka,Sri Lanka,bowl,South Africa,78,4,46,5
T20,West Indies,Australia,R Premadasa Stadium,Sri Lanka,West Indies,bat,Australia,191,8,100,1
T20,Pakistan,New Zealand,Pallekele International Cricket Stadium,Sri Lanka,Pakistan,bat,Pakistan,177,6,164,9
T20,India,England,R Premadasa Stadium,Sri Lanka,England,bowl,India,170,4,80,10
T20,Ireland,West Indies,R Premadasa Stadium,Sri Lanka,West Indies,bowl,0,129,6,0,0
T20,Bangladesh,Pakistan,Pallekele International Cricket Stadium,Sri Lanka,Bangladesh,bat,Pakistan,175,6,178,2
T20,New Zealand,Sri Lanka,Pallekele International Cricket Stadium,Sri Lanka,New Zealand,bat,0,174,7,174,6
T20,West Indies,England,Pallekele International Cricket Stadium,Sri Lanka,West Indies,bat,West Indies,179,5,164,4
T20,South Africa,Pakistan,R Premadasa Stadium,Sri Lanka,South Africa,bat,Pakistan,133,6,136,8
T20,India,Australia,R Premadasa Stadium,Sri Lanka,India,bat,Australia,140,7,141,1
T20,New Zealand,England,Pallekele International Cricket Stadium,Sri Lanka,New Zealand,bat,England,148,6,149,4
T20,West Indies,Sri Lanka,Pallekele International Cricket Stadium,Sri Lanka,West Indies,bat,Sri Lanka,129,5,130,1
T20,South Africa,Australia,R Premadasa Stadium,Sri Lanka,Australia,bowl,Australia,146,5,147,2
T20,Pakistan,India,R Premadasa Stadium,Sri Lanka,Pakistan,bat,India,128,10,129,2
T20,West Indies,New Zealand,Pallekele International Cricket Stadium,Sri Lanka,New Zealand,bowl,0,139,10,139,7
T20,Sri Lanka,England,Pallekele International Cricket Stadium,Sri Lanka,England,bowl,Sri Lanka,169,6,150,9
T20,Pakistan,Australia,R Premadasa Stadium,Sri Lanka,Australia,bowl,Pakistan,149,6,117,7
T20,India,South Africa,R Premadasa Stadium,Sri Lanka,South Africa,bowl,India,152,6,151,10
T20,Sri Lanka,Pakistan,R Premadasa Stadium,Sri Lanka,Sri Lanka,bat,Sri Lanka,139,4,123,7
T20,West Indies,Australia,R Premadasa Stadium,Sri Lanka,West Indies,bat,West Indies,205,4,131,10
T20,West Indies,Sri Lanka,R Premadasa Stadium,Sri Lanka,West Indies,bat,West Indies,137,6,101,10
T20,New Zealand,Sri Lanka,Pallekele International Cricket Stadium,Sri Lanka,Sri Lanka,bowl,0,74,7,6,0
T20,West Indies,Bangladesh,Shere Bangla National Stadium,Bangladesh,West Indies,bat,West Indies,197,4,179,1
T20,England,India,Subrata Roy Sahara Stadium,India,India,bowl,India,157,6,158,5
T20,New Zealand,South Africa,Kingsmead,South Africa,New Zealand,bat,South Africa,86,10,87,2
T20,India,England,Wankhede Stadium,India,England,bowl,England,177,8,181,4
T20,South Africa,New Zealand,Buffalo Park,South Africa,New Zealand,bowl,New Zealand,165,5,169,2
T20,India,Pakistan,M Chinnaswamy Stadium,India,Pakistan,bowl,Pakistan,133,9,134,5
T20,South Africa,New Zealand,St George's Park,South Africa,South Africa,bat,South Africa,179,6,146,9
T20,India,Pakistan,Sardar Patel Stadium,India,Pakistan,bowl,India,192,5,181,7
T20,Australia,Sri Lanka,Stadium Australia,Australia,Australia,bat,Sri Lanka,137,3,139,5
T20,New Zealand,England,Seddon Park,New Zealand,England,bowl,New Zealand,192,6,137,10
T20,West Indies,Australia,Brisbane Cricket Ground,Australia,West Indies,bat,West Indies,191,6,164,8
T20,New Zealand,England,Westpac Stadium,New Zealand,England,bowl,England,139,8,143,0
T20,Zimbabwe,West Indies,Sir Vivian Richards Stadium,West Indies,Zimbabwe,bat,West Indies,130,8,131,2
T20,Pakistan,South Africa,SuperSport Park,South Africa,Pakistan,bat,Pakistan,195,7,100,10
T20,Afghanistan,Scotland,Sharjah Cricket Stadium,United Arab Emirates,Afghanistan,bat,Afghanistan,132,7,105,6
T20,West Indies,Zimbabwe,Sir Vivian Richards Stadium,West Indies,West Indies,bat,West Indies,158,7,117,6
T20,Scotland,Afghanistan,Sharjah Cricket Stadium,United Arab Emirates,Scotland,bat,Afghanistan,139,7,140,3
T20,Kenya,Canada,ICC Global Cricket Academy,United Arab Emirates,Kenya,bat,Canada,126,9,128,5
T20,Kenya,Canada,ICC Global Cricket Academy,United Arab Emirates,Kenya,bat,Kenya,139,7,118,10
T20,Sri Lanka,Bangladesh,Pallekele International Cricket Stadium,Sri Lanka,Bangladesh,bowl,Sri Lanka,198,5,181,7
T20,Netherlands,Kenya,Wanderers Cricket Ground,Namibia,Netherlands,bat,Kenya,172,5,176,5
T20,Netherlands,Kenya,Wanderers Cricket Ground,Namibia,Kenya,bowl,Kenya,113,10,114,3
T20,Zimbabwe,Bangladesh,Queens Sports Club,Zimbabwe,Zimbabwe,bat,Zimbabwe,168,5,162,8
T20,Bangladesh,Zimbabwe,Queens Sports Club,Zimbabwe,Bangladesh,bat,Bangladesh,168,7,134,9
T20,New Zealand,England,Kennington Oval,England,England,bowl,New Zealand,201,4,196,5
T20,England,New Zealand,Kennington Oval,England,New Zealand,bowl,0,2,1,0,0
T20,Scotland,Kenya,Mannofield Park,Scotland,Scotland,bat,Scotland,113,6,78,10
T20,Kenya,Scotland,Mannofield Park,Scotland,Kenya,bat,Scotland,100,8,106,3
T20,West Indies,Pakistan,Arnos Vale Ground,West Indies,West Indies,bat,Pakistan,152,7,158,8
T20,Pakistan,West Indies,Arnos Vale Ground,West Indies,Pakistan,bat,Pakistan,135,7,124,9
T20,South Africa,Sri Lanka,R Premadasa Stadium,Sri Lanka,South Africa,bat,South Africa,115,6,103,9
T20,India,England,Vidarbha Cricket Association Stadium,India,England,bowl,India,144,8,139,6
T20,South Africa,Sri Lanka,Mahinda Rajapaksa International Cricket Stadium,Sri Lanka,South Africa,bat,South Africa,145,6,123,7
T20,South Africa,Sri Lanka,Mahinda Rajapaksa International Cricket Stadium,Sri Lanka,South Africa,bat,Sri Lanka,163,3,164,4
T20,Pakistan,Zimbabwe,Harare Sports Club,Zimbabwe,Zimbabwe,bowl,Pakistan,161,5,136,5
T20,Pakistan,Zimbabwe,Harare Sports Club,Zimbabwe,Zimbabwe,bowl,Pakistan,179,1,160,6
T20,Australia,England,The Rose Bowl,England,England,bowl,Australia,248,6,209,6
T20,England,Australia,Riverside Ground,England,Australia,bowl,England,195,5,168,9
T20,Afghanistan,Kenya,Sharjah Cricket Stadium,United Arab Emirates,Afghanistan,bat,Afghanistan,162,6,56,10
T20,Australia,India,Saurashtra Cricket Association Stadium,India,India,bowl,India,201,7,202,4
T20,Kenya,Afghanistan,Sharjah Cricket Stadium,United Arab Emirates,Kenya,bat,Kenya,149,4,115,8
T20,New Zealand,Bangladesh,Shere Bangla National Stadium,Bangladesh,New Zealand,bat,New Zealand,204,5,189,9
T20,Pakistan,South Africa,Dubai International Cricket Stadium,United Arab Emirates,Pakistan,bat,South Africa,98,9,99,1
T20,Afghanistan,Netherlands,Sharjah Cricket Stadium,United Arab Emirates,Afghanistan,bat,Netherlands,90,10,92,3
T20,South Africa,Pakistan,Dubai International Cricket Stadium,United Arab Emirates,South Africa,bat,South Africa,150,5,144,9
T20,Afghanistan,Scotland,Sharjah Cricket Stadium,United Arab Emirates,Afghanistan,bat,Afghanistan,171,6,154,6
T20,Ireland,Canada,Sheikh Zayed Stadium,United Arab Emirates,Canada,bowl,Ireland,168,5,166,3
T20,Kenya,Scotland,ICC Academy,United Arab Emirates,Kenya,bat,Kenya,183,7,91,10
T20,South Africa,Pakistan,New Wanderers Stadium,South Africa,Pakistan,bowl,South Africa,153,7,60,2
T20,New Zealand,Sri Lanka,Pallekele International Cricket Stadium,Sri Lanka,Sri Lanka,bowl,Sri Lanka,142,7,143,2
T20,Scotland,Netherlands,ICC Academy,United Arab Emirates,Netherlands,bowl,Scotland,165,4,150,6
T20,Pakistan,South Africa,Newlands,South Africa,Pakistan,bat,Pakistan,176,4,170,4
T20,Netherlands,Kenya,ICC Academy,United Arab Emirates,Netherlands,bat,Netherlands,130,7,101,9
T20,Afghanistan,Kenya,Sharjah Cricket Stadium,United Arab Emirates,Afghanistan,bat,Afghanistan,148,9,114,10
T20,Kenya,Canada,Sharjah Cricket Stadium,United Arab Emirates,Kenya,bat,Kenya,146,7,125,10
T20,Scotland,Netherlands,Sheikh Zayed Stadium,United Arab Emirates,Scotland,bat,Netherlands,147,6,149,2
T20,Ireland,Afghanistan,Sheikh Zayed Stadium,United Arab Emirates,Ireland,bat,Ireland,225,7,157,10
T20,Mozambique,Malawi,Indian Sports Club,Malawi,Mozambique,bat,0,143,7,0,0
T20,Afghanistan,Pakistan,Sharjah Cricket Stadium,United Arab Emirates,Afghanistan,bat,Pakistan,137,8,138,4
T20,Sri Lanka,Pakistan,Dubai International Cricket Stadium,United Arab Emirates,Pakistan,bowl,Pakistan,145,5,146,7
T20,Sri Lanka,Pakistan,Dubai International Cricket Stadium,United Arab Emirates,Pakistan,bowl,Sri Lanka,211,3,187,10
T20,New Zealand,West Indies,Eden Park,New Zealand,New Zealand,bat,New Zealand,189,5,108,8
T20,West Indies,New Zealand,Westpac Stadium,New Zealand,West Indies,bat,New Zealand,159,5,163,6
T20,Australia,England,Bellerive Oval,Australia,Australia,bat,Australia,213,4,200,9
T20,England,Australia,Melbourne Cricket Ground,Australia,England,bat,Australia,130,9,131,2
T20,Australia,England,Stadium Australia,Australia,Australia,bat,Australia,195,6,111,10
T20,Sri Lanka,Bangladesh,Zahur Ahmed Chowdhury Stadium,Bangladesh,Bangladesh,bowl,Sri Lanka,168,7,166,7
T20,Bangladesh,Sri Lanka,Zahur Ahmed Chowdhury Stadium,Bangladesh,Bangladesh,bat,Sri Lanka,120,10,123,7
T20,West Indies,Ireland,Sabina Park,West Indies,West Indies,bat,Ireland,116,8,117,4
T20,West Indies,Ireland,Sabina Park,West Indies,Ireland,bowl,West Indies,96,9,85,8
T20,West Indies,England,Kensington Oval,West Indies,West Indies,bat,West Indies,170,3,143,9
T20,England,West Indies,Kensington Oval,West Indies,England,bat,West Indies,152,7,155,5
T20,South Africa,Australia,Kingsmead,South Africa,Australia,bowl,Australia,80,1,81,5
T20,England,West Indies,Kensington Oval,West Indies,England,bat,England,165,6,160,7
T20,South Africa,Australia,SuperSport Park,South Africa,Australia,bowl,Australia,128,7,129,4
T20,Afghanistan,Bangladesh,Shere Bangla National Stadium,Bangladesh,Bangladesh,bowl,Bangladesh,72,10,78,1
T20,India,England,M Chinnaswamy Stadium,India,England,bowl,India,202,6,127,10
T20,Nepal,Hong Kong,Zahur Ahmed Chowdhury Stadium,Bangladesh,Hong Kong,bowl,Nepal,149,8,69,10
T20,Zimbabwe,Ireland,Sylhet Stadium,Bangladesh,Ireland,bowl,Ireland,163,5,164,7
T20,U.A.E.,Netherlands,Sylhet Stadium,Bangladesh,U.A.E.,bat,Netherlands,151,10,152,4
T20,Hong Kong,Afghanistan,Zahur Ahmed Chowdhury Stadium,Bangladesh,Hong Kong,bat,Afghanistan,153,8,154,3
T20,Nepal,Bangladesh,Zahur Ahmed Chowdhury Stadium,Bangladesh,Bangladesh,bowl,Bangladesh,126,5,132,2
T20,Netherlands,Zimbabwe,Sylhet Stadium,Bangladesh,Netherlands,bat,Zimbabwe,140,5,146,5
T20,U.A.E.,Ireland,Sylhet Stadium,Bangladesh,Ireland,bowl,Ireland,123,6,103,3
T20,Nepal,Afghanistan,Zahur Ahmed Chowdhury Stadium,Bangladesh,Afghanistan,bowl,Nepal,141,5,132,8
T20,Bangladesh,Hong Kong,Zahur Ahmed Chowdhury Stadium,Bangladesh,Hong Kong,bowl,Hong Kong,108,10,114,8
T20,U.A.E.,Zimbabwe,Sylhet Stadium,Bangladesh,Zimbabwe,bowl,Zimbabwe,116,9,118,5
T20,Ireland,Netherlands,Sylhet Stadium,Bangladesh,Netherlands,bowl,Netherlands,189,4,193,4
T20,Pakistan,India,Shere Bangla National Stadium,Bangladesh,India,bowl,India,130,7,131,3
T20,Sri Lanka,South Africa,Zahur Ahmed Chowdhury Stadium,Bangladesh,Sri Lanka,bat,Sri Lanka,165,7,160,8
T20,England,New Zealand,Zahur Ahmed Chowdhury Stadium,Bangladesh,New Zealand,bowl,New Zealand,172,6,52,1
T20,Pakistan,Australia,Shere Bangla National Stadium,Bangladesh,Australia,bowl,Pakistan,191,5,175,10
T20,West Indies,India,Shere Bangla National Stadium,Bangladesh,India,bowl,India,129,7,130,3
T20,South Africa,New Zealand,Zahur Ahmed Chowdhury Stadium,Bangladesh,New Zealand,bowl,South Africa,170,6,168,8
T20,Netherlands,Sri Lanka,Zahur Ahmed Chowdhury Stadium,Bangladesh,Sri Lanka,bowl,Sri Lanka,39,10,40,1
T20,West Indies,Bangladesh,Shere Bangla National Stadium,Bangladesh,Bangladesh,bowl,West Indies,171,7,98,10
T20,South Africa,Netherlands,Zahur Ahmed Chowdhury Stadium,Bangladesh,Netherlands,bowl,South Africa,145,9,139,10
T20,Sri Lanka,England,Zahur Ahmed Chowdhury Stadium,Bangladesh,England,bowl,England,189,4,190,4
T20,Australia,West Indies,Shere Bangla National Stadium,Bangladesh,Australia,bat,West Indies,178,8,179,4
T20,Bangladesh,India,Shere Bangla National Stadium,Bangladesh,India,bowl,India,138,7,141,2
T20,Netherlands,New Zealand,Zahur Ahmed Chowdhury Stadium,Bangladesh,New Zealand,bowl,New Zealand,151,4,152,4
T20,South Africa,England,Zahur Ahmed Chowdhury Stadium,Bangladesh,England,bowl,South Africa,196,5,193,7
T20,Pakistan,Bangladesh,Shere Bangla National Stadium,Bangladesh,Pakistan,bat,Pakistan,190,5,140,7
T20,India,Australia,Shere Bangla National Stadium,Bangladesh,Australia,bowl,India,159,7,86,10
T20,Netherlands,England,Zahur Ahmed Chowdhury Stadium,Bangladesh,England,bowl,Netherlands,133,5,88,10
T20,Sri Lanka,New Zealand,Zahur Ahmed Chowdhury Stadium,Bangladesh,New Zealand,bowl,Sri Lanka,119,10,60,9
T20,Bangladesh,Australia,Shere Bangla National Stadium,Bangladesh,Bangladesh,bat,Australia,153,5,158,3
T20,West Indies,Pakistan,Shere Bangla National Stadium,Bangladesh,West Indies,bat,West Indies,166,6,82,10
T20,Sri Lanka,West Indies,Shere Bangla National Stadium,Bangladesh,Sri Lanka,bat,Sri Lanka,160,6,80,4
T20,South Africa,India,Shere Bangla National Stadium,Bangladesh,South Africa,bat,India,172,4,176,4
T20,India,Sri Lanka,Shere Bangla National Stadium,Bangladesh,Sri Lanka,bowl,Sri Lanka,130,4,134,4
T20,Sri Lanka,England,Kennington Oval,England,England,bowl,Sri Lanka,183,7,174,7
T20,West Indies,New Zealand,Windsor Park,West Indies,New Zealand,bowl,New Zealand,132,8,117,4
T20,West Indies,New Zealand,Windsor Park,West Indies,New Zealand,bowl,West Indies,165,6,126,10
T20,Bangladesh,West Indies,Warner Park,West Indies,Bangladesh,bat,0,31,0,0,0
T20,England,India,Edgbaston,England,England,bat,England,180,7,177,5
T20,Pakistan,Australia,Dubai International Cricket Stadium,United Arab Emirates,Pakistan,bat,Australia,96,9,97,4
T20,Australia,South Africa,Adelaide Oval,Australia,Australia,bat,South Africa,144,6,145,3
T20,South Africa,Australia,Melbourne Cricket Ground,Australia,South Africa,bat,Australia,101,7,102,3
T20,South Africa,Australia,Stadium Australia,Australia,Australia,bowl,Australia,145,6,146,8
T20,Nepal,Hong Kong,P Sara Oval,Sri Lanka,Hong Kong,bowl,Hong Kong,72,10,73,8
T20,New Zealand,Pakistan,Dubai International Cricket Stadium,United Arab Emirates,Pakistan,bowl,Pakistan,135,7,140,3
T20,New Zealand,Pakistan,Dubai International Cricket Stadium,United Arab Emirates,Pakistan,bowl,New Zealand,144,8,127,10
T20,South Africa,West Indies,Newlands,South Africa,South Africa,bat,West Indies,165,4,168,6
T20,South Africa,West Indies,New Wanderers Stadium,South Africa,West Indies,bowl,West Indies,231,7,236,6
T20,South Africa,West Indies,Kingsmead,South Africa,West Indies,bowl,South Africa,195,3,126,10
T20,Pakistan,Bangladesh,Shere Bangla National Stadium,Bangladesh,Pakistan,bat,Bangladesh,141,5,143,3
T20,Zimbabwe,Pakistan,Gaddafi Stadium,Pakistan,Zimbabwe,bat,Pakistan,172,6,173,5
T20,Zimbabwe,Pakistan,Gaddafi Stadium,Pakistan,Zimbabwe,bat,Pakistan,175,3,176,8
T20,Ireland,Scotland,Bready Cricket Club,Ireland,Ireland,bat,Scotland,146,5,150,4
T20,Ireland,Scotland,Bready Cricket Club,Ireland,Scotland,0,0,0,0,0,0
T20,Ireland,Scotland,Bready Cricket Club,Ireland,Scotland,bowl,Scotland,166,6,167,4
T20,Ireland,Scotland,Bready Cricket Club,Ireland,Ireland,0,0,0,0,0,0
T20,England,New Zealand,Old Trafford,England,England,bat,England,191,7,135,10
T20,Netherlands,Nepal,VRA Ground,Netherlands,Netherlands,bat,Netherlands,134,5,116,7
T20,Netherlands,Nepal,VRA Ground,Netherlands,Nepal,bowl,Netherlands,172,4,69,10
T20,Netherlands,Nepal,Hazelaarweg,Netherlands,Netherlands,bat,Netherlands,149,6,131,9
T20,Netherlands,Nepal,Hazelaarweg,Netherlands,Netherlands,bat,Nepal,139,7,141,7
T20,South Africa,Bangladesh,Shere Bangla National Stadium,Bangladesh,South Africa,bat,South Africa,148,4,96,10
T20,South Africa,Bangladesh,Shere Bangla National Stadium,Bangladesh,South Africa,bat,South Africa,169,4,138,10
T20,U.A.E.,Scotland,Grange Cricket Club Ground,Scotland,Scotland,bowl,Scotland,109,10,110,1
T20,Afghanistan,Netherlands,Grange Cricket Club Ground,Scotland,Netherlands,bowl,Afghanistan,162,7,130,10
T20,U.A.E.,Afghanistan,Grange Cricket Club Ground,Scotland,U.A.E.,bat,Afghanistan,164,6,168,2
T20,Netherlands,Scotland,Grange Cricket Club Ground,Scotland,Netherlands,bat,Netherlands,191,6,159,10
T20,U.A.E.,Netherlands,Grange Cricket Club Ground,Scotland,Netherlands,bowl,Netherlands,119,7,125,3
T20,Afghanistan,Scotland,Grange Cricket Club Ground,Scotland,Afghanistan,bat,Afghanistan,210,5,173,10
T20,Nepal,Ireland,Civil Service Cricket Club,Ireland,Ireland,bowl,Ireland,53,10,54,2
T20,Ireland,P.N.G.,Civil Service Cricket Club,Ireland,Ireland,bat,P.N.G.,123,9,124,8
T20,Nepal,Hong Kong,Civil Service Cricket Club,Ireland,Hong Kong,bowl,Hong Kong,109,10,110,5
T20,Nepal,P.N.G.,The Village,Ireland,P.N.G.,bowl,P.N.G.,93,10,99,2
T20,India,Zimbabwe,Harare Sports Club,Zimbabwe,India,bat,India,178,5,124,7
T20,Hong Kong,Ireland,The Village,Ireland,Ireland,bowl,Hong Kong,129,8,124,8
T20,Zimbabwe,India,Harare Sports Club,Zimbabwe,Zimbabwe,bat,Zimbabwe,145,7,135,9
T20,Afghanistan,Hong Kong,The Village,Ireland,Afghanistan,bat,Hong Kong,161,7,162,5
T20,P.N.G.,Afghanistan,The Village,Ireland,P.N.G.,bat,Afghanistan,127,6,128,4
T20,Hong Kong,Scotland,The Village,Ireland,Scotland,bowl,Scotland,116,10,117,5
T20,Oman,Afghanistan,Clontarf Cricket Club Ground,Ireland,Afghanistan,bowl,Afghanistan,127,9,130,5
T20,Ireland,Netherlands,The Village,Ireland,Netherlands,bowl,Netherlands,128,10,129,5
T20,Pakistan,Sri Lanka,R Premadasa Stadium,Sri Lanka,Pakistan,bat,Pakistan,175,5,146,7
T20,Sri Lanka,Pakistan,R Premadasa Stadium,Sri Lanka,Sri Lanka,bat,Pakistan,172,7,174,9
T20,New Zealand,Zimbabwe,Harare Sports Club,Zimbabwe,Zimbabwe,bowl,New Zealand,198,5,118,8
T20,New Zealand,South Africa,Kingsmead,South Africa,South Africa,bowl,South Africa,151,8,152,4
T20,New Zealand,South Africa,SuperSport Park,South Africa,New Zealand,bat,New Zealand,177,7,145,8
T20,England,Australia,Sophia Gardens,England,Australia,bowl,England,182,5,177,8
T20,Pakistan,Zimbabwe,Harare Sports Club,Zimbabwe,Pakistan,bat,Pakistan,136,8,123,9
T20,Pakistan,Zimbabwe,Harare Sports Club,Zimbabwe,Pakistan,bat,Pakistan,136,6,121,7
T20,India,South Africa,Himachal Pradesh Cricket Association Stadium,India,South Africa,bowl,South Africa,199,5,200,3
T20,India,South Africa,Barabati Stadium,India,South Africa,bowl,South Africa,92,10,96,4
T20,Zimbabwe,Afghanistan,Queens Sports Club,Zimbabwe,Zimbabwe,bat,Afghanistan,153,5,154,4
T20,Zimbabwe,Afghanistan,Queens Sports Club,Zimbabwe,Zimbabwe,bat,Afghanistan,190,7,191,5
T20,Sri Lanka,West Indies,Pallekele International Cricket Stadium,Sri Lanka,West Indies,bowl,Sri Lanka,215,3,185,10
T20,West Indies,Sri Lanka,R Premadasa Stadium,Sri Lanka,West Indies,bat,West Indies,162,6,139,10
T20,India,Australia,Adelaide Oval,Australia,Australia,bowl,India,188,3,151,10
T20,Zimbabwe,Bangladesh,Shere Bangla National Stadium,Bangladesh,Bangladesh,bowl,Bangladesh,131,10,136,6
T20,Bangladesh,Zimbabwe,Shere Bangla National Stadium,Bangladesh,Bangladesh,bat,Zimbabwe,135,9,136,7
T20,Hong Kong,Oman,Sheikh Zayed Stadium,United Arab Emirates,Oman,bowl,Oman,106,9,107,4
T20,Oman,U.A.E.,Sheikh Zayed Stadium,United Arab Emirates,U.A.E.,bowl,U.A.E.,133,8,134,3
T20,Oman,Hong Kong,Sheikh Zayed Stadium,United Arab Emirates,Hong Kong,bowl,Oman,131,6,127,10
T20,Oman,Hong Kong,Sheikh Zayed Stadium,United Arab Emirates,Hong Kong,bowl,Hong Kong,149,4,155,2
T20,England,Pakistan,Dubai International Cricket Stadium,United Arab Emirates,England,bat,England,160,5,146,10
T20,England,Pakistan,Dubai International Cricket Stadium,United Arab Emirates,England,bat,England,172,8,169,8
T20,Afghanistan,Hong Kong,Sheikh Zayed Stadium,United Arab Emirates,Afghanistan,bat,Hong Kong,162,6,166,6
T20,Afghanistan,Oman,Sheikh Zayed Stadium,United Arab Emirates,Oman,bowl,Afghanistan,159,8,132,10
T20,Afghanistan,Oman,Sheikh Zayed Stadium,United Arab Emirates,Oman,bowl,Afghanistan,160,4,148,8
T20,England,Pakistan,Sharjah Cricket Stadium,United Arab Emirates,England,bat,0,154,8,154,7
T20,New Zealand,Sri Lanka,Bay Oval,New Zealand,Sri Lanka,bowl,New Zealand,182,4,179,9
T20,Afghanistan,Zimbabwe,Sharjah Cricket Stadium,United Arab Emirates,Afghanistan,bat,Afghanistan,187,7,182,7
T20,Sri Lanka,New Zealand,Eden Park,New Zealand,New Zealand,bowl,New Zealand,142,8,147,1
T20,Afghanistan,Zimbabwe,Sharjah Cricket Stadium,United Arab Emirates,Zimbabwe,bowl,Afghanistan,215,6,134,10
T20,Pakistan,New Zealand,Eden Park,New Zealand,New Zealand,bowl,Pakistan,171,8,155,10
T20,Zimbabwe,Bangladesh,Sheikh Abu Naser Stadium,Bangladesh,Zimbabwe,bat,Bangladesh,163,7,166,6
T20,Pakistan,New Zealand,Seddon Park,New Zealand,Pakistan,bat,New Zealand,168,7,171,0
T20,Bangladesh,Zimbabwe,Sheikh Abu Naser Stadium,Bangladesh,Bangladesh,bat,Bangladesh,167,3,125,8
T20,Zimbabwe,Bangladesh,Sheikh Abu Naser Stadium,Bangladesh,Zimbabwe,bat,Zimbabwe,187,6,156,6
T20,New Zealand,Pakistan,Westpac Stadium,New Zealand,Pakistan,bowl,New Zealand,196,5,101,10
T20,Zimbabwe,Bangladesh,Sheikh Abu Naser Stadium,Bangladesh,Zimbabwe,bat,Zimbabwe,180,4,162,10
T20,India,Australia,Melbourne Cricket Ground,Australia,Australia,bowl,India,184,3,157,8
T20,Scotland,Hong Kong,Mission Road Ground,Hong Kong,Hong Kong,bowl,Hong Kong,66,7,72,1
T20,Scotland,Hong Kong,Mission Road Ground,Hong Kong,Hong Kong,bowl,Scotland,161,9,124,10
T20,Australia,India,Sydney Cricket Ground,Australia,Australia,bat,India,197,5,200,3
T20,South Africa,New Zealand,Eden Park,New Zealand,New Zealand,bowl,South Africa,185,6,107,10
T20,Netherlands,U.A.E.,ICC Academy,United Arab Emirates,U.A.E.,bowl,Netherlands,157,5,73,10
T20,U.A.E.,Scotland,ICC Academy,United Arab Emirates,U.A.E.,bat,U.A.E.,148,8,139,9
T20,Scotland,Netherlands,ICC Academy,United Arab Emirates,Scotland,bat,Scotland,140,5,103,10
T20,P.N.G.,Ireland,Tony Ireland Stadium,Australia,Ireland,bowl,Ireland,92,9,97,5
T20,Ireland,P.N.G.,Tony Ireland Stadium,Australia,P.N.G.,bowl,Ireland,96,5,89,9
T20,P.N.G.,Ireland,Tony Ireland Stadium,Australia,P.N.G.,bat,P.N.G.,116,8,105,10
T20,India,Sri Lanka,Maharashtra Cricket Association Stadium,India,Sri Lanka,bowl,Sri Lanka,101,10,105,5
T20,India,Sri Lanka,JSCA International Stadium Complex,India,Sri Lanka,bowl,India,196,6,127,9
T20,Ireland,U.A.E.,Sheikh Zayed Stadium,United Arab Emirates,U.A.E.,bowl,Ireland,134,8,100,10
T20,Sri Lanka,India,Dr. Y.S. Rajasekhara Reddy ACA-VDCA Cricket Stadium,India,India,bowl,India,82,10,84,1
T20,U.A.E.,Ireland,Sheikh Zayed Stadium,United Arab Emirates,U.A.E.,bat,U.A.E.,133,7,128,9
T20,U.A.E.,Afghanistan,Khan Shaheb Osman Ali Stadium,Bangladesh,U.A.E.,bat,U.A.E.,176,4,160,10
T20,Oman,Hong Kong,Khan Shaheb Osman Ali Stadium,Bangladesh,Oman,bat,Oman,180,5,175,7
T20,England,South Africa,Newlands,South Africa,South Africa,bowl,South Africa,134,8,135,7
T20,Oman,Afghanistan,Khan Shaheb Osman Ali Stadium,Bangladesh,Oman,bat,Afghanistan,165,4,168,7
T20,Hong Kong,U.A.E.,Khan Shaheb Osman Ali Stadium,Bangladesh,Hong Kong,bat,U.A.E.,146,7,147,4
T20,England,South Africa,New Wanderers Stadium,South Africa,South Africa,bowl,South Africa,171,10,172,1
T20,Afghanistan,Hong Kong,Shere Bangla National Stadium,Bangladesh,Hong Kong,bowl,Afghanistan,178,7,112,10
T20,U.A.E.,Oman,Shere Bangla National Stadium,Bangladesh,Oman,bowl,U.A.E.,172,6,101,8
T20,India,Bangladesh,Shere Bangla National Stadium,Bangladesh,Bangladesh,bowl,India,166,6,121,7
T20,Sri Lanka,U.A.E.,Shere Bangla National Stadium,Bangladesh,U.A.E.,bowl,Sri Lanka,129,8,115,9
T20,Bangladesh,U.A.E.,Shere Bangla National Stadium,Bangladesh,U.A.E.,bowl,Bangladesh,133,8,82,10
T20,Pakistan,India,Shere Bangla National Stadium,Bangladesh,India,bowl,India,83,10,85,5
T20,Bangladesh,Sri Lanka,Shere Bangla National Stadium,Bangladesh,Bangladesh,bat,Bangladesh,147,7,124,8
T20,U.A.E.,Pakistan,Shere Bangla National Stadium,Bangladesh,U.A.E.,bat,Pakistan,129,6,131,3
T20,Sri Lanka,India,Shere Bangla National Stadium,Bangladesh,India,bowl,India,138,9,142,5
T20,Pakistan,Bangladesh,Shere Bangla National Stadium,Bangladesh,Pakistan,bat,Bangladesh,129,7,131,5
T20,U.A.E.,India,Shere Bangla National Stadium,Bangladesh,U.A.E.,bat,India,81,9,82,1
T20,Sri Lanka,Pakistan,Shere Bangla National Stadium,Bangladesh,Pakistan,bowl,Pakistan,150,4,151,4
T20,Australia,South Africa,Kingsmead,South Africa,Australia,bat,South Africa,157,9,158,7
T20,South Africa,Australia,New Wanderers Stadium,South Africa,Australia,bowl,Australia,204,7,205,5
T20,Bangladesh,India,Shere Bangla National Stadium,Bangladesh,India,bowl,India,120,5,122,2
T20,Zimbabwe,Hong Kong,Vidarbha Cricket Association Stadium,India,Hong Kong,bowl,Zimbabwe,158,8,144,6
T20,Afghanistan,Scotland,Vidarbha Cricket Association Stadium,India,Afghanistan,bat,Afghanistan,170,5,156,5
T20,Bangladesh,Netherlands,Himachal Pradesh Cricket Association Stadium,India,Netherlands,bowl,Bangladesh,153,7,145,7
T20,Ireland,Oman,Himachal Pradesh Cricket Association Stadium,India,Ireland,bat,Oman,154,5,157,8
T20,South Africa,Australia,Newlands,South Africa,South Africa,bat,Australia,178,4,181,4
T20,Zimbabwe,Scotland,Vidarbha Cricket Association Stadium,India,Zimbabwe,bat,Zimbabwe,147,7,136,10
T20,Hong Kong,Afghanistan,Vidarbha Cricket Association Stadium,India,Hong Kong,bat,Afghanistan,116,6,119,4
T20,Netherlands,Oman,Himachal Pradesh Cricket Association Stadium,India,Oman,0,0,0,0,0,0
T20,Bangladesh,Ireland,Himachal Pradesh Cricket Association Stadium,India,Ireland,bowl,0,94,2,0,0
T20,Afghanistan,Zimbabwe,Vidarbha Cricket Association Stadium,India,Afghanistan,bat,Afghanistan,186,6,127,10
T20,Hong Kong,Scotland,Vidarbha Cricket Association Stadium,India,Hong Kong,bat,Scotland,127,7,78,2
T20,Netherlands,Ireland,Himachal Pradesh Cricket Association Stadium,India,Ireland,bowl,Netherlands,59,5,47,7
T20,Bangladesh,Oman,Himachal Pradesh Cricket Association Stadium,India,Oman,bowl,Bangladesh,180,2,65,9
T20,New Zealand,India,Vidarbha Cricket Association Stadium,India,New Zealand,bat,New Zealand,126,7,79,10
T20,Pakistan,Bangladesh,Eden Gardens,India,Pakistan,bat,Pakistan,201,5,146,6
T20,England,West Indies,Wankhede Stadium,India,West Indies,bowl,West Indies,182,6,183,4
T20,Afghanistan,Sri Lanka,Eden Gardens,India,Afghanistan,bat,Sri Lanka,153,7,155,4
T20,New Zealand,Australia,Himachal Pradesh Cricket Association Stadium,India,New Zealand,bat,New Zealand,142,8,134,9
T20,South Africa,England,Wankhede Stadium,India,England,bowl,England,229,4,230,8
T20,Pakistan,India,Eden Gardens,India,India,bowl,India,118,5,119,4
T20,South Africa,Afghanistan,Wankhede Stadium,India,South Africa,bat,South Africa,209,5,172,10
T20,Sri Lanka,West Indies,M Chinnaswamy Stadium,India,West Indies,bowl,West Indies,122,9,127,3
T20,Bangladesh,Australia,M Chinnaswamy Stadium,India,Australia,bowl,Australia,156,5,157,7
T20,New Zealand,Pakistan,Punjab Cricket Association IS Bindra Stadium,India,New Zealand,bat,New Zealand,180,5,158,5
T20,England,Afghanistan,Feroz Shah Kotla,India,England,bat,England,142,7,127,9
T20,India,Bangladesh,M Chinnaswamy Stadium,India,Bangladesh,bowl,India,146,7,145,9
T20,Australia,Pakistan,Punjab Cricket Association IS Bindra Stadium,India,Australia,bat,Australia,193,4,172,8
T20,South Africa,West Indies,Vidarbha Cricket Association Stadium,India,West Indies,bowl,West Indies,122,8,123,7
T20,New Zealand,Bangladesh,Eden Gardens,India,New Zealand,bat,New Zealand,145,8,70,10
T20,England,Sri Lanka,Feroz Shah Kotla,India,Sri Lanka,bowl,England,171,4,161,8
T20,Afghanistan,West Indies,Vidarbha Cricket Association Stadium,India,West Indies,bowl,Afghanistan,123,7,117,8
T20,Australia,India,Punjab Cricket Association IS Bindra Stadium,India,Australia,bat,India,160,6,161,4
T20,Sri Lanka,South Africa,Feroz Shah Kotla,India,South Africa,bowl,South Africa,120,10,122,2
T20,New Zealand,England,Feroz Shah Kotla,India,England,bowl,England,153,8,159,3
T20,India,West Indies,Wankhede Stadium,India,West Indies,bowl,West Indies,192,2,196,3
T20,England,West Indies,Eden Gardens,India,West Indies,bowl,West Indies,155,9,161,6
T20,Zimbabwe,India,Harare Sports Club,Zimbabwe,India,bowl,Zimbabwe,170,6,168,6
T20,Zimbabwe,India,Harare Sports Club,Zimbabwe,Zimbabwe,bat,India,99,9,103,0
T20,India,Zimbabwe,Harare Sports Club,Zimbabwe,Zimbabwe,bowl,India,138,6,135,6
T20,Sri Lanka,England,The Rose Bowl,England,Sri Lanka,bat,England,140,10,144,2
T20,West Indies,India,Central Broward Regional Park Stadium Turf Ground,United States of America,India,bowl,West Indies,245,6,244,4
T20,West Indies,India,Central Broward Regional Park Stadium Turf Ground,United States of America,India,bowl,0,143,10,15,0
T20,Hong Kong,Ireland,Bready Cricket Club,Ireland,Hong Kong,bat,Hong Kong,169,5,129,10
T20,Australia,Sri Lanka,Pallekele International Cricket Stadium,Sri Lanka,Sri Lanka,bowl,Australia,263,3,178,9
T20,England,Pakistan,Old Trafford,England,England,bat,Pakistan,135,7,139,1
T20,New Zealand,West Indies,Bay Oval,New Zealand,West Indies,bowl,0,102,4,0,0
T20,Sri Lanka,Australia,R Premadasa Stadium,Sri Lanka,Sri Lanka,bat,Australia,128,9,130,6
T20,West Indies,Pakistan,Dubai International Cricket Stadium,United Arab Emirates,Pakistan,bowl,Pakistan,115,10,116,1
T20,Pakistan,West Indies,Dubai International Cricket Stadium,United Arab Emirates,West Indies,bowl,Pakistan,160,4,144,9
T20,West Indies,Pakistan,Sheikh Zayed Stadium,United Arab Emirates,Pakistan,bowl,Pakistan,103,5,108,2
T20,Afghanistan,U.A.E.,ICC Academy,United Arab Emirates,Afghanistan,bat,Afghanistan,161,6,150,7
T20,U.A.E.,Afghanistan,Dubai International Cricket Stadium,United Arab Emirates,U.A.E.,bat,Afghanistan,179,4,183,5
T20,Afghanistan,U.A.E.,ICC Academy,United Arab Emirates,Afghanistan,bat,Afghanistan,189,5,145,8
T20,Bangladesh,New Zealand,McLean Park,New Zealand,Bangladesh,bat,New Zealand,141,8,143,4
T20,New Zealand,Bangladesh,Bay Oval,New Zealand,Bangladesh,bowl,New Zealand,195,7,148,10
T20,New Zealand,Bangladesh,Bay Oval,New Zealand,Bangladesh,bowl,New Zealand,194,4,167,6
T20,Scotland,Hong Kong,Sheikh Zayed Stadium,United Arab Emirates,Scotland,bat,Scotland,189,3,165,6
T20,Ireland,Afghanistan,Sheikh Zayed Stadium,United Arab Emirates,Ireland,bat,Afghanistan,125,6,126,5
T20,Oman,Netherlands,Sheikh Zayed Stadium,United Arab Emirates,Oman,bat,Netherlands,146,7,148,5
T20,Hong Kong,Oman,Sheikh Zayed Stadium,United Arab Emirates,Oman,bowl,Oman,87,10,89,3
T20,U.A.E.,Afghanistan,Sheikh Zayed Stadium,United Arab Emirates,Afghanistan,bowl,Afghanistan,146,7,147,5
T20,Scotland,Netherlands,Sheikh Zayed Stadium,United Arab Emirates,Netherlands,bowl,Scotland,148,7,141,10
T20,Ireland,U.A.E.,Dubai International Cricket Stadium,United Arab Emirates,Ireland,bat,Ireland,160,6,136,7
T20,Hong Kong,Netherlands,Dubai International Cricket Stadium,United Arab Emirates,Hong Kong,bat,Hong Kong,183,4,92,10
T20,Oman,Scotland,Dubai International Cricket Stadium,United Arab Emirates,Oman,bat,Scotland,133,10,134,3
T20,Oman,Afghanistan,Dubai International Cricket Stadium,United Arab Emirates,Afghanistan,bowl,Afghanistan,149,8,150,2
T20,Ireland,Scotland,Dubai International Cricket Stadium,United Arab Emirates,Scotland,bowl,Ireland,211,6,113,10
T20,Ireland,Afghanistan,Dubai International Cricket Stadium,United Arab Emirates,Ireland,bat,Afghanistan,71,10,75,0
T20,South Africa,Sri Lanka,SuperSport Park,South Africa,Sri Lanka,bowl,South Africa,126,5,107,6
T20,South Africa,Sri Lanka,New Wanderers Stadium,South Africa,South Africa,bat,Sri Lanka,113,10,119,7
T20,South Africa,Sri Lanka,Newlands,South Africa,South Africa,bat,Sri Lanka,169,5,170,5
T20,India,England,Green Park,India,England,bowl,England,147,7,148,3
T20,Australia,Sri Lanka,Melbourne Cricket Ground,Australia,Sri Lanka,bowl,Sri Lanka,168,6,172,5
T20,Australia,Sri Lanka,Simonds Stadium,Australia,Sri Lanka,bowl,Sri Lanka,173,10,176,8
T20,Australia,Sri Lanka,Adelaide Oval,Australia,Sri Lanka,bowl,Australia,187,6,146,10
T20,Ireland,Afghanistan,Greater Noida Sports Complex Ground,India,Ireland,bat,Afghanistan,165,5,171,4
T20,Afghanistan,Ireland,Greater Noida Sports Complex Ground,India,Afghanistan,bat,Afghanistan,184,8,93,9
T20,Afghanistan,Ireland,Greater Noida Sports Complex Ground,India,Ireland,bowl,Afghanistan,233,8,205,10
T20,West Indies,Pakistan,Kensington Oval,West Indies,Pakistan,bowl,Pakistan,111,8,115,4
T20,Pakistan,West Indies,Queen's Park Oval,West Indies,West Indies,bowl,Pakistan,132,10,129,8
T20,Pakistan,West Indies,Queen's Park Oval,West Indies,Pakistan,bat,West Indies,137,8,138,3
T20,West Indies,Pakistan,Queen's Park Oval,West Indies,Pakistan,bowl,Pakistan,124,8,127,3
T20,Bangladesh,Sri Lanka,R Premadasa Stadium,Sri Lanka,Bangladesh,bat,Sri Lanka,155,6,158,4
T20,Bangladesh,Sri Lanka,R Premadasa Stadium,Sri Lanka,Bangladesh,bat,Bangladesh,176,9,131,10
T20,P.N.G.,U.A.E.,Sheikh Zayed Stadium,United Arab Emirates,U.A.E.,bowl,U.A.E.,102,10,108,5
T20,U.A.E.,P.N.G.,Sheikh Zayed Stadium,United Arab Emirates,P.N.G.,bowl,U.A.E.,180,3,150,10
T20,P.N.G.,U.A.E.,Sheikh Zayed Stadium,United Arab Emirates,P.N.G.,bat,U.A.E.,128,5,129,5
T20,Afghanistan,West Indies,Warner Park,West Indies,Afghanistan,bat,West Indies,110,10,114,4
T20,West Indies,Afghanistan,Warner Park,West Indies,West Indies,bat,West Indies,112,3,93,10
T20,Afghanistan,West Indies,Warner Park,West Indies,Afghanistan,bat,West Indies,146,6,147,3
T20,South Africa,England,The Rose Bowl,England,South Africa,bat,England,142,3,143,1
T20,South Africa,England,County Ground,England,England,bowl,South Africa,174,8,171,6
T20,England,South Africa,Sophia Gardens,England,South Africa,bowl,England,181,8,162,7
T20,India,West Indies,Sabina Park,West Indies,West Indies,bowl,West Indies,190,6,194,1
T20,Sri Lanka,India,R Premadasa Stadium,Sri Lanka,India,bowl,India,170,7,174,3
T20,Pakistan,World-XI,Gaddafi Stadium,Pakistan,World-XI,bowl,Pakistan,197,5,177,7
T20,Pakistan,World-XI,Gaddafi Stadium,Pakistan,Pakistan,bat,World-XI,174,6,175,3
T20,Pakistan,World-XI,Gaddafi Stadium,Pakistan,World-XI,bowl,Pakistan,183,4,150,8
T20,West Indies,England,Riverside Ground,England,England,bowl,West Indies,176,9,155,10
T20,Australia,India,JSCA International Stadium Complex,India,India,bowl,India,118,8,49,1
T20,India,Australia,Barsapara Cricket Stadium,India,Australia,bowl,Australia,118,10,122,2
T20,Sri Lanka,Pakistan,Sheikh Zayed Stadium,United Arab Emirates,Pakistan,bowl,Pakistan,102,10,103,3
T20,South Africa,Bangladesh,Mangaung Oval,South Africa,South Africa,bat,South Africa,195,4,175,9
T20,Sri Lanka,Pakistan,Sheikh Zayed Stadium,United Arab Emirates,Pakistan,bowl,Pakistan,124,9,125,8
T20,South Africa,Bangladesh,Senwes Park,South Africa,Bangladesh,bowl,South Africa,224,4,141,10
T20,Pakistan,Sri Lanka,Gaddafi Stadium,Pakistan,Sri Lanka,bowl,Pakistan,180,3,144,9
T20,India,New Zealand,Feroz Shah Kotla,India,New Zealand,bowl,India,202,3,149,8
T20,New Zealand,India,Saurashtra Cricket Association Stadium,India,New Zealand,bat,New Zealand,196,2,156,7
T20,India,New Zealand,Greenfield International Stadium,India,New Zealand,bowl,India,67,5,61,6
T20,India,Sri Lanka,Barabati Stadium,India,Sri Lanka,bowl,India,180,3,87,10
T20,India,Sri Lanka,Holkar Cricket Stadium,India,Sri Lanka,bowl,India,260,5,172,9
T20,Sri Lanka,India,Wankhede Stadium,India,India,bowl,India,135,7,139,5
T20,New Zealand,West Indies,Saxton Oval,New Zealand,West Indies,bowl,New Zealand,187,7,140,10
T20,New Zealand,West Indies,Bay Oval,New Zealand,New Zealand,bat,New Zealand,243,5,124,9
T20,Pakistan,New Zealand,Westpac Stadium,New Zealand,New Zealand,bowl,New Zealand,105,10,106,3
T20,Pakistan,New Zealand,Eden Park,New Zealand,Pakistan,bat,Pakistan,201,4,153,10
T20,Pakistan,New Zealand,Bay Oval,New Zealand,Pakistan,bat,Pakistan,181,6,163,6
T20,New Zealand,Australia,Sydney Cricket Ground,Australia,Australia,bowl,Australia,117,9,96,3
T20,Zimbabwe,Afghanistan,Sharjah Cricket Stadium,United Arab Emirates,Afghanistan,bowl,Afghanistan,120,9,121,5
T20,Afghanistan,Zimbabwe,Sharjah Cricket Stadium,United Arab Emirates,Zimbabwe,bowl,Afghanistan,158,9,141,5
T20,England,Australia,Bellerive Oval,Australia,Australia,bowl,Australia,155,9,161,5
T20,England,Australia,Melbourne Cricket Ground,Australia,Australia,bowl,Australia,137,7,138,3
T20,New Zealand,England,Westpac Stadium,New Zealand,England,bowl,New Zealand,196,5,184,9
T20,Bangladesh,Sri Lanka,Shere Bangla National Stadium,Bangladesh,Bangladesh,bat,Sri Lanka,193,5,194,4
T20,New Zealand,Australia,Eden Park,New Zealand,New Zealand,bat,Australia,243,6,245,5
T20,England,New Zealand,Seddon Park,New Zealand,New Zealand,bowl,England,194,7,192,4
T20,Sri Lanka,Bangladesh,Sylhet International Cricket Stadium,Bangladesh,Bangladesh,bowl,Sri Lanka,210,4,135,10
T20,India,South Africa,New Wanderers Stadium,South Africa,South Africa,bowl,India,203,5,175,9
T20,New Zealand,Australia,Eden Park,New Zealand,New Zealand,bat,Australia,150,9,121,3
T20,India,South Africa,SuperSport Park,South Africa,South Africa,bowl,South Africa,188,4,189,4
T20,India,South Africa,Newlands,South Africa,South Africa,bowl,India,172,7,165,6
T20,India,Sri Lanka,R Premadasa Stadium,Sri Lanka,Sri Lanka,bowl,Sri Lanka,174,5,175,5
T20,Bangladesh,India,R Premadasa Stadium,Sri Lanka,India,bowl,India,139,8,140,4
T20,Sri Lanka,Bangladesh,R Premadasa Stadium,Sri Lanka,Bangladesh,bowl,Bangladesh,214,6,215,5
T20,Sri Lanka,India,R Premadasa Stadium,Sri Lanka,India,bowl,India,152,9,153,4
T20,India,Bangladesh,R Premadasa Stadium,Sri Lanka,Bangladesh,bowl,India,176,3,159,6
T20,Sri Lanka,Bangladesh,R Premadasa Stadium,Sri Lanka,Bangladesh,bowl,Bangladesh,159,7,160,8
T20,Bangladesh,India,R Premadasa Stadium,Sri Lanka,India,bowl,India,166,8,168,6
T20,Pakistan,West Indies,National Stadium,Pakistan,West Indies,bowl,Pakistan,203,5,60,9
T20,Pakistan,West Indies,National Stadium,Pakistan,Pakistan,bat,Pakistan,205,3,123,10
T20,West Indies,Pakistan,National Stadium,Pakistan,West Indies,bat,Pakistan,153,6,154,2
T20,West Indies,ICC World XI,Lord's,England,ICC World XI,bowl,West Indies,199,4,127,9
T20,Afghanistan,Bangladesh,Rajiv Gandhi International Cricket Stadium,India,Bangladesh,bowl,Afghanistan,167,8,122,10
T20,Bangladesh,Afghanistan,Rajiv Gandhi International Cricket Stadium,India,Bangladesh,bat,Afghanistan,134,8,135,4
T20,Afghanistan,Bangladesh,Rajiv Gandhi International Cricket Stadium,India,Afghanistan,bat,Afghanistan,145,6,144,6
T20,Netherlands,Ireland,Hazelaarweg,Netherlands,Ireland,bowl,Netherlands,144,10,140,8
T20,Pakistan,Scotland,Grange Cricket Club Ground,Scotland,Pakistan,bat,Pakistan,204,4,156,6
T20,Ireland,Netherlands,Hazelaarweg,Netherlands,Ireland,bat,Netherlands,158,6,159,6
T20,Pakistan,Scotland,Grange Cricket Club Ground,Scotland,Pakistan,bat,Pakistan,166,6,82,10
T20,Ireland,Scotland,Sportpark Het Schootsveld,Netherlands,Ireland,bat,Ireland,205,5,159,5
T20,Scotland,Ireland,Sportpark Het Schootsveld,Netherlands,Scotland,bat,0,185,4,185,6
T20,Netherlands,Scotland,VRA Ground,Netherlands,Netherlands,bat,Scotland,160,6,161,3
T20,Scotland,Netherlands,VRA Ground,Netherlands,Scotland,bat,Scotland,221,3,106,9
T20,India,Ireland,The Village,Ireland,Ireland,bowl,India,208,5,132,9
T20,England,Australia,Edgbaston,England,Australia,bowl,England,221,5,193,10
T20,India,Ireland,The Village,Ireland,Ireland,bowl,India,213,4,70,10
T20,Pakistan,Zimbabwe,Harare Sports Club,Zimbabwe,Zimbabwe,bowl,Pakistan,182,4,108,9
T20,Pakistan,Australia,Harare Sports Club,Zimbabwe,Australia,bowl,Australia,116,10,117,1
T20,Australia,Zimbabwe,Harare Sports Club,Zimbabwe,Zimbabwe,bowl,Australia,229,2,129,9
T20,England,India,Old Trafford,England,India,bowl,India,159,8,163,2
T20,Zimbabwe,Pakistan,Harare Sports Club,Zimbabwe,Pakistan,bowl,Pakistan,162,4,163,3
T20,Pakistan,Australia,Harare Sports Club,Zimbabwe,Australia,bowl,Pakistan,194,7,149,7
T20,Zimbabwe,Australia,Harare Sports Club,Zimbabwe,Zimbabwe,bat,Australia,151,9,154,5
T20,India,England,Sophia Gardens,England,England,bowl,England,148,5,149,5
T20,Australia,Pakistan,Harare Sports Club,Zimbabwe,Australia,bat,Pakistan,183,8,187,4
T20,England,India,County Ground,England,India,bowl,India,198,9,201,3
T20,Netherlands,Nepal,Lord's,England,Nepal,bowl,0,174,4,0,0
T20,Bangladesh,West Indies,Warner Park,West Indies,West Indies,bowl,West Indies,143,9,93,3
T20,Bangladesh,West Indies,Central Broward Regional Park Stadium Turf Ground,United States of America,West Indies,bowl,Bangladesh,171,5,159,9
T20,Bangladesh,West Indies,Central Broward Regional Park Stadium Turf Ground,United States of America,Bangladesh,bat,Bangladesh,184,5,135,7
T20,South Africa,Sri Lanka,R Premadasa Stadium,Sri Lanka,South Africa,bat,Sri Lanka,98,10,99,7
T20,Afghanistan,Ireland,Bready Cricket Club,Ireland,Ireland,bowl,Afghanistan,160,7,144,9
T20,Afghanistan,Ireland,Bready Cricket Club,Ireland,Afghanistan,bat,Afghanistan,160,8,79,10
T20,South Africa,Zimbabwe,Buffalo Park,South Africa,South Africa,bat,South Africa,160,6,126,10
T20,Zimbabwe,South Africa,Senwes Park,South Africa,Zimbabwe,bat,South Africa,132,7,135,4
T20,U.A.E.,Australia,Nursery Oval,United Arab Emirates,U.A.E.,bat,Australia,117,6,119,3
T20,Pakistan,Australia,Sheikh Zayed Stadium,United Arab Emirates,Australia,bowl,Pakistan,155,8,89,10
T20,Pakistan,Australia,Dubai International Cricket Stadium,United Arab Emirates,Pakistan,bat,Pakistan,147,6,136,8
T20,England,Sri Lanka,R Premadasa Stadium,Sri Lanka,Sri Lanka,bowl,England,187,8,157,10
T20,Pakistan,Australia,Dubai International Cricket Stadium,United Arab Emirates,Pakistan,bat,Pakistan,150,5,117,10
T20,Pakistan,New Zealand,Sheikh Zayed Stadium,United Arab Emirates,Pakistan,bat,Pakistan,148,6,146,6
T20,New Zealand,Pakistan,Dubai International Cricket Stadium,United Arab Emirates,New Zealand,bat,Pakistan,153,7,154,4
T20,West Indies,India,Eden Gardens,India,India,bowl,India,109,8,110,5
T20,Pakistan,New Zealand,Dubai International Cricket Stadium,United Arab Emirates,Pakistan,bat,Pakistan,166,3,119,10
T20,India,West Indies,Ekana International Cricket Stadium,India,West Indies,bowl,India,195,2,124,9
T20,West Indies,India,MA Chidambaram Stadium,India,West Indies,bat,India,181,3,182,4
T20,South Africa,Australia,Carrara Oval,Australia,Australia,bowl,South Africa,108,6,87,7
T20,Australia,India,Brisbane Cricket Ground,Australia,India,bowl,Australia,158,4,169,7
T20,Australia,India,Melbourne Cricket Ground,Australia,India,bowl,0,132,7,0,0
T20,Australia,India,Sydney Cricket Ground,Australia,Australia,bat,India,164,6,168,4
T20,Bangladesh,West Indies,Sylhet International Cricket Stadium,Bangladesh,Bangladesh,bat,West Indies,129,10,130,2
T20,Bangladesh,West Indies,Shere Bangla National Stadium,Bangladesh,West Indies,bowl,Bangladesh,211,4,175,10
T20,West Indies,Bangladesh,Shere Bangla National Stadium,Bangladesh,Bangladesh,bowl,West Indies,190,10,140,10
T20,New Zealand,Sri Lanka,Eden Park,New Zealand,Sri Lanka,bowl,New Zealand,179,7,144,10
T20,Bahrain,Saudi Arabia,Al Amerat Cricket Ground Oman Cricket (Ministry Turf 1),Oman,Saudi Arabia,bowl,Bahrain,176,4,135,9
T20,Maldives,Kuwait,Al Amerat Cricket Ground Oman Cricket (Ministry Turf 2),Oman,Kuwait,bowl,Kuwait,102,10,103,2
T20,Maldives,Bahrain,Al Amerat Cricket Ground Oman Cricket (Ministry Turf 1),Oman,Maldives,bat,Bahrain,141,4,142,8
T20,Saudi Arabia,Qatar,Al Amerat Cricket Ground Oman Cricket (Ministry Turf 2),Oman,Qatar,bowl,Qatar,126,10,127,6
T20,Qatar,Kuwait,Al Amerat Cricket Ground Oman Cricket (Ministry Turf 1),Oman,Kuwait,bowl,0,155,6,155,8
T20,Maldives,Saudi Arabia,Al Amerat Cricket Ground Oman Cricket (Ministry Turf 2),Oman,Maldives,bat,Saudi Arabia,139,7,140,4
T20,Maldives,Qatar,Al Amerat Cricket Ground Oman Cricket (Ministry Turf 1),Oman,Maldives,bat,Qatar,134,9,135,2
T20,Bahrain,Kuwait,Al Amerat Cricket Ground Oman Cricket (Ministry Turf 2),Oman,Kuwait,bowl,Kuwait,188,3,189,3
T20,New Zealand,India,Seddon Park,New Zealand,India,bowl,New Zealand,212,4,208,6
T20,Kuwait,Saudi Arabia,Al Amerat Cricket Ground Oman Cricket (Ministry Turf 1),Oman,Saudi Arabia,bowl,Saudi Arabia,135,8,137,3
T20,Qatar,Bahrain,Al Amerat Cricket Ground Oman Cricket (Ministry Turf 2),Oman,Bahrain,bowl,Qatar,205,5,157,10
T20,Qatar,Saudi Arabia,Al Amerat Cricket Ground Oman Cricket (Ministry Turf 1),Oman,Saudi Arabia,bowl,Saudi Arabia,157,6,163,2
T20,U.A.E.,Nepal,ICC Global Cricket Academy,United Arab Emirates,Nepal,bowl,U.A.E.,153,6,132,7
T20,U.A.E.,Nepal,ICC Global Cricket Academy,United Arab Emirates,U.A.E.,bat,Nepal,107,10,111,6
T20,South Africa,Pakistan,Newlands,South Africa,Pakistan,bowl,South Africa,192,6,186,9
T20,Nepal,U.A.E.,ICC Global Cricket Academy,United Arab Emirates,U.A.E.,bowl,Nepal,104,8,90,8
T20,South Africa,Pakistan,New Wanderers Stadium,South Africa,Pakistan,bowl,South Africa,188,3,181,7
T20,New Zealand,India,Westpac Stadium,New Zealand,India,bowl,New Zealand,219,6,139,10
T20,Pakistan,South Africa,SuperSport Park,South Africa,South Africa,bowl,Pakistan,168,9,141,9
T20,New Zealand,India,Eden Park,New Zealand,New Zealand,bat,India,158,8,162,3
T20,Scotland,Netherlands,Al Amerat Cricket Ground Oman Cricket (Ministry Turf 1),Oman,Netherlands,bowl,Netherlands,153,7,154,3
T20,Ireland,Oman,Al Amerat Cricket Ground Oman Cricket (Ministry Turf 1),Oman,Oman,bowl,Ireland,159,5,144,9
T20,Oman,Netherlands,Al Amerat Cricket Ground Oman Cricket (Ministry Turf 1),Oman,Netherlands,bowl,Netherlands,166,4,167,2
T20,Ireland,Scotland,Al Amerat Cricket Ground Oman Cricket (Ministry Turf 1),Oman,Scotland,bowl,Scotland,180,7,181,4
T20,Netherlands,Ireland,Al Amerat Cricket Ground Oman Cricket (Ministry Turf 1),Oman,Ireland,bowl,Ireland,182,9,183,9
T20,Oman,Scotland,Al Amerat Cricket Ground Oman Cricket (Ministry Turf 1),Oman,Scotland,bowl,Scotland,111,10,115,3
T20,Ireland,Afghanistan,Rajiv Gandhi International Cricket Stadium,India,Ireland,bat,Afghanistan,132,6,136,5
T20,Afghanistan,Ireland,Rajiv Gandhi International Cricket Stadium,India,Afghanistan,bat,Afghanistan,278,3,194,6
T20,Afghanistan,Ireland,Rajiv Gandhi International Cricket Stadium,India,Ireland,bowl,Afghanistan,210,7,178,8
T20,India,Australia,Dr. Y.S. Rajasekhara Reddy ACA-VDCA Cricket Stadium,India,Australia,bowl,Australia,126,7,127,7
T20,India,Australia,M Chinnaswamy Stadium,India,Australia,bowl,Australia,190,4,194,3
T20,West Indies,England,Darren Sammy National Cricket Stadium,West Indies,England,bowl,England,160,8,161,6
T20,England,West Indies,Warner Park,West Indies,West Indies,bowl,England,182,6,45,10
T20,West Indies,England,Warner Park,West Indies,West Indies,bat,England,71,10,72,2
T20,U.S.A.,U.A.E.,ICC Academy,United Arab Emirates,U.A.E.,bowl,0,152,7,29,2
T20,U.A.E.,U.S.A.,ICC Academy,United Arab Emirates,U.A.E.,bat,U.A.E.,182,7,158,6
T20,Sri Lanka,South Africa,Newlands,South Africa,South Africa,bowl,0,134,7,134,8
T20,P.N.G.,Philippines,Amini Park,Papua New Guinea,Philippines,bowl,P.N.G.,216,4,83,8
T20,Vanuatu,P.N.G.,Amini Park,Papua New Guinea,Vanuatu,bat,P.N.G.,124,6,125,2
T20,South Africa,Sri Lanka,SuperSport Park,South Africa,Sri Lanka,bowl,South Africa,180,3,164,9
T20,Vanuatu,Philippines,Amini Park,Papua New Guinea,Vanuatu,bat,Vanuatu,156,6,93,7
T20,West Indies,New Zealand,Bay Oval,New Zealand,New Zealand,bowl,0,25,1,0,0
T20,P.N.G.,Philippines,Amini Park,Papua New Guinea,P.N.G.,bat,0,205,2,11,2
T20,Philippines,Vanuatu,Amini Park,Papua New Guinea,Vanuatu,bowl,Philippines,46,3,36,2
T20,Vanuatu,P.N.G.,Amini Park,Papua New Guinea,Vanuatu,bat,P.N.G.,56,8,60,0
T20,South Africa,Sri Lanka,New Wanderers Stadium,South Africa,Sri Lanka,bowl,South Africa,198,2,137,10
T20,Malta,Spain,La Manga Club Bottom Ground,Spain,Malta,bat,Spain,98,9,99,3
T20,Spain,Malta,La Manga Club Bottom Ground,Spain,Spain,bat,Spain,206,2,97,10
T20,Mexico,Belize,Reforma Athletic Club,Mexico,Belize,bowl,Belize,108,9,112,6
T20,Costa Rica,Panama,Reforma Athletic Club,Mexico,Costa Rica,bat,Panama,112,5,113,3
T20,Costa Rica,Mexico,Reforma Athletic Club,Mexico,Costa Rica,bat,Mexico,133,7,134,7
T20,Belize,Panama,Reforma Athletic Club,Mexico,Panama,bowl,Belize,157,5,148,8
T20,Panama,Mexico,Reforma Athletic Club,Mexico,Mexico,bowl,Panama,148,6,115,6
T20,Costa Rica,Belize,Reforma Athletic Club,Mexico,Costa Rica,bat,Belize,89,10,92,5
T20,Pakistan,England,Sophia Gardens,England,Pakistan,bat,England,173,6,175,3
T20,Germany,Belgium,Royal Brussels Cricket Club Ground,Belgium,Belgium,bowl,Germany,128,7,119,6
T20,Germany,Belgium,Royal Brussels Cricket Club Ground,Belgium,Germany,bat,Germany,149,6,87,10
T20,Belgium,Germany,Royal Brussels Cricket Club Ground,Belgium,Germany,bowl,Germany,133,6,135,4
T20,Nigeria,Kenya,Kyambogo Cricket Oval,Uganda,Kenya,bowl,Kenya,105,5,106,2
T20,Ghana,Namibia,Kyambogo Cricket Oval,Uganda,Namibia,bowl,Namibia,91,7,92,1
T20,Uganda,Botswana,Lugogo Cricket Oval,Uganda,Botswana,bowl,Uganda,142,7,90,10
T20,Namibia,Uganda,Kyambogo Cricket Oval,Uganda,Namibia,bat,Namibia,167,7,125,8
T20,Nigeria,Botswana,Lugogo Cricket Oval,Uganda,Nigeria,bat,Nigeria,119,10,108,7
T20,Kenya,Ghana,Kyambogo Cricket Oval,Uganda,Ghana,bowl,Kenya,141,5,88,10
T20,Nigeria,Ghana,Kyambogo Cricket Oval,Uganda,Ghana,bowl,Nigeria,135,8,107,8
T20,Sri Lanka,England,Sophia Gardens,England,Sri Lanka,bat,England,129,7,130,2
T20,Botswana,Namibia,Kyambogo Cricket Oval,Uganda,Botswana,bat,Namibia,46,10,50,0
T20,Kenya,Uganda,Lugogo Cricket Oval,Uganda,Kenya,bat,Kenya,145,6,144,9
T20,Ghana,Uganda,Kyambogo Cricket Oval,Uganda,Ghana,bat,Uganda,113,6,117,3
T20,Germany,Italy,Sportpark Maarschalkerweerd,Netherlands,Germany,bat,Italy,53,10,57,3
T20,Germany,Italy,Sportpark Maarschalkerweerd,Netherlands,Italy,bowl,Italy,130,6,135,4
T20,Jersey,Guernsey,College Field,Guernsey,Guernsey,bowl,0,128,9,128,8
T20,Jersey,Guernsey,King George V Sports Ground,Guernsey,Guernsey,bowl,Jersey,164,3,123,9
T20,Jersey,Guernsey,King George V Sports Ground,Guernsey,Jersey,bat,Jersey,171,6,95,10
T20,Guernsey,Jersey,King George V Sports Ground,Guernsey,Guernsey,bat,Jersey,108,6,109,2
T20,Norway,Italy,College Field,Guernsey,Norway,bat,Italy,151,3,85,1
T20,Guernsey,Germany,King George V Sports Ground,Guernsey,Germany,bowl,Germany,117,10,118,5
T20,Germany,Italy,College Field,Guernsey,Italy,bowl,Italy,134,8,138,5
T20,Jersey,Denmark,King George V Sports Ground,Guernsey,Denmark,bowl,Jersey,131,9,113,8
T20,Italy,Guernsey,College Field,Guernsey,Guernsey,bowl,Italy,121,10,110,8
T20,Jersey,Norway,King George V Sports Ground,Guernsey,Jersey,bat,Jersey,160,5,80,10
T20,Denmark,Norway,King George V Sports Ground,Guernsey,Denmark,bat,Denmark,141,7,95,9
T20,Denmark,Guernsey,King George V Sports Ground,Guernsey,Guernsey,bowl,0,100,9,0,0
T20,Denmark,Italy,King George V Sports Ground,Guernsey,Denmark,0,0,0,0,0,0
T20,Norway,Guernsey,King George V Sports Ground,Guernsey,Guernsey,bowl,Guernsey,95,6,96,6
T20,Jersey,Italy,College Field,Guernsey,Italy,bowl,Jersey,149,6,76,10
T20,Denmark,Germany,King George V Sports Ground,Guernsey,Germany,bowl,Germany,109,8,110,3
T20,Guernsey,Denmark,King George V Sports Ground,Guernsey,Denmark,bowl,Guernsey,118,7,112,9
T20,Norway,Germany,College Field,Guernsey,Germany,bowl,Germany,99,10,101,3
T20,Denmark,Italy,King George V Sports Ground,Guernsey,Denmark,bat,Denmark,158,9,128,10
T20,Jersey,Germany,College Field,Guernsey,Germany,bowl,Germany,134,5,136,7
T20,Netherlands,Zimbabwe,Hazelaarweg,Netherlands,Zimbabwe,bowl,Netherlands,199,6,150,10
T20,Thailand,Malaysia,Kinrara Academy Oval,Malaysia,Malaysia,bowl,Malaysia,113,8,114,5
T20,Malaysia,Maldives,Kinrara Academy Oval,Malaysia,Maldives,bowl,Malaysia,186,5,113,10
T20,Netherlands,Zimbabwe,Hazelaarweg,Netherlands,Netherlands,bat,0,152,8,152,10
T20,Thailand,Maldives,Kinrara Academy Oval,Malaysia,Thailand,bat,Maldives,130,7,131,8
T20,Thailand,Malaysia,Kinrara Academy Oval,Malaysia,Thailand,bat,Malaysia,127,7,129,2
T20,Malaysia,Maldives,Kinrara Academy Oval,Malaysia,Malaysia,bat,0,123,5,0,0
T20,Maldives,Thailand,Kinrara Academy Oval,Malaysia,Thailand,bowl,Thailand,153,6,154,5
T20,Qatar,Kuwait,West End Park International Cricket Stadium,Qatar,Kuwait,bowl,Kuwait,154,9,157,3
T20,Kuwait,Qatar,West End Park International Cricket Stadium,Qatar,Qatar,bowl,0,112,8,112,8
T20,Kuwait,Qatar,West End Park International Cricket Stadium,Qatar,Qatar,bowl,Qatar,203,5,206,7
T20,Samoa,P.N.G.,Faleata Oval No 1,Samoa,P.N.G.,bowl,P.N.G.,83,5,29,1
T20,Vanuatu,P.N.G.,Faleata Oval No 3,Samoa,P.N.G.,bowl,P.N.G.,77,10,78,7
T20,Vanuatu,Samoa,Faleata Oval No 1,Samoa,Samoa,bowl,Samoa,147,7,148,8
T20,Samoa,P.N.G.,Faleata Oval No 2,Samoa,P.N.G.,bowl,P.N.G.,81,10,83,3
T20,Vanuatu,Samoa,Faleata Oval No 3,Samoa,Samoa,bowl,Vanuatu,180,5,148,8
T20,P.N.G.,Vanuatu,Faleata Oval No 2,Samoa,Vanuatu,bowl,P.N.G.,181,10,122,9
T20,Zimbabwe,Ireland,Bready Cricket Club,Ireland,Ireland,bowl,Ireland,132,8,134,1
T20,P.N.G.,Vanuatu,Faleata Oval No 2,Samoa,Vanuatu,bowl,P.N.G.,137,10,105,10
T20,Malaysia,Nepal,Kinrara Academy Oval,Malaysia,Malaysia,bat,Nepal,128,9,129,3
T20,Denmark,Finland,Svanholm Park,Denmark,Finland,bowl,Denmark,117,10,116,7
T20,Denmark,Finland,Svanholm Park,Denmark,Denmark,bat,Denmark,124,9,86,10
T20,Nepal,Malaysia,Kinrara Academy Oval,Malaysia,Nepal,bat,Nepal,173,6,167,7
T20,Ireland,Zimbabwe,Bready Cricket Club,Ireland,Zimbabwe,bowl,Zimbabwe,171,9,172,2
T20,Singapore,Qatar,Indian Association Ground,Singapore,Singapore,bat,Singapore,186,7,153,9
T20,Malaysia,Kuwait,Indian Association Ground,Singapore,Malaysia,bat,Malaysia,162,10,120,10
T20,Nepal,Qatar,Indian Association Ground,Singapore,Nepal,bat,Qatar,122,10,124,6
T20,Malaysia,Nepal,Indian Association Ground,Singapore,Nepal,bowl,Nepal,83,7,86,3
T20,Kuwait,Qatar,Indian Association Ground,Singapore,Qatar,bowl,Kuwait,197,7,187,5
T20,Malaysia,Singapore,Indian Association Ground,Singapore,Malaysia,bat,Singapore,92,10,96,2
T20,Kuwait,Nepal,Indian Association Ground,Singapore,Nepal,bowl,Nepal,141,9,143,3
T20,Malaysia,Qatar,Indian Association Ground,Singapore,Malaysia,bat,Qatar,144,10,147,6
T20,Singapore,Nepal,Indian Association Ground,Singapore,Singapore,bat,Singapore,191,6,109,10
T20,U.A.E.,Netherlands,VRA Ground,Netherlands,Netherlands,bowl,U.A.E.,181,5,168,4
T20,West Indies,India,Central Broward Regional Park Stadium Turf Ground,United States of America,India,bowl,India,95,9,98,6
T20,India,West Indies,Central Broward Regional Park Stadium Turf Ground,United States of America,India,bat,India,167,5,98,4
T20,Netherlands,U.A.E.,VRA Ground,Netherlands,U.A.E.,bowl,U.A.E.,136,9,140,5
T20,U.A.E.,Netherlands,Sportpark Westvliet,Netherlands,Netherlands,bowl,U.A.E.,152,8,138,9
T20,West Indies,India,Providence Stadium,West Indies,India,bowl,India,146,6,150,3
T20,Netherlands,U.A.E.,Sportpark Westvliet,Netherlands,Netherlands,bat,U.A.E.,150,6,153,3
T20,Finland,Spain,Kerava National Cricket Ground,Finland,Finland,bat,Finland,185,8,103,10
T20,Finland,Spain,Kerava National Cricket Ground,Finland,Finland,bat,Spain,135,8,141,4
T20,Finland,Spain,Kerava National Cricket Ground,Finland,Finland,bat,Spain,158,8,159,6
T20,Bermuda,U.S.A.,White Hill Field,Bermuda,Bermuda,bat,Bermuda,141,7,135,7
T20,Canada,Cayman Is,White Hill Field,Bermuda,Canada,bat,Canada,196,6,112,7
T20,Namibia,Botswana,United Cricket Club Ground,Namibia,Botswana,bowl,Namibia,193,4,100,7
T20,Bermuda,Canada,National Stadium,Bermuda,Bermuda,bat,0,82,9,40,0
T20,Cayman Is,U.S.A.,National Stadium,Bermuda,U.S.A.,bowl,U.S.A.,68,8,60,5
T20,Namibia,Botswana,United Cricket Club Ground,Namibia,Botswana,bowl,Namibia,240,3,116,2
T20,Cayman Is,Bermuda,White Hill Field,Bermuda,Cayman Is,bat,Bermuda,116,9,117,4
T20,U.S.A.,Canada,White Hill Field,Bermuda,U.S.A.,bat,Canada,144,6,145,6
T20,Namibia,Botswana,United Cricket Club Ground,Namibia,Namibia,bat,Namibia,174,8,96,10
T20,Cayman Is,Canada,White Hill Field,Bermuda,Canada,bowl,Canada,91,7,95,2
T20,U.S.A.,Bermuda,White Hill Field,Bermuda,Bermuda,bowl,Bermuda,141,9,142,6
T20,Botswana,Namibia,United Cricket Club Ground,Namibia,Botswana,bat,Namibia,85,8,86,2
T20,Cayman Is,U.S.A.,White Hill Field,Bermuda,Cayman Is,bat,U.S.A.,66,9,70,1
T20,Bermuda,Canada,White Hill Field,Bermuda,Bermuda,bat,Canada,116,10,120,2
T20,Canada,U.S.A.,White Hill Field,Bermuda,U.S.A.,bowl,Canada,173,8,158,8
T20,Cayman Is,Bermuda,White Hill Field,Bermuda,Cayman Is,bat,Bermuda,114,10,115,4
T20,Bulgaria,Serbia,National Sports Academy,Bulgaria,Serbia,bowl,Bulgaria,208,2,147,5
T20,Romania,Austria,Moara Vlasiei Cricket Ground,Romania,Austria,bowl,Romania,137,7,106,10
T20,Turkey,Luxembourg,Moara Vlasiei Cricket Ground,Romania,Turkey,bat,Luxembourg,28,10,29,2
T20,Romania,Turkey,Moara Vlasiei Cricket Ground,Romania,Turkey,bowl,Romania,226,6,53,10
T20,Czech Rep.,Austria,Moara Vlasiei Cricket Ground,Romania,Austria,bowl,Austria,125,7,126,2
T20,Luxembourg,Romania,Moara Vlasiei Cricket Ground,Romania,Luxembourg,bat,Romania,127,9,129,3
T20,Czech Rep.,Turkey,Moara Vlasiei Cricket Ground,Romania,Czech Rep.,bat,Czech Rep.,278,4,21,10
T20,Austria,Luxembourg,Moara Vlasiei Cricket Ground,Romania,Austria,bat,Austria,239,3,104,8
T20,Romania,Czech Rep.,Moara Vlasiei Cricket Ground,Romania,Czech Rep.,bowl,Czech Rep.,115,9,116,4
T20,Turkey,Austria,Moara Vlasiei Cricket Ground,Romania,Turkey,bat,Austria,32,10,33,0
T20,Luxembourg,Czech Rep.,Moara Vlasiei Cricket Ground,Romania,Czech Rep.,bowl,Czech Rep.,145,5,148,4
T20,Austria,Czech Rep.,Moara Vlasiei Cricket Ground,Romania,Czech Rep.,bowl,Austria,193,4,163,10
T20,Sri Lanka,New Zealand,Pallekele International Cricket Stadium,Sri Lanka,Sri Lanka,bat,New Zealand,174,4,175,5
T20,Sri Lanka,New Zealand,Pallekele International Cricket Stadium,Sri Lanka,Sri Lanka,bat,New Zealand,161,9,165,6
T20,Sri Lanka,New Zealand,Pallekele International Cricket Stadium,Sri Lanka,Sri Lanka,bat,Sri Lanka,125,8,88,10
T20,Zimbabwe,Bangladesh,Shere Bangla National Stadium,Bangladesh,Bangladesh,bowl,Bangladesh,144,5,148,7
T20,Afghanistan,Zimbabwe,Shere Bangla National Stadium,Bangladesh,Zimbabwe,bowl,Afghanistan,197,5,169,7
T20,Afghanistan,Bangladesh,Shere Bangla National Stadium,Bangladesh,Afghanistan,bat,Afghanistan,164,6,139,10
T20,Scotland,Netherlands,The Village,Ireland,Netherlands,bowl,Scotland,252,3,194,7
T20,Scotland,Ireland,The Village,Ireland,Scotland,bat,Ireland,193,7,194,6
T20,Bangladesh,Zimbabwe,Zahur Ahmed Chowdhury Stadium,Bangladesh,Zimbabwe,bowl,Bangladesh,175,7,136,10
T20,Ireland,Netherlands,The Village,Ireland,Ireland,bat,Netherlands,181,7,183,4
T20,South Africa,India,Punjab Cricket Association IS Bindra Stadium,India,India,bowl,India,149,5,151,3
T20,Netherlands,Scotland,The Village,Ireland,Netherlands,bat,Scotland,123,10,126,4
T20,Afghanistan,Zimbabwe,Zahur Ahmed Chowdhury Stadium,Bangladesh,Afghanistan,bat,Zimbabwe,155,8,156,3
T20,Ireland,Scotland,The Village,Ireland,Scotland,bowl,Ireland,186,9,185,6
T20,Afghanistan,Bangladesh,Zahur Ahmed Chowdhury Stadium,Bangladesh,Bangladesh,bowl,Bangladesh,138,7,139,6
T20,India,South Africa,M Chinnaswamy Stadium,India,India,bat,South Africa,134,9,140,1
T20,Nepal,Zimbabwe,Indian Association Ground,Singapore,Nepal,bat,Zimbabwe,132,6,133,5
T20,Singapore,Nepal,Indian Association Ground,Singapore,Singapore,bat,Nepal,151,3,154,1
T20,Vanuatu,Malaysia,Kinrara Academy Oval,Malaysia,Vanuatu,bat,Vanuatu,151,5,134,9
T20,Singapore,Zimbabwe,Indian Association Ground,Singapore,Singapore,bat,Singapore,181,9,177,7
T20,Vanuatu,Malaysia,Kinrara Academy Oval,Malaysia,Vanuatu,bat,Vanuatu,188,6,137,7
T20,Zimbabwe,Nepal,Indian Association Ground,Singapore,Nepal,bowl,Zimbabwe,160,6,120,9
T20,Malaysia,Vanuatu,Kinrara Academy Oval,Malaysia,Malaysia,bat,Malaysia,134,8,108,10
T20,Malaysia,Vanuatu,Kinrara Academy Oval,Malaysia,Malaysia,bat,Vanuatu,144,7,145,4
T20,Singapore,Zimbabwe,Indian Association Ground,Singapore,Zimbabwe,bowl,Zimbabwe,167,7,168,2
T20,Argentina,Chile,El Cortijo Polo Club Pitch A Ground,Peru,Chile,bowl,Argentina,102,7,74,6
T20,Mexico,Argentina,El Cortijo Polo Club Pitch A Ground,Peru,Argentina,bowl,Argentina,46,8,47,1
T20,Brazil,Chile,El Cortijo Polo Club Pitch B Ground,Peru,Chile,bowl,Brazil,96,5,61,8
T20,Peru,Brazil,El Cortijo Polo Club Pitch A Ground,Peru,Peru,bat,Peru,75,5,73,9
T20,Malaysia,Vanuatu,Kinrara Academy Oval,Malaysia,Malaysia,bat,Malaysia,206,5,184,9
T20,Mexico,Chile,El Cortijo Polo Club Pitch A Ground,Peru,Chile,bowl,Chile,99,8,104,6
T20,Peru,Argentina,El Cortijo Polo Club Pitch B Ground,Peru,Argentina,bowl,Argentina,85,10,86,3
T20,Argentina,Brazil,El Cortijo Polo Club Pitch A Ground,Peru,Brazil,bowl,Argentina,105,9,76,9
T20,Hong Kong,Oman,Al Amerat Cricket Ground Oman Cricket (Ministry Turf 1),Oman,Hong Kong,bat,Oman,96,9,97,3
T20,Netherlands,Ireland,Al Amerat Cricket Ground Oman Cricket (Ministry Turf 1),Oman,Ireland,bowl,Ireland,167,7,169,4
T20,Mexico,Peru,El Cortijo Polo Club Pitch B Ground,Peru,Peru,bowl,Mexico,132,8,93,9
T20,Sri Lanka,Pakistan,Gaddafi Stadium,Pakistan,Pakistan,bowl,Sri Lanka,165,5,101,10
T20,Peru,Chile,El Cortijo Polo Club Pitch A Ground,Peru,Peru,bat,Peru,153,5,93,10
T20,Mexico,Brazil,El Cortijo Polo Club Pitch B Ground,Peru,Mexico,bat,Mexico,96,5,76,10
T20,Oman,Ireland,Al Amerat Cricket Ground Oman Cricket (Ministry Turf 1),Oman,Ireland,bowl,Oman,173,9,130,10
T20,Hong Kong,Nepal,Al Amerat Cricket Ground Oman Cricket (Ministry Turf 1),Oman,Nepal,bowl,Nepal,125,6,126,6
T20,Mexico,Argentina,Lima Cricket and Football Club,Peru,Mexico,bat,Argentina,105,9,111,6
T20,Netherlands,Nepal,Al Amerat Cricket Ground Oman Cricket (Ministry Turf 1),Oman,Nepal,bowl,Nepal,133,10,134,6
T20,Ireland,Hong Kong,Al Amerat Cricket Ground Oman Cricket (Ministry Turf 1),Oman,Ireland,bat,Ireland,208,5,142,9
T20,Sri Lanka,Pakistan,Gaddafi Stadium,Pakistan,Sri Lanka,bat,Sri Lanka,182,6,147,10
T20,Ireland,Nepal,Al Amerat Cricket Ground Oman Cricket (Ministry Turf 1),Oman,Ireland,bat,Ireland,145,8,132,10
T20,Netherlands,Oman,Al Amerat Cricket Ground Oman Cricket (Ministry Turf 1),Oman,Netherlands,bat,Oman,94,10,95,3
T20,Sri Lanka,Pakistan,Gaddafi Stadium,Pakistan,Sri Lanka,bat,Sri Lanka,147,7,134,6
T20,Qatar,Jersey,West End Park International Cricket Stadium,Qatar,Jersey,bowl,Qatar,179,4,159,6
T20,Netherlands,Hong Kong,Al Amerat Cricket Ground Oman Cricket (Ministry Turf 1),Oman,Hong Kong,bowl,Netherlands,185,4,148,7
T20,Nepal,Oman,Al Amerat Cricket Ground Oman Cricket (Ministry Turf 1),Oman,Oman,bowl,Oman,64,10,65,4
T20,Jersey,Qatar,West End Park International Cricket Stadium,Qatar,Jersey,bat,Qatar,141,7,142,4
T20,Jersey,Qatar,West End Park International Cricket Stadium,Qatar,Jersey,bat,Qatar,101,9,102,2
T20,Serbia,Bulgaria,Marina Ground,Greece,Serbia,bat,Bulgaria,156,6,161,4
T20,Serbia,Greece,Marina Ground,Greece,Greece,bowl,Greece,52,10,56,0
T20,Bulgaria,Greece,Marina Ground,Greece,Bulgaria,bat,Greece,94,8,97,1
T20,Czech Rep.,Malta,Marsa Sports Club,Malta,Czech Rep.,bat,Czech Rep.,148,5,136,10
T20,Singapore,Scotland,ICC Academy,United Arab Emirates,Scotland,bowl,Singapore,168,6,166,9
T20,Hong Kong,Ireland,Sheikh Zayed Stadium,United Arab Emirates,Hong Kong,bat,Ireland,153,5,155,2
T20,Netherlands,Kenya,ICC Academy,United Arab Emirates,Netherlands,bat,Netherlands,166,4,136,8
T20,Bulgaria,Greece,Marina Ground,Greece,Greece,bowl,Bulgaria,135,8,117,8
T20,U.A.E.,Oman,Sheikh Zayed Stadium,United Arab Emirates,Oman,bowl,Oman,108,9,109,3
T20,Bermuda,P.N.G.,ICC Academy,United Arab Emirates,P.N.G.,bowl,P.N.G.,89,10,90,0
T20,Jersey,Nigeria,Sheikh Zayed Stadium,United Arab Emirates,Jersey,bat,Jersey,184,4,115,7
T20,Netherlands,Namibia,ICC Academy,United Arab Emirates,Netherlands,bat,Netherlands,140,6,96,10
T20,Scotland,Kenya,ICC Academy Ground No 2,United Arab Emirates,Scotland,bat,Scotland,170,6,139,8
T20,Ireland,U.A.E.,Sheikh Zayed Stadium,United Arab Emirates,U.A.E.,bowl,U.A.E.,125,10,129,5
T20,Czech Rep.,Malta,Marsa Sports Club,Malta,Czech Rep.,bat,Czech Rep.,204,4,122,10
T20,P.N.G.,Namibia,ICC Academy Ground No 2,United Arab Emirates,P.N.G.,bat,P.N.G.,197,7,116,10
T20,Canada,Jersey,Sheikh Zayed Stadium Nursery 1,United Arab Emirates,Jersey,bowl,Canada,176,5,123,10
T20,Bermuda,Singapore,ICC Academy Ground No 2,United Arab Emirates,Bermuda,bat,Singapore,149,7,152,5
T20,Hong Kong,Oman,Sheikh Zayed Stadium,United Arab Emirates,Oman,bowl,Oman,102,10,106,3
T20,Scotland,P.N.G.,ICC Academy,United Arab Emirates,Scotland,bat,Scotland,146,6,142,9
T20,Hong Kong,U.A.E.,Sheikh Zayed Stadium,United Arab Emirates,Hong Kong,bat,U.A.E.,116,7,118,2
T20,Ireland,Oman,Sheikh Zayed Stadium Nursery 1,United Arab Emirates,Oman,bowl,Ireland,183,3,148,9
T20,Kenya,Bermuda,ICC Academy,United Arab Emirates,Kenya,bat,Kenya,138,4,93,10
T20,Canada,Nigeria,Sheikh Zayed Stadium,United Arab Emirates,Canada,bat,Canada,159,7,109,8
T20,Namibia,Scotland,ICC Academy,United Arab Emirates,Namibia,bat,Namibia,159,6,135,8
T20,Singapore,Netherlands,ICC Academy,United Arab Emirates,Singapore,bat,Netherlands,101,10,104,5
T20,Jersey,U.A.E.,Sheikh Zayed Stadium Nursery 1,United Arab Emirates,Jersey,bat,Jersey,147,10,112,10
T20,Bermuda,Namibia,ICC Academy Ground No 2,United Arab Emirates,Namibia,bowl,Namibia,106,9,111,4
T20,Nigeria,Oman,Sheikh Zayed Stadium Nursery 1,United Arab Emirates,Nigeria,bat,Oman,71,10,72,3
T20,Singapore,Kenya,ICC Academy Ground No 2,United Arab Emirates,Singapore,bat,Kenya,157,9,159,3
T20,Canada,Ireland,Sheikh Zayed Stadium,United Arab Emirates,Canada,bat,Canada,156,5,146,7
T20,Hong Kong,Jersey,Sheikh Zayed Stadium,United Arab Emirates,Hong Kong,bat,Hong Kong,144,7,136,6
T20,Netherlands,P.N.G.,ICC Academy,United Arab Emirates,Netherlands,bat,P.N.G.,126,7,127,5
T20,Nigeria,U.A.E.,Sheikh Zayed Stadium Nursery 1,United Arab Emirates,U.A.E.,bowl,U.A.E.,111,3,112,5
T20,Hong Kong,Canada,Sheikh Zayed Stadium Nursery 1,United Arab Emirates,Hong Kong,bat,Hong Kong,150,7,118,9
T20,Scotland,Bermuda,Dubai International Cricket Stadium,United Arab Emirates,Bermuda,bowl,Scotland,204,4,158,8
T20,P.N.G.,Singapore,Dubai International Cricket Stadium,United Arab Emirates,Singapore,bowl,P.N.G.,180,4,137,9
T20,Jersey,Ireland,Sheikh Zayed Stadium Nursery 1,United Arab Emirates,Ireland,bowl,Ireland,105,10,110,2
T20,Namibia,Kenya,Dubai International Cricket Stadium,United Arab Emirates,Namibia,bat,Namibia,181,5,94,10
T20,Portugal,Spain,La Manga Club Bottom Ground,Spain,Spain,bowl,Spain,87,7,89,2
T20,Canada,Oman,Sheikh Zayed Stadium,United Arab Emirates,Canada,bat,Oman,144,9,145,2
T20,Nigeria,Ireland,Sheikh Zayed Stadium,United Arab Emirates,Nigeria,bat,Ireland,66,9,67,2
T20,Gibraltar,Portugal,La Manga Club Bottom Ground,Spain,Gibraltar,bat,Portugal,113,6,116,4
T20,Netherlands,Bermuda,Dubai International Cricket Stadium,United Arab Emirates,Netherlands,bat,Netherlands,206,3,114,9
T20,Gibraltar,Spain,La Manga Club Bottom Ground,Spain,Spain,bowl,Spain,98,6,99,2
T20,Spain,Portugal,La Manga Club Bottom Ground,Spain,Portugal,bowl,Spain,143,6,114,10
T20,Namibia,Singapore,Dubai International Cricket Stadium,United Arab Emirates,Singapore,bowl,Namibia,191,8,104,10
T20,Australia,Sri Lanka,Adelaide Oval,Australia,Sri Lanka,bowl,Australia,233,2,99,9
T20,P.N.G.,Kenya,Dubai International Cricket Stadium,United Arab Emirates,Kenya,bowl,P.N.G.,118,10,73,10
T20,Nigeria,Hong Kong,Sheikh Zayed Stadium Nursery 1,United Arab Emirates,Nigeria,bat,Hong Kong,81,8,82,5
T20,Gibraltar,Portugal,La Manga Club Bottom Ground,Spain,Portugal,bowl,Portugal,107,7,110,6
T20,Jersey,Oman,Sheikh Zayed Stadium,United Arab Emirates,Oman,bowl,Jersey,141,7,127,9
T20,Scotland,Netherlands,Dubai International Cricket Stadium,United Arab Emirates,Netherlands,bowl,Netherlands,130,8,131,6
T20,Gibraltar,Spain,La Manga Club Bottom Ground,Spain,Spain,bowl,Spain,95,10,96,4
T20,U.A.E.,Canada,Sheikh Zayed Stadium,United Arab Emirates,Canada,bowl,U.A.E.,154,5,140,5
T20,U.A.E.,Netherlands,Dubai International Cricket Stadium,United Arab Emirates,U.A.E.,bat,Netherlands,80,9,81,2
T20,Namibia,Oman,Dubai International Cricket Stadium,United Arab Emirates,Namibia,bat,Namibia,161,7,107,10
T20,Sri Lanka,Australia,Brisbane Cricket Ground,Australia,Sri Lanka,bat,Australia,117,10,118,1
T20,Scotland,U.A.E.,Dubai International Cricket Stadium,United Arab Emirates,Scotland,bat,Scotland,198,6,108,10
T20,Oman,Hong Kong,Dubai International Cricket Stadium,United Arab Emirates,Oman,bat,Oman,134,7,122,9
T20,Oman,Scotland,ICC Academy,United Arab Emirates,Oman,bat,Scotland,167,7,168,5
T20,New Zealand,England,Hagley Oval,New Zealand,England,bowl,England,153,5,154,3
T20,Sri Lanka,Australia,Melbourne Cricket Ground,Australia,Australia,bowl,Australia,142,6,145,3
T20,Netherlands,Ireland,Dubai International Cricket Stadium,United Arab Emirates,Ireland,bowl,Netherlands,158,4,137,9
T20,P.N.G.,Namibia,Dubai International Cricket Stadium,United Arab Emirates,P.N.G.,bat,P.N.G.,130,5,112,5
T20,Ireland,Namibia,Dubai International Cricket Stadium,United Arab Emirates,Ireland,bat,Ireland,135,10,108,10
T20,P.N.G.,Netherlands,Dubai International Cricket Stadium,United Arab Emirates,P.N.G.,bat,Netherlands,128,8,134,3
T20,New Zealand,England,Westpac Stadium,New Zealand,England,bowl,New Zealand,176,8,155,10
T20,Pakistan,Australia,Sydney Cricket Ground,Australia,Australia,bowl,0,107,5,41,0
T20,India,Bangladesh,Arun Jaitley Stadium,India,Bangladesh,bowl,Bangladesh,148,6,154,3
T20,New Zealand,England,Saxton Oval,New Zealand,New Zealand,bat,New Zealand,180,7,166,7
T20,Pakistan,Australia,Manuka Oval,Australia,Pakistan,bat,Australia,150,6,151,3
T20,Mozambique,Malawi,Lilongwe Golf Club,Malawi,Malawi,bowl,Malawi,169,5,170,7
T20,Mozambique,Malawi,Lilongwe Golf Club,Malawi,Mozambique,bat,Malawi,109,10,114,3
T20,Malawi,Mozambique,Lilongwe Golf Club,Malawi,Mozambique,bowl,Malawi,142,6,117,10
T20,Mozambique,Malawi,Lilongwe Golf Club,Malawi,Malawi,bowl,Malawi,144,4,145,6
T20,Bangladesh,India,Saurashtra Cricket Association Stadium,India,India,bowl,India,153,6,154,2
T20,England,New Zealand,McLean Park,New Zealand,New Zealand,bowl,England,241,3,165,10
T20,Pakistan,Australia,Perth Stadium,Australia,Australia,bowl,Australia,106,8,109,0
T20,Malawi,Mozambique,Indian Sports Club,Malawi,Mozambique,bowl,Malawi,142,3,127,10
T20,New Zealand,England,Eden Park,New Zealand,England,bowl,0,146,5,146,7
T20,Mozambique,Malawi,Saint Andrews International High School,Malawi,Malawi,bowl,Mozambique,104,10,75,8
T20,India,Bangladesh,Vidarbha Cricket Association Stadium,India,Bangladesh,bowl,India,174,5,144,10
T20,West Indies,Afghanistan,Bharat Ratna Shri Atal Bihari Vajpayee Ekana Cricket Stadium,India,Afghanistan,bowl,West Indies,164,5,134,9
T20,Afghanistan,West Indies,Bharat Ratna Shri Atal Bihari Vajpayee Ekana Cricket Stadium,India,Afghanistan,bat,Afghanistan,147,7,106,8
T20,Afghanistan,West Indies,Bharat Ratna Shri Atal Bihari Vajpayee Ekana Cricket Stadium,India,Afghanistan,bat,Afghanistan,156,8,127,7
T20,Rwanda,Tanzania,Annadil Burhani Ground,Tanzania,Rwanda,bat,Tanzania,96,10,97,7
T20,Nepal,Bhutan,Tribhuvan University International Cricket Ground,Nepal,Bhutan,bowl,Nepal,236,3,95,6
T20,Nepal,Maldives,Tribhuvan University International Cricket Ground,Nepal,Nepal,bat,Nepal,163,7,79,6
T20,West Indies,India,Rajiv Gandhi International Stadium,India,India,bowl,India,207,5,209,4
T20,Bhutan,Maldives,Tribhuvan University International Cricket Ground,Nepal,Maldives,bowl,Maldives,117,7,118,2
T20,India,West Indies,Greenfield International Stadium,India,West Indies,bowl,West Indies,170,7,173,2
T20,Maldives,Nepal,Tribhuvan University International Cricket Ground,Nepal,Nepal,bowl,Nepal,94,9,98,5
T20,India,West Indies,Wankhede Stadium,India,West Indies,bowl,India,240,3,173,8
T20,India,Sri Lanka,Barsapara Cricket Stadium,India,India,0,0,0,0,0,0
T20,Sri Lanka,India,Holkar Cricket Stadium,India,India,bowl,India,142,9,144,3
T20,India,Sri Lanka,Maharashtra Cricket Association Stadium,India,Sri Lanka,bowl,India,201,6,123,10
T20,Ireland,West Indies,National Cricket Stadium,West Indies,Ireland,bat,Ireland,208,7,204,7
T20,Ireland,West Indies,Warner Park,West Indies,West Indies,bowl,0,147,9,16,1
T20,Ireland,West Indies,Warner Park,West Indies,West Indies,bowl,West Indies,138,10,140,1
T20,New Zealand,India,Eden Park,New Zealand,India,bowl,India,203,5,204,4
T20,Bangladesh,Pakistan,Gaddafi Stadium,Pakistan,Bangladesh,bat,Pakistan,141,5,142,5
T20,Bangladesh,Pakistan,Gaddafi Stadium,Pakistan,Bangladesh,bat,Pakistan,136,6,137,1
T20,New Zealand,India,Eden Park,New Zealand,New Zealand,bat,India,132,5,135,3
T20,India,New Zealand,Seddon Park,New Zealand,New Zealand,bowl,0,179,5,179,6
T20,India,New Zealand,Westpac Stadium,New Zealand,New Zealand,bowl,0,165,8,165,7
T20,India,New Zealand,Bay Oval,New Zealand,India,bat,India,163,3,156,9
T20,Qatar,Uganda,West End Park International Cricket Stadium,Qatar,Qatar,bat,Qatar,201,2,161,6
T20,South Africa,England,Buffalo Park,South Africa,England,bowl,South Africa,177,8,176,9
T20,Qatar,Uganda,West End Park International Cricket Stadium,Qatar,Uganda,bowl,Qatar,154,4,126,7
T20,England,South Africa,Kingsmead,South Africa,South Africa,bowl,England,204,7,202,7
T20,Uganda,Qatar,West End Park International Cricket Stadium,Qatar,Uganda,bat,Uganda,134,6,116,10
T20,South Africa,England,SuperSport Park,South Africa,South Africa,bat,England,222,6,226,5
T20,Malaysia,Hong Kong,Kinrara Academy Oval,Malaysia,Malaysia,bat,Malaysia,123,3,61,8
T20,Malaysia,Hong Kong,Kinrara Academy Oval,Malaysia,Malaysia,bat,Malaysia,138,6,103,8
T20,Australia,South Africa,New Wanderers Stadium,South Africa,South Africa,bowl,Australia,196,6,89,10
T20,Iran,U.A.E.,Al Amerat Cricket Ground Oman Cricket (Ministry Turf 2),Oman,U.A.E.,bowl,U.A.E.,61,8,62,0
T20,Qatar,Maldives,Al Amerat Cricket Ground Oman Cricket (Ministry Turf 1),Oman,Qatar,bat,Qatar,196,4,90,9
T20,Saudi Arabia,Kuwait,Al Amerat Cricket Ground Oman Cricket (Ministry Turf 2),Oman,Kuwait,bowl,Kuwait,113,10,114,1
T20,Bahrain,Oman,Al Amerat Cricket Ground Oman Cricket (Ministry Turf 1),Oman,Bahrain,bat,Oman,83,10,84,2
T20,Malaysia,Hong Kong,Kinrara Academy Oval,Malaysia,Malaysia,bat,Malaysia,152,9,144,7
T20,South Africa,Australia,St George's Park,South Africa,South Africa,bat,South Africa,158,4,146,6
T20,Iran,Saudi Arabia,Al Amerat Cricket Ground Oman Cricket (Ministry Turf 1),Oman,Saudi Arabia,bowl,Saudi Arabia,72,9,73,1
T20,Qatar,Oman,Al Amerat Cricket Ground Oman Cricket (Ministry Turf 2),Oman,Qatar,bat,Qatar,175,5,141,10
T20,Malaysia,Hong Kong,Kinrara Academy Oval,Malaysia,Malaysia,bat,Malaysia,167,7,154,7
T20,Bahrain,Maldives,Al Amerat Cricket Ground Oman Cricket (Ministry Turf 2),Oman,Bahrain,bat,Bahrain,186,9,121,9
T20,U.A.E.,Kuwait,Al Amerat Cricket Ground Oman Cricket (Ministry Turf 1),Oman,Kuwait,bowl,U.A.E.,186,5,139,10
T20,Maldives,Oman,Al Amerat Cricket Ground Oman Cricket (Ministry Turf 1),Oman,Oman,bowl,Oman,129,7,132,0
T20,U.A.E.,Saudi Arabia,Al Amerat Cricket Ground Oman Cricket (Ministry Turf 2),Oman,U.A.E.,bat,U.A.E.,150,10,138,7
T20,Qatar,Bahrain,Al Amerat Cricket Ground Oman Cricket (Ministry Turf 1),Oman,Qatar,bat,Bahrain,106,9,109,4
T20,Iran,Kuwait,Al Amerat Cricket Ground Oman Cricket (Ministry Turf 2),Oman,Kuwait,bowl,Kuwait,108,8,109,2
T20,Hong Kong,Malaysia,Kinrara Academy Oval,Malaysia,Hong Kong,bat,Malaysia,171,7,176,4
T20,Kuwait,Bahrain,Al Amerat Cricket Ground Oman Cricket (Ministry Turf 1),Oman,Bahrain,bowl,Kuwait,210,4,123,10
T20,U.A.E.,Qatar,Al Amerat Cricket Ground Oman Cricket (Ministry Turf 2),Oman,U.A.E.,bat,U.A.E.,122,10,94,10
T20,Australia,South Africa,Newlands,South Africa,South Africa,bowl,Australia,193,5,96,10
T20,U.A.E.,Kuwait,Al Amerat Cricket Ground Oman Cricket (Ministry Turf 1),Oman,Kuwait,bowl,U.A.E.,199,5,97,7
T20,Singapore,Thailand,Terdthai Cricket Ground,Thailand,Thailand,bowl,Singapore,139,7,96,10
T20,Malaysia,Nepal,Terdthai Cricket Ground,Thailand,Malaysia,bat,Malaysia,154,6,132,10
T20,Hong Kong,Nepal,Terdthai Cricket Ground,Thailand,Nepal,bowl,Hong Kong,154,6,111,10
T20,Thailand,Malaysia,Terdthai Cricket Ground,Thailand,Thailand,bat,Malaysia,85,9,86,2
T20,Singapore,Malaysia,Terdthai Cricket Ground,Thailand,Singapore,bat,Singapore,239,3,111,10
T20,Thailand,Hong Kong,Terdthai Cricket Ground,Thailand,Thailand,bat,Hong Kong,77,8,78,2
T20,Thailand,Nepal,Terdthai Cricket Ground,Thailand,Thailand,bat,Nepal,66,10,72,1
T20,Singapore,Hong Kong,Terdthai Cricket Ground,Thailand,Singapore,bat,Singapore,168,5,152,8
T20,West Indies,Sri Lanka,Pallekele International Cricket Stadium,Sri Lanka,West Indies,bat,West Indies,196,4,171,10
T20,Malaysia,Hong Kong,Terdthai Cricket Ground,Thailand,Malaysia,bat,Hong Kong,132,6,133,4
T20,Ireland,Afghanistan,Greater Noida Sports Complex Ground,India,Ireland,bat,Afghanistan,172,6,133,5
T20,Sri Lanka,West Indies,Pallekele International Cricket Stadium,Sri Lanka,West Indies,bowl,West Indies,155,6,158,3
T20,Afghanistan,Ireland,Greater Noida Sports Complex Ground,India,Afghanistan,bat,Afghanistan,184,4,163,6
T20,Germany,Spain,Desert Springs Cricket Ground,Spain,Spain,bowl,Spain,139,7,142,1
T20,Germany,Spain,Desert Springs Cricket Ground,Spain,Spain,bowl,Germany,180,3,122,6
T20,Bangladesh,Zimbabwe,Shere Bangla National Stadium,Bangladesh,Zimbabwe,bowl,Bangladesh,200,3,152,10
T20,Ireland,Afghanistan,Greater Noida Sports Complex Ground,India,Ireland,bat,0,142,8,142,7
T20,Zimbabwe,Bangladesh,Shere Bangla National Stadium,Bangladesh,Bangladesh,bowl,Bangladesh,119,7,120,1
T20,Isle of Man,Guernsey,College Field,Guernsey,Isle of Man,bat,Guernsey,100,9,101,2
T20,Luxembourg,Czech Rep.,Pierre Werner Cricket Ground,Luxembourg,Luxembourg,bat,Luxembourg,164,7,89,9
T20,England,Pakistan,Old Trafford,England,Pakistan,bowl,0,131,6,0,0
T20,Luxembourg,Czech Rep.,Pierre Werner Cricket Ground,Luxembourg,Luxembourg,bat,Czech Rep.,112,10,115,5
T20,Bulgaria,Malta,National Sports Academy,Bulgaria,Malta,bowl,0,6,0,0,0
T20,Belgium,Luxembourg,Pierre Werner Cricket Ground,Luxembourg,Belgium,bat,Belgium,165,8,128,8
T20,Belgium,Czech Rep.,Pierre Werner Cricket Ground,Luxembourg,Belgium,bat,Belgium,197,6,151,8
T20,Belgium,Czech Rep.,Pierre Werner Cricket Ground,Luxembourg,Belgium,bat,Belgium,161,6,74,7
T20,Belgium,Luxembourg,Pierre Werner Cricket Ground,Luxembourg,Belgium,bat,Belgium,184,8,135,3
T20,Pakistan,England,Old Trafford,England,England,bowl,England,195,4,199,5
T20,Pakistan,England,Old Trafford,England,England,bowl,Pakistan,190,4,185,8
T20,England,Australia,The Rose Bowl,England,Australia,bowl,England,162,7,160,6
T20,Australia,England,The Rose Bowl,England,Australia,bat,England,157,7,158,4
T20,England,Australia,The Rose Bowl,England,Australia,bowl,Australia,145,6,146,5
T20,Malta,Bulgaria,National Sports Academy,Bulgaria,Malta,bat,Malta,216,8,159,8
T20,Bulgaria,Malta,National Sports Academy,Bulgaria,Bulgaria,bat,Malta,184,6,185,2
T20,Bulgaria,Romania,Moara Vlasiei Cricket Ground,Romania,Bulgaria,bat,Bulgaria,128,5,95,10
T20,Romania,Bulgaria,Moara Vlasiei Cricket Ground,Romania,Romania,bat,Romania,148,2,96,6
T20,Romania,Bulgaria,Moara Vlasiei Cricket Ground,Romania,Romania,bat,Romania,209,6,175,6
T20,Bulgaria,Romania,Moara Vlasiei Cricket Ground,Romania,Bulgaria,bat,Romania,60,10,61,4
T20,Zimbabwe,Pakistan,Rawalpindi Cricket Stadium,Pakistan,Zimbabwe,bat,Pakistan,156,6,157,4
T20,Zimbabwe,Pakistan,Rawalpindi Cricket Stadium,Pakistan,Pakistan,bowl,Pakistan,134,7,137,2
T20,Zimbabwe,Pakistan,Rawalpindi Cricket Stadium,Pakistan,Zimbabwe,bat,Pakistan,129,9,130,2
T20,West Indies,New Zealand,Eden Park,New Zealand,New Zealand,bowl,New Zealand,180,7,179,5
T20,South Africa,England,Newlands,South Africa,England,bowl,England,179,6,183,5
T20,New Zealand,West Indies,Bay Oval,New Zealand,West Indies,bowl,New Zealand,238,3,166,9
T20,South Africa,England,Boland Park,South Africa,England,bowl,England,146,6,147,6
T20,South Africa,England,Newlands,South Africa,South Africa,bat,England,191,3,192,1
T20,India,Australia,Manuka Oval,Australia,Australia,bowl,India,161,7,150,7
T20,Australia,India,Sydney Cricket Ground,Australia,India,bowl,India,194,5,195,4
T20,Australia,India,Sydney Cricket Ground,Australia,India,bowl,Australia,186,5,174,7
T20,Pakistan,New Zealand,Eden Park,New Zealand,Pakistan,bat,New Zealand,153,9,156,5
T20,Pakistan,New Zealand,Seddon Park,New Zealand,Pakistan,bat,New Zealand,163,6,164,1
T20,New Zealand,Pakistan,McLean Park,New Zealand,Pakistan,bowl,Pakistan,173,7,177,6
T20,Pakistan,South Africa,Gaddafi Stadium,Pakistan,South Africa,bowl,Pakistan,169,6,166,6
T20,Pakistan,South Africa,Gaddafi Stadium,Pakistan,South Africa,bowl,South Africa,144,7,145,4
T20,South Africa,Pakistan,Gaddafi Stadium,Pakistan,Pakistan,bowl,Pakistan,164,8,169,6
T20,New Zealand,Australia,Hagley Oval,New Zealand,Australia,bowl,New Zealand,184,5,131,10
T20,New Zealand,Australia,University Oval,New Zealand,Australia,bowl,New Zealand,219,7,215,8
T20,Australia,New Zealand,Westpac Stadium,New Zealand,New Zealand,bowl,Australia,208,4,144,10
T20,Sri Lanka,West Indies,Coolidge Cricket Ground,West Indies,West Indies,bowl,West Indies,131,9,134,6
T20,Australia,New Zealand,Westpac Stadium,New Zealand,Australia,bat,Australia,156,6,106,10
T20,Sri Lanka,West Indies,Coolidge Cricket Ground,West Indies,Sri Lanka,bat,Sri Lanka,160,6,117,10
T20,Australia,New Zealand,Westpac Stadium,New Zealand,Australia,bat,New Zealand,142,8,143,3
T20,Sri Lanka,West Indies,Coolidge Cricket Ground,West Indies,Sri Lanka,bat,West Indies,131,4,134,7
T20,India,England,Narendra Modi Stadium,India,England,bowl,England,124,7,130,2
T20,England,India,Narendra Modi Stadium,India,India,bowl,India,164,6,166,3
T20,India,England,Narendra Modi Stadium,India,England,bowl,England,156,6,158,2
T20,Afghanistan,Zimbabwe,Zayed Cricket Stadium,United Arab Emirates,Zimbabwe,bowl,Afghanistan,198,5,150,7
T20,India,England,Narendra Modi Stadium,India,England,bowl,India,185,8,177,8
T20,Afghanistan,Zimbabwe,Zayed Cricket Stadium,United Arab Emirates,Afghanistan,bat,Afghanistan,193,5,148,10
T20,Afghanistan,Zimbabwe,Zayed Cricket Stadium,United Arab Emirates,Afghanistan,bat,Afghanistan,183,7,136,5
T20,India,England,Narendra Modi Stadium,India,England,bowl,India,224,2,188,8
T20,New Zealand,Bangladesh,Seddon Park,New Zealand,New Zealand,bat,New Zealand,210,3,144,8
T20,New Zealand,Bangladesh,McLean Park,New Zealand,Bangladesh,bowl,New Zealand,173,5,142,7
T20,New Zealand,Bangladesh,Eden Park,New Zealand,Bangladesh,bowl,New Zealand,141,4,76,10
T20,Uganda,Namibia,Wanderers Cricket Ground,Namibia,Uganda,bat,Namibia,134,5,135,3
T20,Namibia,Uganda,Wanderers Cricket Ground,Namibia,Namibia,bat,Namibia,134,6,65,5
T20,Namibia,Uganda,Wanderers Cricket Ground,Namibia,Namibia,bat,Namibia,189,3,124,10
T20,South Africa,Pakistan,The Wanderers Stadium,South Africa,South Africa,bat,Pakistan,188,6,189,6
T20,Pakistan,South Africa,The Wanderers Stadium,South Africa,Pakistan,bat,South Africa,140,9,141,4
T20,South Africa,Pakistan,SuperSport Park,South Africa,Pakistan,bowl,Pakistan,203,5,205,1
T20,South Africa,Pakistan,SuperSport Park,South Africa,Pakistan,bowl,Pakistan,144,10,149,7
T20,Netherlands,Nepal,Tribhuvan University International Cricket Ground,Nepal,Nepal,bowl,Nepal,136,4,141,1
T20,Netherlands,Malaysia,Tribhuvan University International Cricket Ground,Nepal,Netherlands,bat,Netherlands,191,2,176,8
T20,Malaysia,Nepal,Tribhuvan University International Cricket Ground,Nepal,Nepal,bowl,Nepal,109,10,113,1
T20,Nepal,Netherlands,Tribhuvan University International Cricket Ground,Nepal,Nepal,bat,Netherlands,206,6,209,7
T20,Netherlands,Malaysia,Tribhuvan University International Cricket Ground,Nepal,Malaysia,bowl,0,107,4,91,4
T20,Pakistan,Zimbabwe,Harare Sports Club,Zimbabwe,Zimbabwe,bowl,Pakistan,149,7,138,7
T20,Nepal,Malaysia,Tribhuvan University International Cricket Ground,Nepal,Malaysia,bowl,Nepal,217,7,148,10
T20,Zimbabwe,Pakistan,Harare Sports Club,Zimbabwe,Pakistan,bowl,Zimbabwe,118,9,99,10
T20,Nepal,Netherlands,Tribhuvan University International Cricket Ground,Nepal,Netherlands,bowl,Nepal,238,3,96,10
T20,Pakistan,Zimbabwe,Harare Sports Club,Zimbabwe,Pakistan,bat,Pakistan,165,3,141,7
T20,Luxembourg,Czech Rep.,Scott Page Field,Czech Republic,Czech Rep.,bowl,Czech Rep.,126,5,127,1
T20,Luxembourg,Austria,Scott Page Field,Czech Republic,Luxembourg,bat,Austria,143,5,59,3
T20,Austria,Czech Rep.,Scott Page Field,Czech Republic,Czech Rep.,bowl,Austria,162,6,84,10
T20,Czech Rep.,Luxembourg,Scott Page Field,Czech Republic,Luxembourg,bowl,Luxembourg,161,7,165,4
T20,Austria,Luxembourg,Scott Page Field,Czech Republic,Austria,bat,Luxembourg,179,5,180,5
T20,Czech Rep.,Austria,Scott Page Field,Czech Republic,Czech Rep.,bat,Austria,156,4,161,6
T20,Greece,Romania,National Sports Academy,Bulgaria,Greece,bat,Romania,157,8,159,7
T20,Sri Lanka,England,Sophia Gardens,England,Sri Lanka,bat,England,111,7,108,5
T20,Serbia,Greece,National Sports Academy,Bulgaria,Greece,bowl,Greece,144,10,147,5
T20,Belgium,Malta,Marsa Sports Club,Malta,Belgium,bat,Malta,99,10,103,4
T20,Bulgaria,Romania,National Sports Academy,Bulgaria,Bulgaria,bat,Romania,157,8,161,3
T20,Romania,Serbia,National Sports Academy,Bulgaria,Romania,bat,Romania,191,10,100,10
T20,Bulgaria,Greece,National Sports Academy,Bulgaria,Greece,bowl,Bulgaria,197,4,133,10
T20,Serbia,Romania,National Sports Academy,Bulgaria,Serbia,bat,Romania,115,7,116,0
T20,England,Sri Lanka,The Rose Bowl,England,Sri Lanka,bowl,England,180,6,91,10
T20,Bulgaria,Greece,National Sports Academy,Bulgaria,Greece,bowl,0,140,10,33,2
T20,South Africa,West Indies,National Cricket Stadium,West Indies,West Indies,bowl,West Indies,160,6,161,2
T20,Bulgaria,Romania,National Sports Academy,Bulgaria,Bulgaria,bat,Romania,115,9,119,3
T20,South Africa,West Indies,National Cricket Stadium,West Indies,West Indies,bowl,South Africa,166,7,150,9
T20,South Africa,West Indies,National Cricket Stadium,West Indies,West Indies,bowl,South Africa,167,8,166,7
T20,West Indies,South Africa,National Cricket Stadium,West Indies,South Africa,bowl,West Indies,167,6,146,9
T20,South Africa,West Indies,National Cricket Stadium,West Indies,South Africa,bat,South Africa,168,4,143,9
T20,Malta,Belgium,Marsa Sports Club,Malta,Malta,bat,Belgium,50,10,52,0
T20,Malta,Belgium,Marsa Sports Club,Malta,Belgium,bowl,Belgium,114,9,115,6
T20,West Indies,Australia,Daren Sammy National Cricket Stadium,West Indies,Australia,bowl,West Indies,145,6,127,10
T20,Belgium,Malta,Marsa Sports Club,Malta,Belgium,bat,Malta,128,10,130,10
T20,Belgium,Malta,Marsa Sports Club,Malta,Belgium,bat,Belgium,172,6,133,10
T20,West Indies,Australia,Daren Sammy National Cricket Stadium,West Indies,Australia,bowl,West Indies,196,4,140,10
T20,Australia,West Indies,Daren Sammy National Cricket Stadium,West Indies,Australia,bat,West Indies,141,6,142,4
T20,Australia,West Indies,Daren Sammy National Cricket Stadium,West Indies,Australia,bat,Australia,189,6,185,6
T20,Pakistan,England,Trent Bridge,England,England,bowl,Pakistan,232,6,201,10
T20,West Indies,Australia,Daren Sammy National Cricket Stadium,West Indies,West Indies,bat,West Indies,199,8,183,9
T20,England,Pakistan,Headingley,England,Pakistan,bowl,England,200,10,155,9
T20,South Africa,Ireland,The Village,Ireland,Ireland,bowl,South Africa,165,7,132,9
T20,Pakistan,England,Old Trafford,England,Pakistan,bat,England,154,6,155,7
T20,Zimbabwe,Bangladesh,Harare Sports Club,Zimbabwe,Zimbabwe,bat,Bangladesh,152,10,153,2
T20,South Africa,Ireland,Civil Service Cricket Club,Ireland,South Africa,bat,South Africa,159,7,117,10
T20,Zimbabwe,Bangladesh,Harare Sports Club,Zimbabwe,Zimbabwe,bat,Zimbabwe,166,6,143,10
T20,Austria,Belgium,Royal Brussels Cricket Club Ground,Belgium,Belgium,bowl,Belgium,195,7,196,3
T20,Belgium,Austria,Royal Brussels Cricket Club Ground,Belgium,Austria,bowl,Belgium,146,8,37,3
T20,South Africa,Ireland,Civil Service Cricket Club,Ireland,South Africa,bat,South Africa,189,2,140,9
T20,Belgium,Austria,Royal Brussels Cricket Club Ground,Belgium,Belgium,bat,Austria,103,9,104,4
T20,Zimbabwe,Bangladesh,Harare Sports Club,Zimbabwe,Zimbabwe,bat,Bangladesh,193,5,194,5
T20,India,Sri Lanka,R Premadasa Stadium,Sri Lanka,Sri Lanka,bowl,India,164,5,126,10
T20,West Indies,Pakistan,Kensington Oval,West Indies,Pakistan,bowl,0,85,5,0,0
T20,Finland,Sweden,Kerava National Cricket Ground,Finland,Sweden,bowl,Sweden,145,7,146,4
T20,India,Sri Lanka,R Premadasa Stadium,Sri Lanka,Sri Lanka,bowl,Sri Lanka,132,5,133,6
T20,India,Sri Lanka,R Premadasa Stadium,Sri Lanka,India,bat,Sri Lanka,81,8,82,3
T20,Pakistan,West Indies,Providence Stadium,West Indies,West Indies,bowl,Pakistan,157,8,150,4
T20,West Indies,Pakistan,Providence Stadium,West Indies,West Indies,bat,0,15,0,0,0
T20,Bangladesh,Australia,Shere Bangla National Stadium,Bangladesh,Australia,bowl,Bangladesh,131,7,108,10
T20,West Indies,Pakistan,Providence Stadium,West Indies,Pakistan,bowl,0,30,0,0,0
T20,Australia,Bangladesh,Shere Bangla National Stadium,Bangladesh,Australia,bat,Bangladesh,121,7,123,5
T20,Norway,Germany,Bayer Uerdingen Cricket Ground,Germany,Germany,bowl,Germany,76,10,80,5
T20,Norway,France,Bayer Uerdingen Cricket Ground,Germany,France,bowl,France,112,7,113,6
T20,France,Germany,Bayer Uerdingen Cricket Ground,Germany,Germany,bowl,Germany,94,9,97,8
T20,Bangladesh,Australia,Shere Bangla National Stadium,Bangladesh,Bangladesh,bat,Bangladesh,127,9,117,4
T20,Germany,France,Bayer Uerdingen Cricket Ground,Germany,France,bowl,Germany,164,3,116,8
T20,Bangladesh,Australia,Shere Bangla National Stadium,Bangladesh,Bangladesh,bat,Australia,104,9,105,7
T20,Norway,France,Bayer Uerdingen Cricket Ground,Germany,France,bowl,Norway,131,8,128,8
T20,Norway,Germany,Bayer Uerdingen Cricket Ground,Germany,Germany,bowl,Norway,185,7,134,6
T20,Norway,Germany,Bayer Uerdingen Cricket Ground,Germany,Norway,bat,Germany,127,8,96,4
T20,Bangladesh,Australia,Shere Bangla National Stadium,Bangladesh,Bangladesh,bat,Bangladesh,122,8,62,10
T20,Denmark,Sweden,Svanholm Park,Denmark,Sweden,bowl,Denmark,111,10,103,6
T20,Denmark,Sweden,Svanholm Park,Denmark,Sweden,bowl,Sweden,135,4,137,7
T20,Sweden,Denmark,Svanholm Park,Denmark,Denmark,bowl,Denmark,122,9,126,4
T20,Ghana,Rwanda,Gahanga International Cricket Stadium,Rwanda,Ghana,bat,Rwanda,164,5,165,9
T20,Rwanda,Ghana,Gahanga International Cricket Stadium,Rwanda,Rwanda,bat,Ghana,139,8,143,8
T20,Malta,Portugal,Gucherre Cricket Ground,Portugal,Portugal,bowl,Portugal,146,8,147,4
T20,Rwanda,Ghana,Gahanga International Cricket Stadium,Rwanda,Ghana,bowl,Rwanda,136,8,79,10
T20,Gibraltar,Malta,Gucherre Cricket Ground,Portugal,Malta,bowl,Malta,148,5,149,2
T20,Ghana,Rwanda,Gahanga International Cricket Stadium,Rwanda,Ghana,bat,Ghana,166,6,30,1
T20,Sweden,Finland,Kerava National Cricket Ground,Finland,Sweden,bat,Finland,135,6,139,6
T20,Portugal,Gibraltar,Gucherre Cricket Ground,Portugal,Gibraltar,bowl,Portugal,217,8,121,8
T20,Rwanda,Ghana,Gahanga International Cricket Stadium,Rwanda,Rwanda,bat,Ghana,147,8,148,3
T20,Sweden,Finland,Kerava National Cricket Ground,Finland,Sweden,bat,Finland,141,8,142,6
T20,Malta,Gibraltar,Gucherre Cricket Ground,Portugal,Gibraltar,bowl,Malta,197,3,193,2
T20,Finland,Sweden,Kerava National Cricket Ground,Finland,Sweden,bowl,Sweden,141,7,113,7
T20,Portugal,Gibraltar,Gucherre Cricket Ground,Portugal,Gibraltar,bowl,Portugal,218,6,108,10
T20,Malta,Portugal,Gucherre Cricket Ground,Portugal,Malta,bat,Portugal,132,8,136,7
T20,Zimbabwe,Ireland,Castle Avenue,Ireland,Ireland,bowl,Zimbabwe,117,7,114,9
T20,Zimbabwe,Ireland,Castle Avenue,Ireland,Zimbabwe,bat,Ireland,152,5,153,3
T20,New Zealand,Bangladesh,Shere Bangla National Stadium,Bangladesh,New Zealand,bat,Bangladesh,60,10,62,3
T20,Ireland,Zimbabwe,Bready Cricket Club,Ireland,Zimbabwe,bowl,Ireland,178,2,138,10
T20,Luxembourg,Bulgaria,Moara Vlasiei Cricket Ground,Romania,Bulgaria,bowl,Luxembourg,187,4,125,10
T20,Hungary,Czech Rep.,Moara Vlasiei Cricket Ground,Romania,Czech Rep.,bowl,Hungary,165,6,160,7
T20,Malta,Luxembourg,Moara Vlasiei Cricket Ground,Romania,Luxembourg,bowl,Luxembourg,128,9,131,6
T20,Ireland,Zimbabwe,Bready Cricket Club,Ireland,Zimbabwe,bowl,Ireland,174,4,110,9
T20,Romania,Czech Rep.,Moara Vlasiei Cricket Ground,Romania,Romania,bat,Romania,211,8,176,9
T20,Jersey,Guernsey,College Field,Guernsey,Guernsey,bowl,Jersey,178,4,141,7
T20,Bulgaria,Malta,Moara Vlasiei Cricket Ground,Romania,Bulgaria,bat,Malta,112,9,113,3
T20,Bangladesh,New Zealand,Shere Bangla National Stadium,Bangladesh,Bangladesh,bat,Bangladesh,141,6,137,5
T20,Romania,Hungary,Moara Vlasiei Cricket Ground,Romania,Romania,bat,Romania,195,6,187,10
T20,Bulgaria,Czech Rep.,Moara Vlasiei Cricket Ground,Romania,Bulgaria,bat,Czech Rep.,137,6,141,3
T20,Luxembourg,Hungary,Moara Vlasiei Cricket Ground,Romania,Hungary,bowl,Luxembourg,179,6,177,9
T20,Romania,Malta,Moara Vlasiei Cricket Ground,Romania,Malta,bowl,Romania,202,8,166,8
T20,Zimbabwe,Ireland,Bready Cricket Club,Ireland,Zimbabwe,bat,Zimbabwe,124,4,119,10
T20,Romania,Luxembourg,Moara Vlasiei Cricket Ground,Romania,Romania,bat,Romania,156,9,123,9
T20,New Zealand,Bangladesh,Shere Bangla National Stadium,Bangladesh,New Zealand,bat,New Zealand,128,5,76,10
T20,Malta,Hungary,Moara Vlasiei Cricket Ground,Romania,Hungary,bowl,Hungary,170,5,171,2
T20,New Zealand,Bangladesh,Shere Bangla National Stadium,Bangladesh,New Zealand,bat,Bangladesh,93,10,96,4
T20,Uganda,Kenya,Entebbe Cricket Oval,Uganda,Kenya,0,0,0,0,0,0
T20,Spain,Germany,Desert Springs Cricket Ground,Spain,Germany,bowl,Germany,128,7,132,3
T20,New Zealand,Bangladesh,Shere Bangla National Stadium,Bangladesh,New Zealand,bat,New Zealand,161,5,134,8
T20,Kenya,Uganda,Entebbe Cricket Oval,Uganda,Kenya,bat,Kenya,151,9,129,10
T20,Germany,Spain,Desert Springs Cricket Ground,Spain,Spain,bowl,Germany,131,7,95,10
T20,South Africa,Sri Lanka,R Premadasa Stadium,Sri Lanka,South Africa,bat,South Africa,163,5,135,6
T20,Nigeria,Kenya,Entebbe Cricket Oval,Uganda,Nigeria,bat,Kenya,107,8,108,2
T20,Germany,Spain,Desert Springs Cricket Ground,Spain,Germany,bat,Spain,115,9,116,5
T20,Uganda,Nigeria,Entebbe Cricket Oval,Uganda,Uganda,bat,Uganda,152,4,96,6
T20,Germany,Spain,Desert Springs Cricket Ground,Spain,Spain,bowl,Spain,119,9,120,9
T20,Sri Lanka,South Africa,R Premadasa Stadium,Sri Lanka,Sri Lanka,bat,South Africa,103,10,105,1
T20,Nigeria,Uganda,Entebbe Cricket Oval,Uganda,Nigeria,bat,Uganda,123,8,124,2
T20,Kenya,Nigeria,Entebbe Cricket Oval,Uganda,Kenya,bat,Kenya,162,5,101,7
T20,Sri Lanka,South Africa,R Premadasa Stadium,Sri Lanka,Sri Lanka,bat,South Africa,120,8,121,0
T20,Kenya,Uganda,Entebbe Cricket Oval,Uganda,Uganda,bowl,Uganda,123,10,126,6
T20,Uganda,Nigeria,Entebbe Cricket Oval,Uganda,Uganda,bat,Uganda,172,6,117,7
T20,Scotland,Zimbabwe,Grange Cricket Club Ground,Scotland,Scotland,bat,Scotland,141,6,134,9
T20,Nigeria,Kenya,Entebbe Cricket Oval,Uganda,Nigeria,bat,Nigeria,133,5,107,5
T20,Uganda,Kenya,Entebbe Cricket Oval,Uganda,Uganda,bat,Uganda,120,9,114,8
T20,Zimbabwe,Scotland,Grange Cricket Club Ground,Scotland,Zimbabwe,bat,Zimbabwe,136,5,126,10
T20,Scotland,Zimbabwe,Grange Cricket Club Ground,Scotland,Scotland,bat,Zimbabwe,177,4,180,4
T20,Namibia,U.A.E.,ICC Academy,United Arab Emirates,U.A.E.,bowl,Namibia,159,8,142,9
T20,Estonia,Cyprus,Happy Valley Ground,Cyprus,Cyprus,bowl,Cyprus,102,8,105,6
T20,Estonia,Cyprus,Happy Valley Ground,Cyprus,Estonia,bat,Cyprus,130,6,131,2
T20,Cyprus,Isle of Man,Happy Valley Ground,Cyprus,Cyprus,bat,Isle of Man,92,10,93,2
T20,Estonia,Isle of Man,Happy Valley Ground,Cyprus,Estonia,bat,Isle of Man,118,7,122,4
T20,Netherlands,South Africa,Adelaide Oval,Australia,South Africa,bowl,Netherlands,158,4,145,8
T20,U.A.E.,Ireland,ICC Academy,United Arab Emirates,U.A.E.,bat,Ireland,123,7,124,3
T20,Cyprus,Isle of Man,Happy Valley Ground,Cyprus,Isle of Man,bowl,Isle of Man,149,7,151,7
T20,Cyprus,Estonia,Happy Valley Ground,Cyprus,Cyprus,bat,Cyprus,187,8,108,10
T20,U.A.E.,Ireland,ICC Academy,United Arab Emirates,Ireland,bowl,U.A.E.,163,4,109,10
T20,Cyprus,Estonia,Happy Valley Ground,Cyprus,Cyprus,bat,Cyprus,160,9,121,6
T20,P.N.G.,Scotland,ICC Academy,United Arab Emirates,P.N.G.,bat,Scotland,154,5,156,2
T20,Estonia,Isle of Man,Happy Valley Ground,Cyprus,Isle of Man,bowl,Isle of Man,71,10,72,2
T20,Scotland,Namibia,ICC Academy,United Arab Emirates,Namibia,bowl,Namibia,137,8,138,5
T20,Ireland,U.A.E.,ICC Academy,United Arab Emirates,U.A.E.,bowl,U.A.E.,134,5,139,3
T20,Namibia,P.N.G.,ICC Academy,United Arab Emirates,P.N.G.,bowl,Namibia,174,6,160,6
T20,Jersey,Germany,Desert Springs Cricket Ground,Spain,Germany,bowl,Jersey,137,7,133,5
T20,Denmark,Italy,Desert Springs Cricket Ground,Spain,Denmark,bat,Italy,100,9,101,4
T20,Rwanda,Ghana,Gahanga International Cricket Stadium. Rwanda,Rwanda,Ghana,bowl,Ghana,153,9,157,5
T20,Swaziland,Lesotho,Integrated Polytechnic Regional Centre,Rwanda,Swaziland,bat,Swaziland,194,4,140,10
T20,Denmark,Germany,Desert Springs Cricket Ground,Spain,Denmark,bat,Germany,110,6,112,4
T20,Seychelles,Ghana,Gahanga International Cricket Stadium. Rwanda,Rwanda,Seychelles,bat,Ghana,95,10,96,1
T20,Malawi,Uganda,Integrated Polytechnic Regional Centre,Rwanda,Malawi,bat,Uganda,98,7,101,0
T20,Jersey,Italy,Desert Springs Cricket Ground,Spain,Jersey,bat,Jersey,139,5,98,10
T20,Lesotho,Seychelles,Gahanga International Cricket Stadium. Rwanda,Rwanda,Seychelles,bowl,Seychelles,131,8,132,4
T20,Swaziland,Malawi,Integrated Polytechnic Regional Centre,Rwanda,Malawi,bowl,Malawi,97,10,99,2
T20,Jersey,Denmark,Desert Springs Cricket Ground,Spain,Denmark,bowl,Jersey,94,10,89,9
T20,P.N.G.,Oman,Al Amerat Cricket Ground Oman Cricket (Ministry Turf 1),Oman,Oman,bowl,Oman,129,9,131,0
T20,Ghana,Lesotho,Gahanga International Cricket Stadium. Rwanda,Rwanda,Ghana,bat,Ghana,239,5,123,10
T20,Uganda,Rwanda,Integrated Polytechnic Regional Centre,Rwanda,Uganda,bat,Uganda,169,4,63,10
T20,Italy,Germany,Desert Springs Cricket Ground,Spain,Italy,bat,Germany,103,5,104,6
T20,Scotland,Bangladesh,Al Amerat Cricket Ground Oman Cricket (Ministry Turf 1),Oman,Bangladesh,bowl,Scotland,140,9,134,7
T20,Netherlands,Ireland,Zayed Cricket Stadium,United Arab Emirates,Netherlands,bat,Ireland,106,10,107,3
T20,Namibia,Sri Lanka,Zayed Cricket Stadium,United Arab Emirates,Sri Lanka,bowl,Sri Lanka,96,10,100,3
T20,Malawi,Ghana,Gahanga International Cricket Stadium. Rwanda,Rwanda,Ghana,bowl,Ghana,95,8,96,3
T20,Lesotho,Uganda,Integrated Polytechnic Regional Centre,Rwanda,Lesotho,bat,Uganda,26,10,27,0
T20,Italy,Denmark,Desert Springs Cricket Ground,Spain,Denmark,bowl,Italy,141,4,132,9
T20,Nigeria,Sierra Leone,University of Lagos Cricket Oval,Nigeria,Sierra Leone,bowl,Sierra Leone,99,10,100,4
T20,Scotland,P.N.G.,Al Amerat Cricket Ground Oman Cricket (Ministry Turf 1),Oman,Scotland,bat,Scotland,165,9,148,10
T20,Rwanda,Seychelles,Gahanga International Cricket Stadium. Rwanda,Rwanda,Rwanda,bat,Rwanda,196,4,23,5
T20,Swaziland,Uganda,Integrated Polytechnic Regional Centre,Rwanda,Swaziland,bat,Uganda,72,10,76,4
T20,Germany,Jersey,Desert Springs Cricket Ground,Spain,Germany,bat,Jersey,85,10,86,6
T20,Bangladesh,Oman,Al Amerat Cricket Ground Oman Cricket (Ministry Turf 1),Oman,Bangladesh,bat,Bangladesh,153,10,127,9
T20,Malawi,Seychelles,Gahanga International Cricket Stadium. Rwanda,Rwanda,Malawi,bat,Malawi,142,2,121,10
T20,Swaziland,Ghana,Integrated Polytechnic Regional Centre,Rwanda,Ghana,bowl,Ghana,74,9,75,3
T20,Italy,Jersey,Desert Springs Cricket Ground,Spain,Jersey,bowl,Jersey,100,8,104,2
T20,Nigeria,Sierra Leone,University of Lagos Cricket Oval,Nigeria,0,bowl,Nigeria,102,7,96,9
T20,Netherlands,Namibia,Zayed Cricket Stadium,United Arab Emirates,Namibia,bowl,Namibia,164,4,166,4
T20,Swaziland,Seychelles,Gahanga International Cricket Stadium. Rwanda,Rwanda,Swaziland,bat,Seychelles,128,7,130,3
T20,Rwanda,Lesotho,Integrated Polytechnic Regional Centre,Rwanda,Rwanda,bat,Rwanda,102,8,80,7
T20,Germany,Denmark,Desert Springs Cricket Ground,Spain,Denmark,bowl,Germany,119,5,107,10
T20,Sri Lanka,Ireland,Zayed Cricket Stadium,United Arab Emirates,Ireland,bowl,Sri Lanka,171,7,101,10
T20,Uganda,Ghana,Gahanga International Cricket Stadium. Rwanda,Rwanda,Ghana,bowl,Uganda,176,6,97,10
T20,Italy,Germany,Desert Springs Cricket Ground,Spain,Germany,bowl,Italy,117,10,116,6
T20,Bangladesh,P.N.G.,Al Amerat Cricket Ground Oman Cricket (Ministry Turf 1),Oman,Bangladesh,bat,Bangladesh,181,7,97,10
T20,Malta,Gibraltar,Marsa Sports Club,Malta,Malta,bat,Malta,213,5,152,2
T20,Nigeria,Sierra Leone,University of Lagos Cricket Oval,Nigeria,Sierra Leone,bowl,Nigeria,124,8,55,10
T20,Denmark,Jersey,Desert Springs Cricket Ground,Spain,Denmark,bat,Jersey,130,6,131,6
T20,Oman,Scotland,Al Amerat Cricket Ground Oman Cricket (Ministry Turf 1),Oman,Oman,bat,Scotland,122,10,123,2
T20,Swaziland,Rwanda,Gahanga International Cricket Stadium. Rwanda,Rwanda,Swaziland,bat,Rwanda,77,10,79,3
T20,Malawi,Lesotho,Integrated Polytechnic Regional Centre,Rwanda,Lesotho,bowl,Malawi,123,4,101,7
T20,Gibraltar,Switzerland,Marsa Sports Club,Malta,Gibraltar,bat,Switzerland,133,9,134,1
T20,Ireland,Namibia,Sharjah Cricket Stadium,United Arab Emirates,Ireland,bat,Namibia,125,8,126,2
T20,Malawi,Rwanda,Gahanga International Cricket Stadium. Rwanda,Rwanda,Malawi,bat,Malawi,139,2,115,10
T20,Uganda,Seychelles,Integrated Polytechnic Regional Centre,Rwanda,Uganda,bat,Uganda,164,5,69,9
T20,Bulgaria,Switzerland,Marsa Sports Club,Malta,Bulgaria,bat,Switzerland,81,10,82,2
T20,Gibraltar,Bulgaria,Marsa Sports Club,Malta,Gibraltar,bat,Bulgaria,177,9,178,4
T20,Netherlands,Sri Lanka,Sharjah Cricket Stadium,United Arab Emirates,Sri Lanka,bowl,Sri Lanka,44,10,45,2
T20,Gibraltar,Bulgaria,Marsa Sports Club,Malta,Bulgaria,bowl,Gibraltar,217,4,180,5
T20,Qatar,Bahrain,West End Park International Cricket Stadium,Qatar,Bahrain,bowl,Bahrain,133,5,134,2
T20,Sierra Leone,Nigeria,University of Lagos Cricket Oval,Nigeria,Sierra Leone,bat,Nigeria,84,5,85,1
T20,Switzerland,Malta,Marsa Sports Club,Malta,Switzerland,bat,Switzerland,150,9,142,9
T20,South Africa,Australia,Zayed Cricket Stadium,United Arab Emirates,Australia,bowl,Australia,118,9,121,5
T20,Maldives,Saudi Arabia,West End Park International Cricket Stadium,Qatar,Maldives,bat,Saudi Arabia,98,9,101,3
T20,Bulgaria,Malta,Marsa Sports Club,Malta,Bulgaria,bat,Malta,150,6,153,4
T20,West Indies,England,Dubai International Cricket Stadium,United Arab Emirates,England,bowl,England,55,10,56,4
T20,Bahrain,Kuwait,West End Park International Cricket Stadium,Qatar,Kuwait,bowl,Kuwait,124,8,129,4
T20,Jersey,Guernsey,King George V Sports Ground,Guernsey,Guernsey,bowl,Jersey,168,6,108,8
T20,Bangladesh,Sri Lanka,Sharjah Cricket Stadium,United Arab Emirates,Sri Lanka,bowl,Sri Lanka,171,4,172,5
T20,Qatar,Maldives,West End Park International Cricket Stadium,Qatar,Maldives,bowl,Qatar,154,6,56,10
T20,Malta,Switzerland,Marsa Sports Club,Malta,Malta,bat,Malta,176,7,170,8
T20,Nigeria,Sierra Leone,University of Lagos Cricket Oval,Nigeria,Nigeria,bat,Nigeria,90,10,71,10
T20,India,Pakistan,Dubai International Cricket Stadium,United Arab Emirates,Pakistan,bowl,Pakistan,151,7,152,0
T20,Kuwait,Saudi Arabia,West End Park International Cricket Stadium,Qatar,Saudi Arabia,bowl,Saudi Arabia,146,8,149,6
T20,Malta,Gibraltar,Marsa Sports Club,Malta,Gibraltar,bowl,0,145,10,57,2
T20,Afghanistan,Scotland,Sharjah Cricket Stadium,United Arab Emirates,Afghanistan,bat,Afghanistan,190,4,60,10
T20,Nigeria,Sierra Leone,University of Lagos Cricket Oval,Nigeria,Nigeria,bat,Nigeria,134,8,98,9
T20,West Indies,South Africa,Dubai International Cricket Stadium,United Arab Emirates,South Africa,bowl,South Africa,143,8,144,2
T20,New Zealand,Pakistan,Sharjah Cricket Stadium,United Arab Emirates,Pakistan,bowl,Pakistan,134,8,135,5
T20,Maldives,Bahrain,West End Park International Cricket Stadium,Qatar,Bahrain,bowl,Bahrain,88,9,93,3
T20,Bangladesh,England,Zayed Cricket Stadium,United Arab Emirates,Bangladesh,bat,England,124,9,126,2
T20,Saudi Arabia,Qatar,West End Park International Cricket Stadium,Qatar,Qatar,bowl,Qatar,130,9,134,5
T20,Scotland,Namibia,Zayed Cricket Stadium,United Arab Emirates,Namibia,bowl,Namibia,109,8,115,6
T20,Maldives,Kuwait,West End Park International Cricket Stadium,Qatar,Kuwait,bowl,Kuwait,103,10,107,5
T20,Bahrain,Saudi Arabia,West End Park International Cricket Stadium,Qatar,Saudi Arabia,bowl,Bahrain,179,9,161,6
T20,Sri Lanka,Australia,Dubai International Cricket Stadium,United Arab Emirates,Australia,bowl,Australia,154,6,155,3
T20,West Indies,Bangladesh,Sharjah Cricket Stadium,United Arab Emirates,Bangladesh,bowl,West Indies,142,7,139,5
T20,Kuwait,Qatar,West End Park International Cricket Stadium,Qatar,Kuwait,bat,Qatar,126,9,127,8
T20,Afghanistan,Pakistan,Dubai International Cricket Stadium,United Arab Emirates,Afghanistan,bat,Pakistan,147,6,148,5
T20,Sri Lanka,South Africa,Sharjah Cricket Stadium,United Arab Emirates,South Africa,bowl,South Africa,142,10,146,6
T20,Australia,England,Dubai International Cricket Stadium,United Arab Emirates,England,bowl,England,125,10,126,2
T20,Afghanistan,Namibia,Zayed Cricket Stadium,United Arab Emirates,Afghanistan,bat,Afghanistan,160,5,98,9
T20,India,New Zealand,Dubai International Cricket Stadium,United Arab Emirates,New Zealand,bowl,New Zealand,110,7,111,2
T20,England,Sri Lanka,Sharjah Cricket Stadium,United Arab Emirates,Sri Lanka,bowl,England,163,4,137,10
T20,Botswana,Sierra Leone,Gahanga International Cricket Stadium. Rwanda,Rwanda,Botswana,bat,Botswana,157,5,85,10
T20,Bangladesh,South Africa,Zayed Cricket Stadium,United Arab Emirates,South Africa,bowl,South Africa,84,10,86,4
T20,Tanzania,Mozambique,Gahanga International Cricket Stadium. Rwanda,Rwanda,Tanzania,bat,Tanzania,242,6,155,9
T20,Pakistan,Namibia,Zayed Cricket Stadium,United Arab Emirates,Pakistan,bat,Pakistan,189,2,144,5
T20,Mozambique,Cameroon,Gahanga International Cricket Stadium. Rwanda,Rwanda,Cameroon,bowl,Mozambique,209,5,38,10
T20,New Zealand,Scotland,Dubai International Cricket Stadium,United Arab Emirates,Scotland,bowl,New Zealand,172,5,156,5
T20,Sierra Leone,Tanzania,Gahanga International Cricket Stadium. Rwanda,Rwanda,Sierra Leone,bat,Tanzania,99,8,104,2
T20,India,Afghanistan,Zayed Cricket Stadium,United Arab Emirates,Afghanistan,bowl,India,210,2,144,7
T20,Bangladesh,Australia,Dubai International Cricket Stadium,United Arab Emirates,Australia,bowl,Australia,73,10,78,2
T20,Sri Lanka,West Indies,Zayed Cricket Stadium,United Arab Emirates,West Indies,bowl,Sri Lanka,189,3,169,8
T20,Cameroon,Botswana,Gahanga International Cricket Stadium. Rwanda,Rwanda,Cameroon,bat,Botswana,51,10,54,1
T20,New Zealand,Namibia,Sharjah Cricket Stadium,United Arab Emirates,Namibia,bowl,New Zealand,163,4,111,7
T20,Mozambique,Sierra Leone,Gahanga International Cricket Stadium. Rwanda,Rwanda,Mozambique,bat,Sierra Leone,96,9,97,5
T20,Scotland,India,Dubai International Cricket Stadium,United Arab Emirates,India,bowl,India,85,10,89,2
T20,Botswana,Mozambique,Gahanga International Cricket Stadium. Rwanda,Rwanda,Botswana,bat,Botswana,152,5,100,10
T20,West Indies,Australia,Zayed Cricket Stadium,United Arab Emirates,Australia,bowl,Australia,157,7,161,2
T20,Zimbabwe,Namibia,Queens Sports Club,Zimbabwe,Zimbabwe,bat,Namibia,122,8,124,2
T20,Bangladesh,Pakistan,Adelaide Oval,Australia,Bangladesh,bat,Pakistan,127,8,128,5
T20,Tanzania,Cameroon,Gahanga International Cricket Stadium. Rwanda,Rwanda,Tanzania,bat,Tanzania,240,5,62,10
T20,South Africa,England,Sharjah Cricket Stadium,United Arab Emirates,England,bowl,South Africa,189,2,179,8
T20,Cameroon,Sierra Leone,Gahanga International Cricket Stadium. Rwanda,Rwanda,Cameroon,bat,Sierra Leone,89,9,90,4
T20,Afghanistan,New Zealand,Zayed Cricket Stadium,United Arab Emirates,Afghanistan,bat,New Zealand,124,8,125,2
T20,Tanzania,Botswana,Gahanga International Cricket Stadium. Rwanda,Rwanda,Tanzania,bat,Tanzania,143,10,140,7
T20,Belize,U.S.A.,Coolidge Cricket Ground,West Indies,U.S.A.,bowl,U.S.A.,64,9,68,0
T20,Canada,Bahamas,Sir Vivian Richards Stadium,West Indies,Bahamas,bowl,Canada,190,5,68,10
T20,Pakistan,Scotland,Sharjah Cricket Stadium,United Arab Emirates,Pakistan,bat,Pakistan,189,4,117,6
T20,Panama,U.S.A.,Coolidge Cricket Ground,West Indies,Panama,bat,U.S.A.,85,8,86,1
T20,Canada,Belize,Coolidge Cricket Ground,West Indies,Canada,bat,Canada,234,3,89,6
T20,Bahamas,Argentina,Sir Vivian Richards Stadium,West Indies,Bahamas,bat,Bahamas,121,10,109,5
T20,Namibia,India,Dubai International Cricket Stadium,United Arab Emirates,India,bowl,India,132,8,136,1
T20,Belize,Panama,Coolidge Cricket Ground,West Indies,Belize,bat,Belize,143,8,131,8
T20,U.S.A.,Bermuda,Sir Vivian Richards Stadium,West Indies,U.S.A.,bat,U.S.A.,172,10,149,8
T20,Bermuda,Bahamas,Coolidge Cricket Ground,West Indies,Bahamas,bowl,Bermuda,239,6,99,8
T20,Argentina,Belize,Sir Vivian Richards Stadium,West Indies,Argentina,bat,Argentina,171,4,112,10
T20,England,New Zealand,Zayed Cricket Stadium,United Arab Emirates,New Zealand,bowl,New Zealand,166,4,167,5
T20,Canada,U.S.A.,Coolidge Cricket Ground,West Indies,Canada,bat,0,142,5,142,8
T20,Argentina,Panama,Sir Vivian Richards Stadium,West Indies,Argentina,bat,Argentina,156,6,111,9
T20,Canada,Bermuda,Coolidge Cricket Ground,West Indies,Bermuda,bowl,Canada,187,5,141,7
T20,Bahamas,Belize,Sir Vivian Richards Stadium,West Indies,Bahamas,bat,Bahamas,150,8,139,6
T20,Pakistan,Australia,Dubai International Cricket Stadium,United Arab Emirates,Australia,bowl,Australia,176,4,177,5
T20,Bermuda,Panama,Coolidge Cricket Ground,West Indies,Bermuda,bat,Bermuda,181,6,95,8
T20,Argentina,U.S.A.,Sir Vivian Richards Stadium,West Indies,Argentina,bat,U.S.A.,90,7,94,2
T20,Bahamas,U.S.A.,Coolidge Cricket Ground,West Indies,Bahamas,bat,U.S.A.,90,7,91,0
T20,Belize,Bermuda,Sir Vivian Richards Stadium,West Indies,Belize,bat,Bermuda,85,10,89,3
T20,Panama,Bahamas,Coolidge Cricket Ground,West Indies,Bahamas,bowl,Panama,139,8,113,10
T20,Argentina,Canada,Sir Vivian Richards Stadium,West Indies,Argentina,bat,Canada,109,10,115,1
T20,Canada,Panama,Coolidge Cricket Ground,West Indies,Canada,bat,Canada,245,1,37,10
T20,New Zealand,Australia,Dubai International Cricket Stadium,United Arab Emirates,Australia,bowl,Australia,172,4,173,2
T20,Argentina,Bermuda,Coolidge Cricket Ground,West Indies,Argentina,bat,Bermuda,130,5,133,7
T20,Nigeria,Tanzania,Gahanga International Cricket Stadium. Rwanda,Rwanda,Nigeria,bat,Tanzania,114,9,117,4
T20,Kenya,Uganda,Integrated Polytechnic Regional Centre,Rwanda,Kenya,bat,Kenya,161,5,160,7
T20,Uganda,Nigeria,Gahanga International Cricket Stadium. Rwanda,Rwanda,Uganda,bat,Uganda,147,9,50,2
T20,Tanzania,Kenya,Integrated Polytechnic Regional Centre,Rwanda,Tanzania,bat,Tanzania,187,5,138,10
T20,New Zealand,India,Sawai Mansingh Stadium,India,India,bowl,India,164,6,166,5
T20,Tanzania,Uganda,Gahanga International Cricket Stadium. Rwanda,Rwanda,Tanzania,bat,Uganda,140,8,141,2
T20,Nigeria,Kenya,Integrated Polytechnic Regional Centre,Rwanda,Nigeria,bat,Kenya,130,6,136,2
T20,Tanzania,Kenya,Gahanga International Cricket Stadium. Rwanda,Rwanda,Tanzania,bat,Kenya,101,10,104,3
T20,Nigeria,Uganda,Integrated Polytechnic Regional Centre,Rwanda,Uganda,bowl,Uganda,112,9,114,2
T20,Bangladesh,Pakistan,Shere Bangla National Stadium,Bangladesh,Bangladesh,bat,Pakistan,127,7,132,6
T20,New Zealand,India,JSCA International Stadium Complex,India,India,bowl,India,153,6,155,3
T20,Tanzania,Uganda,Gahanga International Cricket Stadium. Rwanda,Rwanda,Uganda,bowl,Uganda,68,10,74,4
T20,Kenya,Nigeria,Integrated Polytechnic Regional Centre,Rwanda,Nigeria,bowl,Kenya,168,6,108,10
T20,Bangladesh,Pakistan,Shere Bangla National Stadium,Bangladesh,Bangladesh,bat,Pakistan,108,7,109,2
T20,Kenya,Uganda,Gahanga International Cricket Stadium. Rwanda,Rwanda,Kenya,bat,Uganda,123,3,118,4
T20,Tanzania,Nigeria,Integrated Polytechnic Regional Centre,Rwanda,Tanzania,bat,Tanzania,136,7,67,10
T20,India,New Zealand,Eden Gardens,India,India,bat,India,184,7,111,10
T20,Bangladesh,Pakistan,Shere Bangla National Stadium,Bangladesh,Bangladesh,bat,Pakistan,124,7,127,5
T20,Pakistan,West Indies,National Stadium,Pakistan,West Indies,bowl,Pakistan,200,6,137,10
T20,Pakistan,West Indies,National Stadium,Pakistan,Pakistan,bat,Pakistan,172,8,163,10
T20,West Indies,Pakistan,National Stadium,Pakistan,West Indies,bat,Pakistan,207,3,208,3
T20,U.S.A.,Ireland,Central Broward Regional Park Stadium Turf Ground,United States of America,U.S.A.,bat,U.S.A.,188,6,162,6
T20,Ireland,U.S.A.,Central Broward Regional Park Stadium Turf Ground,United States of America,U.S.A.,bowl,Ireland,150,10,141,7
T20,England,West Indies,Kensington Oval,West Indies,West Indies,bowl,West Indies,103,10,104,1
T20,England,West Indies,Kensington Oval,West Indies,West Indies,bowl,England,171,8,170,8
T20,West Indies,England,Kensington Oval,West Indies,England,bowl,West Indies,224,5,204,9
T20,England,West Indies,Kensington Oval,West Indies,West Indies,bowl,England,193,6,159,5
T20,West Indies,England,Kensington Oval,West Indies,West Indies,bat,West Indies,179,4,162,10
T20,Australia,Sri Lanka,Sydney Cricket Ground,Australia,Sri Lanka,bowl,Australia,149,9,122,8
T20,Oman,Nepal,Al Amerat Cricket Ground Oman Cricket (Ministry Turf 1),Oman,Nepal,bowl,Nepal,135,6,137,4
T20,U.A.E.,Nepal,Al Amerat Cricket Ground Oman Cricket (Ministry Turf 1),Oman,Nepal,bowl,U.A.E.,192,3,167,5
T20,Oman,Ireland,Al Amerat Cricket Ground Oman Cricket (Ministry Turf 1),Oman,Ireland,bowl,Ireland,137,10,140,1
T20,U.A.E.,Ireland,Al Amerat Cricket Ground Oman Cricket (Ministry Turf 1),Oman,Ireland,bowl,U.A.E.,178,5,165,7
T20,Australia,Sri Lanka,Sydney Cricket Ground,Australia,Sri Lanka,bowl,0,164,6,164,8
T20,U.A.E.,Oman,Al Amerat Cricket Ground Oman Cricket (Ministry Turf 1),Oman,Oman,bowl,Oman,164,8,165,3
T20,Ireland,Nepal,Al Amerat Cricket Ground Oman Cricket (Ministry Turf 1),Oman,Nepal,bowl,Ireland,127,10,111,9
T20,Sri Lanka,Australia,Manuka Oval,Australia,Australia,bowl,Australia,121,6,124,4
T20,West Indies,India,Eden Gardens,India,India,bowl,India,157,7,162,4
T20,Canada,Philippines,Al Amerat Cricket Ground Oman Cricket (Ministry Turf 2),Oman,Philippines,bowl,Canada,216,1,98,5
T20,Nepal,Oman,Al Amerat Cricket Ground Oman Cricket (Ministry Turf 1),Oman,Oman,bowl,Nepal,117,8,78,10
T20,Sri Lanka,Australia,Melbourne Cricket Ground,Australia,Australia,bowl,Australia,139,8,143,4
T20,Germany,Bahrain,Al Amerat Cricket Ground Oman Cricket (Ministry Turf 2),Oman,Bahrain,bowl,Bahrain,106,10,107,4
T20,U.A.E.,Ireland,Al Amerat Cricket Ground Oman Cricket (Ministry Turf 1),Oman,U.A.E.,bat,U.A.E.,157,5,139,9
T20,India,West Indies,Eden Gardens,India,West Indies,bowl,India,186,5,178,3
T20,Nepal,Philippines,Al Amerat Cricket Ground Oman Cricket (Ministry Turf 2),Oman,Philippines,bowl,Nepal,218,3,82,8
T20,Canada,Oman,Al Amerat Cricket Ground Oman Cricket (Ministry Turf 1),Oman,Oman,bowl,Oman,155,6,159,1
T20,Ireland,Bahrain,Al Amerat Cricket Ground Oman Cricket (Ministry Turf 2),Oman,Ireland,bat,Ireland,158,5,137,5
T20,U.A.E.,Germany,Al Amerat Cricket Ground Oman Cricket (Ministry Turf 1),Oman,U.A.E.,bat,U.A.E.,191,5,167,9
T20,Australia,Sri Lanka,Melbourne Cricket Ground,Australia,Australia,bat,Sri Lanka,154,6,155,5
T20,India,West Indies,Eden Gardens,India,West Indies,bowl,India,184,5,167,9
T20,Bahrain,U.A.E.,Al Amerat Cricket Ground Oman Cricket (Ministry Turf 2),Oman,Bahrain,bat,Bahrain,172,5,170,6
T20,Germany,Ireland,Al Amerat Cricket Ground Oman Cricket (Ministry Turf 1),Oman,Ireland,bowl,Ireland,107,7,111,3
T20,Canada,Nepal,Al Amerat Cricket Ground Oman Cricket (Ministry Turf 1),Oman,Canada,bat,Nepal,80,10,81,2
T20,Philippines,Oman,Al Amerat Cricket Ground Oman Cricket (Ministry Turf 2),Oman,Philippines,bat,Oman,36,10,40,1
T20,Bahrain,Philippines,Al Amerat Cricket Ground Oman Cricket (Ministry Turf 2),Oman,Bahrain,bat,Bahrain,191,5,100,9
T20,Germany,Canada,Al Amerat Cricket Ground Oman Cricket (Ministry Turf 1),Oman,Canada,bowl,Canada,131,6,132,4
T20,U.A.E.,Nepal,Al Amerat Cricket Ground Oman Cricket (Ministry Turf 1),Oman,U.A.E.,bat,U.A.E.,175,7,107,10
T20,Ireland,Oman,Al Amerat Cricket Ground Oman Cricket (Ministry Turf 2),Oman,Oman,bowl,Ireland,165,7,109,10
T20,Bahrain,Canada,Al Amerat Cricket Ground Oman Cricket (Ministry Turf 1),Oman,Bahrain,bat,Canada,131,8,132,3
T20,Philippines,Germany,Al Amerat Cricket Ground Oman Cricket (Ministry Turf 2),Oman,Germany,bowl,Germany,109,8,115,1
T20,Ireland,U.A.E.,Al Amerat Cricket Ground Oman Cricket (Ministry Turf 1),Oman,Ireland,bat,U.A.E.,159,10,160,3
T20,Oman,Nepal,Al Amerat Cricket Ground Oman Cricket (Ministry Turf 2),Oman,Oman,bat,Nepal,87,9,90,1
T20,India,Sri Lanka,Bharat Ratna Shri Atal Bihari Vajpayee Ekana Cricket Stadium,India,Sri Lanka,bowl,India,199,2,137,6
T20,Sri Lanka,India,Himachal Pradesh Cricket Association Stadium,India,India,bowl,India,183,5,186,3
T20,Sri Lanka,India,Himachal Pradesh Cricket Association Stadium,India,Sri Lanka,bat,India,146,5,148,4
T20,Bangladesh,Afghanistan,Shere Bangla National Stadium,Bangladesh,Bangladesh,bat,Bangladesh,155,8,94,10
T20,Bangladesh,Afghanistan,Shere Bangla National Stadium,Bangladesh,Bangladesh,bat,Afghanistan,115,9,121,2
T20,Nepal,P.N.G.,Tribhuvan University International Cricket Ground,Nepal,P.N.G.,bowl,Nepal,183,9,168,10
T20,Malaysia,P.N.G.,Tribhuvan University International Cricket Ground,Nepal,Malaysia,bat,Malaysia,180,3,172,10
T20,Malaysia,Nepal,Tribhuvan University International Cricket Ground,Nepal,Malaysia,bat,Nepal,114,8,117,4
T20,Nepal,P.N.G.,Tribhuvan University International Cricket Ground,Nepal,P.N.G.,bowl,Nepal,203,7,166,10
T20,Malaysia,P.N.G.,Tribhuvan University International Cricket Ground,Nepal,P.N.G.,bowl,P.N.G.,196,6,199,2
T20,Nepal,Malaysia,Tribhuvan University International Cricket Ground,Nepal,Malaysia,bowl,Nepal,223,5,138,10
T20,Nepal,P.N.G.,Tribhuvan University International Cricket Ground,Nepal,P.N.G.,bowl,Nepal,168,6,118,10
T20,Pakistan,Australia,Gaddafi Stadium,Pakistan,Australia,bowl,Australia,162,8,163,7
T20,Uganda,Namibia,United Cricket Club Ground,Namibia,Namibia,bowl,Namibia,127,5,128,2
T20,Namibia,Uganda,United Cricket Club Ground,Namibia,Uganda,bowl,Uganda,177,4,178,3
T20,Namibia,Uganda,United Cricket Club Ground,Namibia,Uganda,bowl,Namibia,185,7,133,10
T20,Bahamas,Cayman Is,Jimmy Powell Oval,Cayman Islands,Cayman Is,bowl,Cayman Is,85,6,88,2
T20,Cayman Is,Bahamas,Jimmy Powell Oval,Cayman Islands,Bahamas,bowl,Cayman Is,148,6,133,9
T20,Bahamas,Cayman Is,Smith Road Oval,Cayman Islands,Cayman Is,bowl,Cayman Is,113,4,119,3
T20,Cayman Is,Bahamas,Smith Road Oval,Cayman Islands,Cayman Is,bat,Cayman Is,166,4,101,10
T20,Cayman Is,Bahamas,Smith Road Oval,Cayman Islands,Bahamas,bowl,Cayman Is,180,6,138,7
T20,Norway,Guernsey,Desert Springs Cricket Ground,Spain,Norway,bat,Norway,137,7,100,7
T20,Spain,Norway,Desert Springs Cricket Ground,Spain,Spain,bat,Spain,129,5,78,9
T20,Norway,Guernsey,Desert Springs Cricket Ground,Spain,Norway,bat,Guernsey,120,7,126,2
T20,Guernsey,Spain,Desert Springs Cricket Ground,Spain,Guernsey,bat,Spain,78,10,80,2
T20,Spain,Guernsey,Desert Springs Cricket Ground,Spain,Spain,bat,Guernsey,107,10,111,2
T20,Spain,Norway,Desert Springs Cricket Ground,Spain,Spain,bat,Spain,125,8,84,10
T20,Denmark,Finland,Svanholm Park,Denmark,Finland,bowl,Finland,137,8,142,7
T20,Denmark,Finland,Svanholm Park,Denmark,Finland,bowl,Denmark,170,5,33,10
T20,Denmark,Finland,Svanholm Park,Denmark,Denmark,bat,Denmark,162,4,109,8
T20,Gibraltar,Malta,Marsa Sports Club,Malta,Malta,bowl,Malta,132,6,135,5
T20,Malta,Hungary,Marsa Sports Club,Malta,Hungary,bowl,Malta,206,7,161,6
T20,Gibraltar,Hungary,Marsa Sports Club,Malta,Hungary,bowl,Hungary,137,8,138,6
T20,Romania,Malta,Marsa Sports Club,Malta,Malta,bowl,Malta,165,4,166,5
T20,Czech Rep.,Gibraltar,Marsa Sports Club,Malta,Czech Rep.,bat,Czech Rep.,184,5,144,8
T20,Hungary,Bulgaria,Marsa Sports Club,Malta,Bulgaria,bowl,Hungary,158,8,153,9
T20,Malta,Czech Rep.,Marsa Sports Club,Malta,Czech Rep.,bowl,Malta,164,8,162,9
T20,Czech Rep.,Bulgaria,Marsa Sports Club,Malta,Czech Rep.,bat,Czech Rep.,258,2,170,7
T20,Romania,Hungary,Marsa Sports Club,Malta,Romania,bat,Hungary,158,7,162,4
T20,Gibraltar,Bulgaria,Marsa Sports Club,Malta,Gibraltar,bat,Gibraltar,213,0,192,6
T20,Romania,Czech Rep.,Marsa Sports Club,Malta,Romania,bat,Romania,193,4,167,9
T20,Bulgaria,Romania,Marsa Sports Club,Malta,Bulgaria,bat,Romania,131,7,132,2
T20,Hungary,Czech Rep.,Marsa Sports Club,Malta,Hungary,bat,Czech Rep.,169,7,175,3
T20,Gibraltar,Romania,Marsa Sports Club,Malta,Gibraltar,bat,Romania,141,10,142,2
T20,Bulgaria,Malta,Marsa Sports Club,Malta,Bulgaria,bat,Malta,204,4,205,4
T20,Gibraltar,Bulgaria,Marsa Sports Club,Malta,Gibraltar,bat,Bulgaria,170,6,171,5
T20,Czech Rep.,Hungary,Marsa Sports Club,Malta,Hungary,bowl,Czech Rep.,221,5,151,6
T20,Romania,Malta,Marsa Sports Club,Malta,Romania,bat,Romania,171,6,162,7
T20,Zimbabwe,Namibia,Queens Sports Club,Zimbabwe,Zimbabwe,bat,Zimbabwe,153,4,146,5
T20,Namibia,Zimbabwe,Queens Sports Club,Zimbabwe,Namibia,bat,Zimbabwe,128,8,129,2
T20,Jersey,Guernsey,King George V Sports Ground,Guernsey,Jersey,bat,Jersey,185,7,148,4
T20,Zimbabwe,Namibia,Queens Sports Club,Zimbabwe,Namibia,bowl,Namibia,157,8,161,4
T20,Namibia,Zimbabwe,Queens Sports Club,Zimbabwe,Zimbabwe,bowl,Namibia,127,8,95,10
T20,Austria,Hungary,Seebarn Cricket Centre,Austria,Austria,bat,Austria,201,5,96,10
T20,Hungary,Austria,Seebarn Cricket Centre,Austria,Austria,bowl,0,89,10,0,0
T20,Austria,Hungary,Seebarn Cricket Centre,Austria,Austria,bat,Hungary,196,6,197,6
T20,Sri Lanka,Australia,R Premadasa Stadium,Sri Lanka,Australia,bowl,Australia,128,10,134,0
T20,Sri Lanka,Australia,R Premadasa Stadium,Sri Lanka,Australia,bowl,Australia,124,9,126,7
T20,Germany,Austria,Bayer Uerdingen Cricket Ground,Germany,Austria,bowl,Germany,135,7,81,10
T20,India,South Africa,Arun Jaitley Stadium,India,South Africa,bowl,South Africa,211,4,212,3
T20,Sweden,Germany,Bayer Uerdingen Cricket Ground,Germany,Germany,bowl,Germany,93,10,95,6
T20,Austria,Germany,Bayer Uerdingen Cricket Ground,Germany,Austria,bat,Austria,141,9,103,10
T20,Austria,Sweden,Bayer Uerdingen Cricket Ground,Germany,Sweden,bowl,Austria,124,9,121,10
T20,Belgium,Malta,Meersen,Belgium,Malta,bowl,Belgium,233,6,122,8
T20,Luxembourg,Switzerland,Pierre Werner Cricket Ground,Luxembourg,Luxembourg,bat,Luxembourg,133,7,115,7
T20,Austria,Sweden,Bayer Uerdingen Cricket Ground,Germany,Sweden,bowl,Austria,133,7,132,6
T20,Zimbabwe,Afghanistan,Harare Sports Club,Zimbabwe,Zimbabwe,bat,Afghanistan,159,8,160,4
T20,Belgium,Malta,Meersen,Belgium,Belgium,bat,Belgium,196,5,112,10
T20,Switzerland,Luxembourg,Pierre Werner Cricket Ground,Luxembourg,Luxembourg,bowl,Switzerland,158,9,80,10
T20,Australia,Sri Lanka,Pallekele International Cricket Stadium,Sri Lanka,Australia,bat,Sri Lanka,176,5,177,6
T20,Germany,Sweden,Bayer Uerdingen Cricket Ground,Germany,Germany,bat,Germany,151,8,122,8
T20,Belgium,Malta,Royal Brussels Cricket Club Ground,Belgium,Belgium,bat,Belgium,162,10,40,10
T20,Austria,Germany,Bayer Uerdingen Cricket Ground,Germany,Austria,bat,Germany,122,7,125,7
T20,Afghanistan,Zimbabwe,Harare Sports Club,Zimbabwe,Afghanistan,bat,Afghanistan,170,5,149,7
T20,India,South Africa,Barabati Stadium,India,South Africa,bowl,South Africa,148,6,149,6
T20,Afghanistan,Zimbabwe,Harare Sports Club,Zimbabwe,Afghanistan,bat,Afghanistan,125,8,90,9
T20,India,South Africa,Dr. Y.S. Rajasekhara Reddy ACA-VDCA Cricket Stadium,India,South Africa,bowl,India,179,5,131,10
T20,India,South Africa,Saurashtra Cricket Association Stadium,India,South Africa,bowl,India,169,6,87,9
T20,Finland,Estonia,Kerava National Cricket Ground,Finland,Estonia,bowl,Finland,139,6,116,4
T20,Finland,Estonia,Kerava National Cricket Ground,Finland,Finland,bat,Finland,182,7,171,6
T20,India,South Africa,M Chinnaswamy Stadium,India,South Africa,bowl,0,28,2,0,0
T20,Serbia,Bulgaria,National Sports Academy,Bulgaria,Bulgaria,bowl,Bulgaria,225,6,229,4
T20,Serbia,Bulgaria,National Sports Academy,Bulgaria,Serbia,bat,Bulgaria,194,8,199,5
T20,Serbia,Bulgaria,National Sports Academy,Bulgaria,Serbia,bat,Bulgaria,185,4,122,1
T20,Serbia,Bulgaria,National Sports Academy,Bulgaria,Bulgaria,bowl,Bulgaria,242,4,246,4
T20,Ireland,India,The Village,Ireland,India,bowl,India,108,4,111,3
T20,Gibraltar,Belgium,Meersen,Belgium,Belgium,bowl,Belgium,139,5,142,3
T20,Malta,Spain,Royal Brussels Cricket Club Ground,Belgium,Spain,bowl,Spain,148,8,150,4
T20,Malaysia,Singapore,Indian Association Ground,Singapore,Singapore,bowl,Singapore,137,7,138,6
T20,Denmark,Hungary,Meersen,Belgium,Denmark,bat,Denmark,190,4,102,10
T20,Portugal,Israel,Royal Brussels Cricket Club Ground,Belgium,Israel,bowl,Portugal,155,8,108,6
T20,India,Ireland,The Village,Ireland,India,bat,India,225,7,221,5
T20,Denmark,Gibraltar,Royal Brussels Cricket Club Ground,Belgium,Denmark,bat,Denmark,256,5,124,8
T20,Portugal,Malta,Meersen,Belgium,Portugal,bat,Portugal,154,8,143,8
T20,Malaysia,Singapore,Indian Association Ground,Singapore,Malaysia,bat,Malaysia,177,5,154,6
T20,Hungary,Belgium,Royal Brussels Cricket Club Ground,Belgium,Hungary,bat,Belgium,120,9,123,8
T20,Israel,Spain,Meersen,Belgium,Israel,bat,Spain,114,9,115,3
T20,Singapore,Malaysia,Indian Association Ground,Singapore,Singapore,bat,Malaysia,122,7,125,5
T20,Hungary,Gibraltar,Royal Brussels Cricket Club Ground,Belgium,Gibraltar,bowl,Gibraltar,134,8,135,6
T20,Portugal,Spain,Meersen,Belgium,Portugal,bat,Spain,77,10,78,2
T20,Belgium,Denmark,Royal Brussels Cricket Club Ground,Belgium,Denmark,bowl,Belgium,161,9,149,9
T20,Malta,Israel,Meersen,Belgium,Israel,bowl,Malta,136,10,120,7
T20,Malaysia,Bhutan,UKM-YSD Cricket Oval,Malaysia,Bhutan,bowl,Malaysia,213,4,58,8
T20,Belgium,Portugal,Royal Brussels Cricket Club Ground,Belgium,Belgium,bat,Portugal,113,10,114,2
T20,Singapore,P.N.G.,Indian Association Ground,Singapore,Singapore,bat,Singapore,168,5,150,9
T20,Denmark,Spain,Royal Brussels Cricket Club Ground,Belgium,Spain,bowl,Denmark,154,7,113,10
T20,Bangladesh,West Indies,Windsor Park,West Indies,West Indies,bowl,0,105,8,0,0
T20,Thailand,Maldives,UKM-YSD Cricket Oval,Malaysia,Thailand,bat,Maldives,81,10,82,3
T20,Malaysia,Bhutan,UKM-YSD Cricket Oval,Malaysia,Malaysia,bat,Malaysia,112,9,73,10
T20,Israel,Hungary,Royal Brussels Cricket Club Ground,Belgium,Hungary,bowl,Israel,166,6,154,9
T20,Singapore,P.N.G.,Indian Association Ground,Singapore,Singapore,bat,P.N.G.,203,7,206,7
T20,Gibraltar,Malta,Royal Brussels Cricket Club Ground,Belgium,Gibraltar,bat,Malta,190,8,196,3
T20,West Indies,Bangladesh,Windsor Park,West Indies,West Indies,bat,West Indies,193,5,158,6
T20,Thailand,Malaysia,UKM-YSD Cricket Oval,Malaysia,Thailand,bat,Malaysia,30,10,34,1
T20,Bhutan,Maldives,UKM-YSD Cricket Oval,Malaysia,Maldives,bowl,Bhutan,110,9,104,8
T20,Spain,Belgium,Royal Brussels Cricket Club Ground,Belgium,Spain,bat,Belgium,145,9,149,5
T20,Portugal,Denmark,Royal Brussels Cricket Club Ground,Belgium,Portugal,bat,Denmark,110,9,111,1
T20,Thailand,Bhutan,UKM-YSD Cricket Oval,Malaysia,Bhutan,bowl,Bhutan,49,8,50,4
T20,Maldives,Malaysia,UKM-YSD Cricket Oval,Malaysia,Malaysia,bowl,Malaysia,57,8,59,2
T20,Bhutan,Maldives,UKM-YSD Cricket Oval,Malaysia,Maldives,bowl,Bhutan,110,7,108,10
T20,Thailand,Malaysia,UKM-YSD Cricket Oval,Malaysia,Malaysia,bowl,Malaysia,73,10,74,1
T20,India,England,The Rose Bowl,England,India,bat,India,198,8,148,10
T20,Bangladesh,West Indies,Providence Stadium,West Indies,Bangladesh,bat,West Indies,163,5,169,5
T20,Maldives,Thailand,UKM-YSD Cricket Oval,Malaysia,Thailand,bowl,Maldives,97,10,56,10
T20,Luxembourg,Austria,Scott Page Field,Czech Republic,Austria,bowl,Austria,119,5,123,5
T20,Luxembourg,Czech Rep.,Scott Page Field,Czech Republic,Luxembourg,bat,Czech Rep.,112,7,115,5
T20,Bulgaria,Serbia,Lisicji Jarak Cricket Ground,Serbia,Serbia,bowl,Serbia,152,9,155,3
T20,Malaysia,Maldives,UKM-YSD Cricket Oval,Malaysia,Maldives,bowl,Malaysia,230,4,136,6
T20,Bhutan,Thailand,UKM-YSD Cricket Oval,Malaysia,Bhutan,bat,Bhutan,135,6,107,7
T20,Czech Rep.,Austria,Scott Page Field,Czech Republic,Austria,bowl,Austria,182,6,183,6
T20,Bulgaria,Serbia,Lisicji Jarak Cricket Ground,Serbia,Serbia,bowl,Serbia,154,9,157,2
T20,Austria,Luxembourg,Scott Page Field,Czech Republic,Luxembourg,bowl,Austria,115,3,84,4
T20,Bulgaria,Serbia,Lisicji Jarak Cricket Ground,Serbia,Serbia,bowl,Bulgaria,206,5,111,10
T20,India,England,Edgbaston,England,England,bowl,India,170,8,121,10
T20,Czech Rep.,Luxembourg,Scott Page Field,Czech Republic,Czech Rep.,bat,Czech Rep.,209,6,173,9
T20,Austria,Czech Rep.,Scott Page Field,Czech Republic,Czech Rep.,bowl,Czech Rep.,146,8,150,4
T20,England,India,Trent Bridge,England,England,bat,England,215,7,198,9
T20,Bhutan,Malaysia,UKM-YSD Cricket Oval,Malaysia,Malaysia,bowl,Malaysia,82,10,84,1
T20,Jersey,U.S.A.,Bulawayo Athletic Club,Zimbabwe,U.S.A.,bowl,U.S.A.,154,5,159,2
T20,Zimbabwe,Singapore,Queens Sports Club,Zimbabwe,Singapore,bowl,Zimbabwe,236,5,125,7
T20,New Zealand,Ireland,Civil Service Cricket Club,Ireland,Ireland,bowl,New Zealand,179,4,91,10
T20,Hong Kong,Uganda,Bulawayo Athletic Club,Zimbabwe,Hong Kong,bat,Uganda,87,9,88,8
T20,Netherlands,P.N.G.,Queens Sports Club,Zimbabwe,Netherlands,bat,Netherlands,163,7,111,10
T20,U.S.A.,Singapore,Bulawayo Athletic Club,Zimbabwe,Singapore,bowl,U.S.A.,201,6,69,10
T20,Zimbabwe,Jersey,Queens Sports Club,Zimbabwe,Jersey,bowl,Zimbabwe,146,8,123,5
T20,Cyprus,Isle of Man,Kerava National Cricket Ground,Finland,Isle of Man,bowl,Isle of Man,120,10,122,2
T20,Greece,Italy,Tikkurila Cricket Ground,Finland,Italy,bowl,Italy,67,6,69,1
T20,Hong Kong,Netherlands,Queens Sports Club,Zimbabwe,Hong Kong,bat,Netherlands,116,10,117,3
T20,Uganda,P.N.G.,Bulawayo Athletic Club,Zimbabwe,P.N.G.,bowl,P.N.G.,160,4,161,2
T20,Finland,Sweden,Tikkurila Cricket Ground,Finland,Sweden,bowl,Finland,115,10,103,7
T20,Romania,Turkey,Kerava National Cricket Ground,Finland,Turkey,bowl,Romania,147,5,96,8
T20,Croatia,Sweden,Kerava National Cricket Ground,Finland,Sweden,bowl,Sweden,69,10,70,2
T20,Cyprus,Romania,Tikkurila Cricket Ground,Finland,Romania,bowl,Cyprus,154,8,134,9
T20,Finland,Italy,Kerava National Cricket Ground,Finland,Italy,bowl,Italy,141,6,144,5
T20,Isle of Man,Serbia,Tikkurila Cricket Ground,Finland,Serbia,bowl,Isle of Man,165,7,97,7
T20,P.N.G.,Hong Kong,Bulawayo Athletic Club,Zimbabwe,Hong Kong,bowl,Hong Kong,185,7,186,8
T20,Netherlands,Uganda,Queens Sports Club,Zimbabwe,Uganda,bowl,Netherlands,187,3,90,9
T20,Jersey,Singapore,Bulawayo Athletic Club,Zimbabwe,Jersey,bat,Jersey,154,7,141,7
T20,Zimbabwe,U.S.A.,Queens Sports Club,Zimbabwe,Zimbabwe,bat,Zimbabwe,185,6,139,8
T20,Singapore,Hong Kong,Bulawayo Athletic Club,Zimbabwe,Hong Kong,bowl,Hong Kong,146,10,147,3
T20,Uganda,Jersey,Queens Sports Club,Zimbabwe,Uganda,bat,Uganda,110,10,105,9
T20,Italy,Sweden,Tikkurila Cricket Ground,Finland,Sweden,bowl,Italy,169,7,78,10
T20,Turkey,Serbia,Kerava National Cricket Ground,Finland,Serbia,bowl,Serbia,67,10,68,3
T20,U.S.A.,Netherlands,Bulawayo Athletic Club,Zimbabwe,U.S.A.,bat,Netherlands,138,10,139,3
T20,Zimbabwe,P.N.G.,Queens Sports Club,Zimbabwe,Zimbabwe,bat,Zimbabwe,199,5,172,8
T20,Croatia,Greece,Tikkurila Cricket Ground,Finland,Greece,bowl,Croatia,104,6,101,10
T20,Romania,Isle of Man,Kerava National Cricket Ground,Finland,Isle of Man,bowl,Isle of Man,120,10,121,2
T20,Finland,Greece,Kerava National Cricket Ground,Finland,Greece,bowl,Finland,183,7,146,10
T20,Romania,Serbia,Tikkurila Cricket Ground,Finland,Romania,bat,Romania,133,6,102,7
T20,Italy,Croatia,Kerava National Cricket Ground,Finland,Italy,bat,Italy,210,5,44,7
T20,Cyprus,Turkey,Tikkurila Cricket Ground,Finland,Cyprus,bat,Cyprus,183,8,48,10
T20,Uganda,Hong Kong,Queens Sports Club,Zimbabwe,Hong Kong,bowl,Uganda,102,7,98,8
T20,Singapore,Jersey,Bulawayo Athletic Club,Zimbabwe,Singapore,bat,Jersey,140,7,141,4
T20,P.N.G.,U.S.A.,Bulawayo Athletic Club,Zimbabwe,U.S.A.,bowl,P.N.G.,97,10,92,10
T20,Zimbabwe,Netherlands,Queens Sports Club,Zimbabwe,Zimbabwe,bat,Zimbabwe,132,10,95,10
T20,Cyprus,Serbia,Kerava National Cricket Ground,Finland,Cyprus,bat,Serbia,125,10,126,6
T20,Sweden,Greece,Tikkurila Cricket Ground,Finland,Greece,bowl,Sweden,150,6,43,10
T20,Croatia,Finland,Tikkurila Cricket Ground,Finland,Croatia,bat,Finland,85,8,87,5
T20,Isle of Man,Turkey,Kerava National Cricket Ground,Finland,Isle of Man,bat,Isle of Man,171,9,97,8
T20,New Zealand,Ireland,Civil Service Cricket Club,Ireland,Ireland,bowl,New Zealand,173,8,142,10
T20,Serbia,Croatia,Tikkurila Cricket Ground,Finland,Serbia,bat,Croatia,90,10,94,7
T20,Finland,Cyprus,Kerava National Cricket Ground,Finland,Finland,bat,Finland,159,10,148,7
T20,Isle of Man,Italy,Kerava National Cricket Ground,Finland,Italy,bowl,Italy,101,8,102,3
T20,Romania,Sweden,Tikkurila Cricket Ground,Finland,Romania,bat,Sweden,104,10,106,2
T20,Ireland,New Zealand,Civil Service Cricket Club,Ireland,Ireland,bat,New Zealand,174,6,180,4
T20,Austria,Luxembourg,Tikkurila Cricket Ground,Finland,Luxembourg,bowl,Austria,139,10,103,10
T20,Estonia,Norway,Kerava National Cricket Ground,Finland,Estonia,bat,Norway,101,10,102,0
T20,Guernsey,Bulgaria,Tikkurila Cricket Ground,Finland,Bulgaria,bowl,Guernsey,130,8,78,10
T20,France,Czech Rep.,Kerava National Cricket Ground,Finland,Czech Rep.,bowl,France,153,6,102,9
T20,Austria,Slovenia,Kerava National Cricket Ground,Finland,Slovenia,bowl,Austria,214,4,73,10
T20,Norway,Czech Rep.,Tikkurila Cricket Ground,Finland,Norway,bat,Norway,186,6,66,10
T20,France,Switzerland,Tikkurila Cricket Ground,Finland,France,bat,Switzerland,157,5,158,9
T20,Guernsey,Luxembourg,Kerava National Cricket Ground,Finland,Luxembourg,bowl,Guernsey,131,5,114,6
T20,Guernsey,Austria,Tikkurila Cricket Ground,Finland,Guernsey,bat,Austria,139,6,141,8
T20,Switzerland,Estonia,Kerava National Cricket Ground,Finland,Switzerland,bat,Switzerland,173,4,142,3
T20,Slovenia,Bulgaria,Tikkurila Cricket Ground,Finland,Bulgaria,bowl,Bulgaria,140,9,143,7
T20,France,Norway,Kerava National Cricket Ground,Finland,France,bat,France,158,8,147,10
T20,New Zealand,Scotland,Grange Cricket Club Ground,Scotland,Scotland,bowl,New Zealand,225,5,157,8
T20,England,South Africa,County Ground,England,South Africa,bowl,England,234,6,193,8
T20,Luxembourg,Bulgaria,Kerava National Cricket Ground,Finland,Luxembourg,bat,Luxembourg,164,6,73,5
T20,Norway,Switzerland,Tikkurila Cricket Ground,Finland,Norway,bat,Norway,174,7,25,1
T20,Czech Rep.,Estonia,Tikkurila Cricket Ground,Finland,Czech Rep.,bat,Czech Rep.,135,9,93,9
T20,Slovenia,Guernsey,Kerava National Cricket Ground,Finland,Guernsey,bowl,Guernsey,55,10,60,1
T20,South Africa,England,Sophia Gardens,England,England,bowl,South Africa,207,3,149,10
T20,Eswatini,Mozambique,Malkerns Country Club oval,Eswatini,Eswatini,bat,Mozambique,123,8,124,2
T20,Eswatini,Mozambique,Malkerns Country Club oval,Eswatini,Eswatini,bat,Mozambique,59,10,60,3
T20,New Zealand,Scotland,Grange Cricket Club Ground,Scotland,New Zealand,bat,New Zealand,254,5,152,9
T20,India,West Indies,Brian Lara Stadium,West Indies,West Indies,bowl,India,190,6,122,8
T20,Eswatini,Mozambique,Malkerns Country Club oval,Eswatini,Eswatini,bat,Mozambique,61,10,64,2
T20,Austria,Bulgaria,Tikkurila Cricket Ground,Finland,Austria,bat,Austria,206,4,48,10
T20,Switzerland,Czech Rep.,Kerava National Cricket Ground,Finland,Switzerland,bat,Czech Rep.,183,8,184,3
T20,Zimbabwe,Bangladesh,Harare Sports Club,Zimbabwe,Zimbabwe,bat,Zimbabwe,205,3,188,6
T20,Mozambique,Eswatini,Malkerns Country Club oval,Eswatini,Eswatini,bowl,Mozambique,190,5,95,10
T20,Luxembourg,Slovenia,Tikkurila Cricket Ground,Finland,Luxembourg,bat,Luxembourg,129,10,124,8
T20,France,Estonia,Kerava National Cricket Ground,Finland,France,bat,France,183,7,124,8
T20,Mozambique,Eswatini,Malkerns Country Club oval,Eswatini,Mozambique,bat,Mozambique,207,5,113,8
T20,Kenya,Nepal,Gymkhana Club Ground,Kenya,Nepal,bowl,Nepal,130,8,133,5
T20,Bulgaria,Czech Rep.,Tikkurila Cricket Ground,Finland,Bulgaria,bat,Czech Rep.,117,10,118,6
T20,Guernsey,France,Kerava National Cricket Ground,Finland,Guernsey,bat,Guernsey,153,6,97,10
T20,Zimbabwe,Bangladesh,Harare Sports Club,Zimbabwe,Zimbabwe,bat,Bangladesh,135,8,136,3
T20,Mozambique,Eswatini,Malkerns Country Club oval,Eswatini,Mozambique,bat,Mozambique,164,6,121,10
T20,Norway,Austria,Kerava National Cricket Ground,Finland,Norway,bat,Austria,77,10,77,1
T20,Luxembourg,Switzerland,Tikkurila Cricket Ground,Finland,Luxembourg,bat,Luxembourg,115,9,108,10
T20,South Africa,England,The Rose Bowl,England,England,bowl,South Africa,191,5,101,10
T20,India,West Indies,Warner Park,West Indies,West Indies,bowl,West Indies,138,10,141,5
T20,Zimbabwe,Bangladesh,Harare Sports Club,Zimbabwe,Zimbabwe,bat,Zimbabwe,156,8,146,8
T20,West Indies,India,Warner Park,West Indies,India,bowl,India,164,5,165,3
T20,South Africa,Ireland,County Ground,England,South Africa,bat,South Africa,211,5,190,9
T20,New Zealand,Netherlands,Sportpark Westvliet,Netherlands,New Zealand,bat,New Zealand,148,7,132,10
T20,Netherlands,New Zealand,Sportpark Westvliet,Netherlands,Netherlands,bat,New Zealand,147,4,149,2
T20,South Africa,Ireland,County Ground,England,Ireland,bowl,South Africa,182,6,138,10
T20,India,West Indies,Central Broward Regional Park Stadium Turf Ground,United States of America,West Indies,bowl,India,191,5,132,10
T20,India,West Indies,Central Broward Regional Park Stadium Turf Ground,United States of America,India,bat,India,188,7,100,10
T20,Afghanistan,Ireland,Civil Service Cricket Club,Ireland,Afghanistan,bat,Ireland,168,7,171,3
T20,New Zealand,West Indies,Sabina Park,West Indies,West Indies,bowl,New Zealand,185,5,172,7
T20,Afghanistan,Ireland,Civil Service Cricket Club,Ireland,Afghanistan,bat,Ireland,122,8,125,5
T20,Kuwait,Bahrain,Al Amerat Cricket Ground Oman Cricket (Ministry Turf 1),Oman,Bahrain,bowl,0,166,9,166,5
T20,Afghanistan,Ireland,Civil Service Cricket Club,Ireland,Ireland,bowl,Afghanistan,189,5,167,9
T20,New Zealand,West Indies,Sabina Park,West Indies,New Zealand,bat,New Zealand,215,5,125,9
T20,Kuwait,Bahrain,Al Amerat Cricket Ground Oman Cricket (Ministry Turf 1),Oman,Bahrain,bowl,Kuwait,209,9,189,8
T20,Bahrain,Kuwait,Al Amerat Cricket Ground Oman Cricket (Ministry Turf 1),Oman,Kuwait,bowl,Kuwait,153,6,154,5
T20,New Zealand,West Indies,Sabina Park,West Indies,New Zealand,bat,West Indies,145,7,150,2
T20,Afghanistan,Ireland,Civil Service Cricket Club,Ireland,Ireland,bowl,Afghanistan,132,6,105,10
T20,Bahrain,Kuwait,Al Amerat Cricket Ground Oman Cricket (Ministry Turf 1),Oman,Kuwait,bowl,Kuwait,164,6,167,6
T20,Afghanistan,Ireland,Civil Service Cricket Club,Ireland,Ireland,bowl,Ireland,95,5,56,3
T20,Kuwait,Bahrain,Al Amerat Cricket Ground Oman Cricket (Ministry Turf 1),Oman,Bahrain,bowl,Kuwait,186,7,84,10
T20,Hong Kong,Singapore,Al Amerat Cricket Ground Oman Cricket (Ministry Turf 1),Oman,Singapore,bowl,Hong Kong,148,9,140,7
T20,U.A.E.,Kuwait,Al Amerat Cricket Ground Oman Cricket (Ministry Turf 1),Oman,Kuwait,bowl,Kuwait,173,5,177,9
T20,U.A.E.,Singapore,Al Amerat Cricket Ground Oman Cricket (Ministry Turf 1),Oman,Singapore,bowl,U.A.E.,160,8,113,10
T20,Kuwait,Hong Kong,Al Amerat Cricket Ground Oman Cricket (Ministry Turf 1),Oman,Hong Kong,bowl,Hong Kong,151,9,153,2
T20,Singapore,Kuwait,Al Amerat Cricket Ground Oman Cricket (Ministry Turf 1),Oman,Singapore,bat,Kuwait,104,10,105,4
T20,U.A.E.,Hong Kong,Al Amerat Cricket Ground Oman Cricket (Ministry Turf 1),Oman,Hong Kong,bowl,Hong Kong,147,10,149,2
T20,Kenya,Nepal,Gymkhana Club Ground,Kenya,Nepal,bowl,Kenya,132,9,114,10
T20,Sri Lanka,Afghanistan,Dubai International Cricket Stadium,United Arab Emirates,Afghanistan,bowl,Afghanistan,105,10,106,2
T20,Kenya,Nepal,Gymkhana Club Ground,Kenya,Kenya,bat,Nepal,156,2,160,6
T20,Pakistan,India,Dubai International Cricket Stadium,United Arab Emirates,India,bowl,India,147,10,148,5
T20,Kenya,Nepal,Gymkhana Club Ground,Kenya,Kenya,bat,Kenya,101,10,94,9
T20,Nepal,Kenya,Gymkhana Club Ground,Kenya,Nepal,bat,Nepal,175,7,144,7
T20,Bangladesh,Afghanistan,Sharjah Cricket Stadium,United Arab Emirates,Bangladesh,bat,Afghanistan,127,7,131,3
T20,India,Hong Kong,Dubai International Cricket Stadium,United Arab Emirates,Hong Kong,bowl,India,192,2,152,5
T20,Bangladesh,Sri Lanka,Dubai International Cricket Stadium,United Arab Emirates,Sri Lanka,bowl,Sri Lanka,183,7,184,8
T20,Pakistan,Hong Kong,Sharjah Cricket Stadium,United Arab Emirates,Hong Kong,bowl,Pakistan,193,2,38,10
T20,Afghanistan,Sri Lanka,Sharjah Cricket Stadium,United Arab Emirates,Sri Lanka,bowl,Sri Lanka,175,6,179,6
T20,India,Pakistan,Dubai International Cricket Stadium,United Arab Emirates,Pakistan,bowl,Pakistan,181,7,182,5
T20,India,Sri Lanka,Dubai International Cricket Stadium,United Arab Emirates,Sri Lanka,bowl,Sri Lanka,173,8,174,4
T20,Afghanistan,Pakistan,Sharjah Cricket Stadium,United Arab Emirates,Pakistan,bowl,Pakistan,129,6,131,9
T20,India,Afghanistan,Dubai International Cricket Stadium,United Arab Emirates,Afghanistan,bowl,India,212,2,111,8
T20,Vanuatu,Fiji,Vanuatu Cricket Ground,Vanuatu,Vanuatu,bat,Vanuatu,173,5,117,9
T20,Cook Islands,Samoa,Vanuatu Cricket Ground,Vanuatu,Samoa,bowl,Samoa,110,8,112,3
T20,Pakistan,Sri Lanka,Dubai International Cricket Stadium,United Arab Emirates,Sri Lanka,bowl,Sri Lanka,121,10,124,5
T20,Cook Islands,Fiji,Vanuatu Cricket Ground,Vanuatu,Cook Islands,bat,Fiji,142,10,143,7
T20,Samoa,Vanuatu,Vanuatu Cricket Ground,Vanuatu,Samoa,bat,Vanuatu,122,9,123,1
T20,Vanuatu,Cook Islands,Vanuatu Cricket Ground,Vanuatu,Vanuatu,bat,Cook Islands,127,9,128,5
T20,Samoa,Fiji,Vanuatu Cricket Ground,Vanuatu,Samoa,bat,Fiji,142,6,145,7
T20,Sri Lanka,Pakistan,Dubai International Cricket Stadium,United Arab Emirates,Pakistan,bowl,Sri Lanka,170,6,147,10
T20,Samoa,Cook Islands,Vanuatu Cricket Ground,Vanuatu,Cook Islands,bowl,Cook Islands,157,9,158,6
T20,Vanuatu,Fiji,Vanuatu Cricket Ground,Vanuatu,Fiji,bowl,Vanuatu,167,7,149,9
T20,Samoa,Vanuatu,Vanuatu Cricket Ground,Vanuatu,Vanuatu,bowl,Vanuatu,120,7,122,4
T20,Fiji,Cook Islands,Vanuatu Cricket Ground,Vanuatu,Cook Islands,bowl,Cook Islands,147,10,150,2
T20,Fiji,Samoa,Vanuatu Cricket Ground,Vanuatu,Samoa,bowl,Fiji,147,10,117,10
T20,Vanuatu,Cook Islands,Vanuatu Cricket Ground,Vanuatu,Cook Islands,bowl,Vanuatu,160,4,123,10
T20,Botswana,Uganda,Willowmoore Park,South Africa,Uganda,bowl,Uganda,103,8,107,3
T20,India,Australia,Punjab Cricket Association IS Bindra Stadium,India,Australia,bowl,Australia,208,6,211,6
T20,Cameroon,Malawi,Willowmoore Park,South Africa,Malawi,bowl,Malawi,76,10,77,3
T20,Ghana,Mozambique,Willowmoore Park,South Africa,Ghana,bat,Ghana,154,7,126,4
T20,Kenya,Malawi,Willowmoore Park,South Africa,Kenya,bat,Kenya,161,7,109,7
T20,Cameroon,Tanzania,Willowmoore Park,South Africa,Cameroon,bat,Tanzania,77,10,78,0
T20,Kenya,Tanzania,Willowmoore Park,South Africa,Kenya,bat,Tanzania,155,3,159,6
T20,Botswana,Ghana,Willowmoore Park,South Africa,Ghana,bowl,Botswana,146,9,135,10
T20,Uganda,Mozambique,Willowmoore Park,South Africa,Uganda,bat,Uganda,162,7,124,9
T20,Cameroon,Kenya,Willowmoore Park,South Africa,Kenya,bowl,Kenya,48,10,50,1
T20,Botswana,Mozambique,Willowmoore Park,South Africa,Mozambique,bowl,Botswana,185,6,93,10
T20,Tanzania,Malawi,Willowmoore Park,South Africa,Malawi,bowl,Tanzania,170,8,126,4
T20,Ghana,Uganda,Willowmoore Park,South Africa,Ghana,bat,Uganda,133,9,135,2
T20,Pakistan,England,National Stadium,Pakistan,England,bowl,England,158,7,160,4
T20,Kenya,Uganda,Willowmoore Park,South Africa,Uganda,bowl,Uganda,105,8,107,7
T20,Botswana,Tanzania,Willowmoore Park,South Africa,Tanzania,bowl,Tanzania,146,7,149,6
T20,Tanzania,Uganda,Willowmoore Park,South Africa,Uganda,bowl,Uganda,174,5,175,2
T20,England,Pakistan,National Stadium,Pakistan,England,bat,Pakistan,199,5,203,0
T20,Australia,India,Vidarbha Cricket Association Stadium,India,India,bowl,India,90,5,92,4
T20,England,Pakistan,National Stadium,Pakistan,Pakistan,bowl,England,221,3,158,8
T20,Australia,India,Rajiv Gandhi International Stadium,India,India,bowl,India,186,7,187,4
T20,Bangladesh,U.A.E.,Dubai International Cricket Stadium,United Arab Emirates,U.A.E.,bowl,Bangladesh,158,5,151,10
T20,Pakistan,England,National Stadium,Pakistan,England,bowl,Pakistan,166,4,163,10
T20,Bangladesh,U.A.E.,Dubai International Cricket Stadium,United Arab Emirates,U.A.E.,bowl,Bangladesh,169,5,137,5
T20,South Africa,India,Greenfield International Stadium,India,India,bowl,India,106,8,110,2
T20,Pakistan,England,Gaddafi Stadium,Pakistan,England,bowl,Pakistan,145,10,139,7
T20,Pakistan,England,Gaddafi Stadium,Pakistan,England,bowl,England,169,6,170,2
T20,India,South Africa,Barsapara Cricket Stadium,India,South Africa,bowl,India,237,3,221,3
T20,England,Pakistan,Gaddafi Stadium,Pakistan,Pakistan,bowl,England,209,3,142,8
T20,South Africa,India,Holkar Cricket Stadium,India,India,bowl,South Africa,227,3,178,10
T20,West Indies,Australia,Carrara Oval,Australia,Australia,bowl,Australia,145,9,146,7
T20,Pakistan,Bangladesh,Hagley Oval,New Zealand,Bangladesh,bowl,Pakistan,167,5,146,8
T20,Australia,West Indies,Brisbane Cricket Ground,Australia,West Indies,bowl,Australia,178,7,147,8
T20,New Zealand,Pakistan,Hagley Oval,New Zealand,New Zealand,bat,Pakistan,147,8,149,4
T20,Japan,Indonesia,Sano International Cricket Ground,Japan,Japan,bat,Japan,143,7,78,9
T20,Bangladesh,New Zealand,Hagley Oval,New Zealand,New Zealand,bowl,New Zealand,137,8,142,2
T20,England,Australia,Perth Stadium,Australia,Australia,bowl,England,208,6,200,9
T20,Japan,Indonesia,Sano International Cricket Ground,Japan,Japan,bat,Japan,179,4,104,6
T20,Japan,Indonesia,Sano International Cricket Ground,Japan,Japan,bat,Indonesia,79,10,82,7
T20,Pakistan,New Zealand,Hagley Oval,New Zealand,Pakistan,bat,New Zealand,130,7,131,1
T20,New Zealand,Bangladesh,Hagley Oval,New Zealand,Bangladesh,bowl,New Zealand,208,5,160,7
T20,England,Australia,Manuka Oval,Australia,Australia,bowl,England,178,7,170,6
T20,Bangladesh,Pakistan,Hagley Oval,New Zealand,Bangladesh,bat,Pakistan,173,6,177,3
T20,New Zealand,Pakistan,Hagley Oval,New Zealand,Pakistan,bowl,Pakistan,163,7,168,5
T20,England,Australia,Manuka Oval,Australia,Australia,bowl,0,112,2,30,3
T20,Indonesia,South Korea,Sano International Cricket Ground,Japan,South Korea,bowl,Indonesia,130,7,66,10
T20,Japan,South Korea,Sano International Cricket Ground,Japan,Japan,bat,Japan,218,8,170,6
T20,Namibia,Sri Lanka,GMHBA Stadium,Australia,Sri Lanka,bowl,Namibia,163,7,108,10
T20,Indonesia,Japan,Sano International Cricket Ground,Japan,Indonesia,bat,Japan,83,10,84,6
T20,U.A.E.,Netherlands,GMHBA Stadium,Australia,U.A.E.,bat,Netherlands,111,8,112,7
T20,Scotland,West Indies,Bellerive Oval,Australia,West Indies,bowl,Scotland,160,5,118,10
T20,South Korea,Japan,Sano International Cricket Ground,Japan,Japan,bowl,Japan,91,10,95,2
T20,Zimbabwe,Ireland,Bellerive Oval,Australia,Ireland,bowl,Zimbabwe,174,7,143,9
T20,Japan,Indonesia,Sano International Cricket Ground,Japan,Japan,bat,Indonesia,103,10,104,4
T20,Namibia,Netherlands,GMHBA Stadium,Australia,Namibia,bat,Netherlands,121,6,122,5
T20,South Korea,Indonesia,Sano International Cricket Ground,Japan,South Korea,bat,Indonesia,98,6,99,7
T20,Sri Lanka,U.A.E.,GMHBA Stadium,Australia,U.A.E.,bowl,Sri Lanka,152,8,73,10
T20,Scotland,Ireland,Bellerive Oval,Australia,Scotland,bat,Ireland,176,5,180,4
T20,West Indies,Zimbabwe,Bellerive Oval,Australia,West Indies,bat,West Indies,153,7,122,10
T20,Sri Lanka,Netherlands,GMHBA Stadium,Australia,Sri Lanka,bat,Sri Lanka,162,6,146,9
T20,U.A.E.,Namibia,GMHBA Stadium,Australia,U.A.E.,bat,U.A.E.,148,3,141,8
T20,West Indies,Ireland,Bellerive Oval,Australia,West Indies,bat,Ireland,146,5,150,1
T20,Scotland,Zimbabwe,Bellerive Oval,Australia,Scotland,bat,Zimbabwe,132,6,133,5
T20,New Zealand,Australia,Sydney Cricket Ground,Australia,Australia,bowl,New Zealand,200,3,111,10
T20,Afghanistan,England,Perth Stadium,Australia,England,bowl,England,112,10,113,5
T20,Ireland,Sri Lanka,Bellerive Oval,Australia,Ireland,bat,Sri Lanka,128,8,133,1
T20,Pakistan,India,Melbourne Cricket Ground,Australia,India,bowl,India,159,8,160,6
T20,Bangladesh,Netherlands,Bellerive Oval,Australia,Netherlands,bowl,Bangladesh,144,8,135,10
T20,Zimbabwe,South Africa,Bellerive Oval,Australia,Zimbabwe,bat,0,79,5,51,0
T20,Sri Lanka,Australia,Perth Stadium,Australia,Australia,bowl,Australia,157,6,158,3
T20,Ireland,England,Melbourne Cricket Ground,Australia,England,bowl,Ireland,157,10,105,5
T20,South Africa,Bangladesh,Sydney Cricket Ground,Australia,South Africa,bat,South Africa,205,5,101,10
T20,India,Netherlands,Sydney Cricket Ground,Australia,India,bat,India,179,2,123,9
T20,Zimbabwe,Pakistan,Perth Stadium,Australia,Zimbabwe,bat,Zimbabwe,130,8,129,8
T20,New Zealand,Sri Lanka,Sydney Cricket Ground,Australia,New Zealand,bat,New Zealand,167,7,102,10
T20,Bangladesh,Zimbabwe,Brisbane Cricket Ground,Australia,Bangladesh,bat,Bangladesh,150,7,147,8
T20,Netherlands,Pakistan,Perth Stadium,Australia,Netherlands,bat,Pakistan,91,9,95,4
T20,India,South Africa,Perth Stadium,Australia,India,bat,South Africa,133,9,137,5
T20,Tanzania,Rwanda,Annadil Burhani Ground,Tanzania,Rwanda,bowl,Tanzania,137,10,83,10
T20,Australia,Ireland,Brisbane Cricket Ground,Australia,Ireland,bowl,Australia,179,5,137,10
T20,Afghanistan,Sri Lanka,Brisbane Cricket Ground,Australia,Afghanistan,bat,Sri Lanka,144,8,148,4
T20,Tanzania,Rwanda,Annadil Burhani Ground,Tanzania,Tanzania,bat,Tanzania,130,6,109,6
T20,England,New Zealand,Brisbane Cricket Ground,Australia,England,bat,England,179,6,159,6
T20,Zimbabwe,Netherlands,Adelaide Oval,Australia,Zimbabwe,bat,Netherlands,117,10,120,5
T20,India,Bangladesh,Adelaide Oval,Australia,Bangladesh,bowl,India,184,6,145,6
T20,Pakistan,South Africa,Sydney Cricket Ground,Australia,Pakistan,bat,Pakistan,185,9,108,9
T20,New Zealand,Ireland,Adelaide Oval,Australia,Ireland,bowl,New Zealand,185,6,150,9
T20,Tanzania,Rwanda,Annadil Burhani Ground,Tanzania,Tanzania,bat,Tanzania,168,9,91,5
T20,Australia,Afghanistan,Adelaide Oval,Australia,Afghanistan,bowl,Australia,168,8,164,7
T20,Italy,Germany,Desert Springs Cricket Ground,Spain,Italy,bat,Germany,107,10,109,0
T20,Italy,Germany,Desert Springs Cricket Ground,Spain,Italy,bat,Germany,146,6,149,2
T20,Sri Lanka,England,Sydney Cricket Ground,Australia,Sri Lanka,bat,England,141,8,144,6
T20,Italy,Spain,Desert Springs Cricket Ground,Spain,Italy,bat,Spain,161,4,165,6
T20,India,Zimbabwe,Melbourne Cricket Ground,Australia,India,bat,India,186,5,115,10
T20,Spain,Germany,Desert Springs Cricket Ground,Spain,Germany,bowl,Spain,132,7,127,6
T20,Rwanda,Tanzania,Annadil Burhani Ground,Tanzania,Rwanda,bat,Tanzania,83,10,84,0
T20,Italy,Spain,Desert Springs Cricket Ground,Spain,Italy,bat,Italy,160,3,127,10
T20,New Zealand,Pakistan,Sydney Cricket Ground,Australia,New Zealand,bat,Pakistan,152,4,153,3
T20,India,England,Adelaide Oval,Australia,England,bowl,England,168,6,170,0
T20,Pakistan,England,Melbourne Cricket Ground,Australia,England,bowl,England,137,8,138,5
T20,Mali,Kenya,Integrated Polytechnic Regional Centre,Rwanda,Mali,bat,Kenya,30,10,34,0
T20,Saudi Arabia,Oman,Al Amerat Cricket Ground Oman Cricket (Ministry Turf 1),Oman,Saudi Arabia,bat,Oman,86,8,90,1
T20,Bahrain,Canada,Al Amerat Cricket Ground Oman Cricket (Ministry Turf 1),Oman,Canada,bowl,Canada,195,7,199,6
T20,Canada,Saudi Arabia,Al Amerat Cricket Ground Oman Cricket (Ministry Turf 1),Oman,Saudi Arabia,bowl,Canada,194,5,128,8
T20,Oman,Bahrain,Al Amerat Cricket Ground Oman Cricket (Ministry Turf 1),Oman,Bahrain,bowl,Bahrain,134,8,139,4
T20,Bahrain,Saudi Arabia,Al Amerat Cricket Ground Oman Cricket (Ministry Turf 1),Oman,Saudi Arabia,bowl,Bahrain,170,4,117,8
T20,Canada,Oman,Al Amerat Cricket Ground Oman Cricket (Ministry Turf 1),Oman,Oman,bowl,Canada,191,2,190,6
T20,Lesotho,Mali,Integrated Polytechnic Regional Centre,Rwanda,Mali,bowl,Lesotho,138,6,107,10
T20,Botswana,Rwanda,Gahanga International Cricket Stadium,Rwanda,Rwanda,bowl,Rwanda,106,10,108,5
T20,Botswana,Seychelles,Integrated Polytechnic Regional Centre,Rwanda,Seychelles,bowl,0,115,2,0,0
T20,Seychelles,Lesotho,Integrated Polytechnic Regional Centre,Rwanda,Seychelles,bat,Lesotho,152,5,153,3
T20,Kenya,St Helena,Gahanga International Cricket Stadium,Rwanda,St Helena,bowl,0,48,0,0,0
T20,Saudi Arabia,Oman,Al Amerat Cricket Ground Oman Cricket (Ministry Turf 1),Oman,Oman,bowl,Oman,114,8,118,3
T20,Canada,Bahrain,Al Amerat Cricket Ground Oman Cricket (Ministry Turf 1),Oman,Bahrain,bowl,Bahrain,160,6,164,2
T20,Lesotho,Botswana,Integrated Polytechnic Regional Centre,Rwanda,Botswana,bowl,Botswana,91,10,97,0
T20,Rwanda,St Helena,Gahanga International Cricket Stadium,Rwanda,Rwanda,bat,Rwanda,130,8,76,8
T20,Kenya,Malawi,Gahanga International Cricket Stadium,Rwanda,Kenya,bat,0,209,6,11,0
T20,Seychelles,Mali,Integrated Polytechnic Regional Centre,Rwanda,Mali,bowl,0,162,3,14,2
T20,Canada,Saudi Arabia,Al Amerat Cricket Ground Oman Cricket (Ministry Turf 1),Oman,Saudi Arabia,bowl,Canada,171,6,126,8
T20,Oman,Bahrain,Al Amerat Cricket Ground Oman Cricket (Ministry Turf 1),Oman,Bahrain,bowl,Oman,220,5,114,10
T20,India,New Zealand,Bay Oval,New Zealand,New Zealand,bowl,India,191,6,126,10
T20,Botswana,Malawi,Gahanga International Cricket Stadium,Rwanda,Botswana,bat,Malawi,143,8,144,6
T20,Rwanda,Kenya,Gahanga International Cricket Stadium,Rwanda,Kenya,bowl,Kenya,87,9,90,1
T20,Oman,Canada,Al Amerat Cricket Ground Oman Cricket (Ministry Turf 1),Oman,Canada,bowl,Canada,169,7,170,7
T20,Bahrain,Saudi Arabia,Al Amerat Cricket Ground Oman Cricket (Ministry Turf 1),Oman,Bahrain,bat,Saudi Arabia,112,9,115,1
T20,Kenya,Lesotho,Integrated Polytechnic Regional Centre,Rwanda,Kenya,bat,Kenya,237,5,70,10
T20,Malawi,Mali,Gahanga International Cricket Stadium,Rwanda,Mali,bowl,Malawi,165,4,91,9
T20,Rwanda,Malawi,Gahanga International Cricket Stadium,Rwanda,Rwanda,bat,Rwanda,159,10,97,8
T20,St Helena,Seychelles,Integrated Polytechnic Regional Centre,Rwanda,Seychelles,bowl,St Helena,125,6,123,10
T20,Saudi Arabia,Bahrain,Al Amerat Cricket Ground Oman Cricket (Ministry Turf 1),Oman,Bahrain,bowl,Saudi Arabia,155,8,123,5
T20,Oman,Canada,Al Amerat Cricket Ground Oman Cricket (Ministry Turf 1),Oman,Canada,bowl,Canada,137,10,139,2
T20,New Zealand,India,McLean Park,New Zealand,New Zealand,bat,0,160,10,75,4
T20,Mali,Botswana,Gahanga International Cricket Stadium,Rwanda,Botswana,bowl,Botswana,37,10,38,5
T20,St Helena,Lesotho,Integrated Polytechnic Regional Centre,Rwanda,Lesotho,bowl,St Helena,126,6,81,10
T20,Seychelles,Malawi,Gahanga International Cricket Stadium,Rwanda,Malawi,bowl,0,42,1,0,0
T20,Mali,St Helena,Integrated Polytechnic Regional Centre,Rwanda,Mali,0,0,0,0,0,0
T20,St Helena,Malawi,Gahanga International Cricket Stadium,Rwanda,Malawi,bowl,Malawi,37,6,39,0
T20,Rwanda,Seychelles,Integrated Polytechnic Regional Centre,Rwanda,Rwanda,bat,Rwanda,122,4,47,8
T20,Botswana,Kenya,Gahanga International Cricket Stadium,Rwanda,Botswana,bat,Kenya,116,6,122,2
T20,Mali,Rwanda,Integrated Polytechnic Regional Centre,Rwanda,Rwanda,bowl,Rwanda,30,10,34,0
T20,Botswana,St Helena,Gahanga International Cricket Stadium,Rwanda,Botswana,bat,Botswana,165,2,105,10
T20,Malawi,Lesotho,Integrated Polytechnic Regional Centre,Rwanda,Malawi,bat,Malawi,185,2,67,10
T20,Seychelles,Kenya,Gahanga International Cricket Stadium,Rwanda,Seychelles,bat,Kenya,94,8,82,3
T20,Rwanda,Lesotho,Integrated Polytechnic Regional Centre,Rwanda,Rwanda,bat,0,192,6,0,0
T20,Ghana,Eswatini,Integrated Polytechnic Regional Centre,Rwanda,Eswatini,bowl,Ghana,176,5,151,5
T20,Sierra Leone,Tanzania,Gahanga International Cricket Stadium,Rwanda,Tanzania,bowl,Tanzania,57,10,47,1
T20,Cambodia,Indonesia,Udayana Cricket Ground,Indonesia,Cambodia,bat,Indonesia,134,7,136,3
T20,Gambia,Eswatini,Integrated Polytechnic Regional Centre,Rwanda,Eswatini,bowl,Eswatini,122,10,123,5
T20,Mozambique,Nigeria,Gahanga International Cricket Stadium,Rwanda,Nigeria,bowl,Nigeria,86,8,87,2
T20,Ghana,Mozambique,Integrated Polytechnic Regional Centre,Rwanda,Mozambique,bowl,Mozambique,111,10,115,3
T20,Sierra Leone,Nigeria,Gahanga International Cricket Stadium,Rwanda,Nigeria,bowl,Nigeria,62,10,63,4
T20,Cameroon,Sierra Leone,Gahanga International Cricket Stadium,Rwanda,Sierra Leone,bowl,Sierra Leone,146,8,150,9
T20,Eswatini,Mozambique,Integrated Polytechnic Regional Centre,Rwanda,Mozambique,bowl,Mozambique,150,5,151,1
T20,Cameroon,Mozambique,Gahanga International Cricket Stadium,Rwanda,Mozambique,bowl,Mozambique,95,10,98,1
T20,Nigeria,Eswatini,Integrated Polytechnic Regional Centre,Rwanda,Eswatini,bowl,Nigeria,221,7,103,9
T20,Gambia,Nigeria,Integrated Polytechnic Regional Centre,Rwanda,Nigeria,bowl,Nigeria,42,10,43,1
T20,Ghana,Tanzania,Gahanga International Cricket Stadium,Rwanda,Tanzania,bowl,Tanzania,121,7,122,6
T20,Sierra Leone,Eswatini,Integrated Polytechnic Regional Centre,Rwanda,Eswatini,bowl,Sierra Leone,52,4,48,4
T20,Mozambique,Tanzania,Gahanga International Cricket Stadium,Rwanda,Tanzania,bowl,Tanzania,81,3,82,4
T20,Cameroon,Nigeria,Gahanga International Cricket Stadium,Rwanda,Nigeria,bowl,Nigeria,72,10,31,0
T20,Ghana,Sierra Leone,Integrated Polytechnic Regional Centre,Rwanda,Sierra Leone,bowl,Sierra Leone,135,7,61,1
T20,Gambia,Sierra Leone,Integrated Polytechnic Regional Centre,Rwanda,Sierra Leone,bowl,Sierra Leone,81,9,84,2
T20,Tanzania,Eswatini,Gahanga International Cricket Stadium,Rwanda,Eswatini,bowl,Tanzania,186,8,120,8
T20,Ghana,Cameroon,Integrated Polytechnic Regional Centre,Rwanda,Cameroon,bowl,Ghana,183,3,76,10
T20,Gambia,Tanzania,Gahanga International Cricket Stadium,Rwanda,Tanzania,bowl,Tanzania,59,10,61,0
T20,Eswatini,Cameroon,Integrated Polytechnic Regional Centre,Rwanda,Eswatini,bat,0,112,6,0,0
T20,Ghana,Gambia,Gahanga International Cricket Stadium,Rwanda,Ghana,bat,Ghana,215,3,69,10
T20,Mozambique,Gambia,Integrated Polytechnic Regional Centre,Rwanda,Mozambique,bat,Mozambique,127,5,70,10
T20,Nigeria,Tanzania,Gahanga International Cricket Stadium,Rwanda,Tanzania,bowl,0,101,10,19,3
T20,Gambia,Cameroon,Integrated Polytechnic Regional Centre,Rwanda,Gambia,bat,Gambia,115,8,104,10
T20,Sierra Leone,Mozambique,Gahanga International Cricket Stadium,Rwanda,Mozambique,bowl,Mozambique,116,9,117,5
T20,Tanzania,Cameroon,Integrated Polytechnic Regional Centre,Rwanda,Tanzania,bat,Tanzania,218,6,34,10
T20,Ghana,Nigeria,Gahanga International Cricket Stadium,Rwanda,Ghana,bat,Nigeria,127,7,131,4
T20,Tanzania,Rwanda,Gahanga International Cricket Stadium,Rwanda,Rwanda,bowl,Tanzania,147,4,81,4
T20,Rwanda,Tanzania,Gahanga International Cricket Stadium,Rwanda,Tanzania,bowl,Tanzania,110,6,114,5
T20,Uganda,Rwanda,Gahanga International Cricket Stadium,Rwanda,Rwanda,bowl,Uganda,185,9,100,10
T20,Tanzania,Uganda,Gahanga International Cricket Stadium,Rwanda,Tanzania,bat,0,48,9,0,0
T20,Malaysia,Bahrain,UKM-YSD Cricket Oval,Malaysia,Malaysia,bat,Malaysia,161,8,150,9
T20,Singapore,Qatar,UKM-YSD Cricket Oval,Malaysia,Singapore,bat,Qatar,130,7,134,5
T20,Uganda,Rwanda,Gahanga International Cricket Stadium,Rwanda,Uganda,bat,Uganda,168,9,35,9
T20,Uganda,Tanzania,Gahanga International Cricket Stadium,Rwanda,Tanzania,bowl,Uganda,169,8,156,9
T20,Qatar,Malaysia,UKM-YSD Cricket Oval,Malaysia,Qatar,bat,Malaysia,126,9,127,2
T20,Bahrain,Singapore,UKM-YSD Cricket Oval,Malaysia,Bahrain,bat,0,144,8,144,7
T20,Uganda,Rwanda,Gahanga International Cricket Stadium,Rwanda,Rwanda,bowl,Uganda,153,7,56,10
T20,Rwanda,Tanzania,Gahanga International Cricket Stadium,Rwanda,Tanzania,bowl,Rwanda,128,7,131,8
T20,Bahrain,Qatar,UKM-YSD Cricket Oval,Malaysia,Qatar,bowl,Bahrain,164,9,151,9
T20,Malaysia,Singapore,UKM-YSD Cricket Oval,Malaysia,Malaysia,bat,Malaysia,207,3,87,10
T20,Uganda,Tanzania,Gahanga International Cricket Stadium,Rwanda,Uganda,bat,Uganda,107,9,105,9
T20,Rwanda,Tanzania,Gahanga International Cricket Stadium,Rwanda,Rwanda,bat,Tanzania,118,9,123,4
T20,Singapore,Qatar,UKM-YSD Cricket Oval,Malaysia,Qatar,bowl,Qatar,140,6,141,2
T20,Bahrain,Malaysia,UKM-YSD Cricket Oval,Malaysia,Bahrain,bat,Malaysia,179,5,182,3
T20,Uganda,Tanzania,Gahanga International Cricket Stadium,Rwanda,Uganda,bat,Tanzania,132,10,137,5
T20,Rwanda,Uganda,Gahanga International Cricket Stadium,Rwanda,Uganda,bowl,Uganda,57,10,59,1
T20,Tanzania,Rwanda,Gahanga International Cricket Stadium,Rwanda,Tanzania,bat,Tanzania,134,9,103,10
T20,Rwanda,Uganda,Gahanga International Cricket Stadium,Rwanda,Uganda,bowl,Uganda,67,10,68,3
T20,Singapore,Bahrain,UKM-YSD Cricket Oval,Malaysia,Bahrain,bowl,Bahrain,168,10,172,4
T20,Malaysia,Qatar,UKM-YSD Cricket Oval,Malaysia,Malaysia,bat,0,61,1,0,0
T20,Malaysia,Singapore,UKM-YSD Cricket Oval,Malaysia,Malaysia,bat,Malaysia,223,4,80,10
T20,Bahrain,Qatar,UKM-YSD Cricket Oval,Malaysia,Qatar,bowl,0,97,4,0,0
T20,Tanzania,Rwanda,Gahanga International Cricket Stadium,Rwanda,Rwanda,bowl,Tanzania,136,9,108,9
T20,Uganda,Tanzania,Gahanga International Cricket Stadium,Rwanda,Uganda,bat,Uganda,183,5,176,10
T20,Singapore,Qatar,UKM-YSD Cricket Oval,Malaysia,Qatar,bowl,Qatar,164,6,165,1
T20,Malaysia,Bahrain,UKM-YSD Cricket Oval,Malaysia,Malaysia,bat,Bahrain,153,9,156,4
T20,Uganda,Rwanda,Gahanga International Cricket Stadium,Rwanda,Rwanda,bowl,Uganda,108,10,105,10
T20,Tanzania,Uganda,Gahanga International Cricket Stadium,Rwanda,Tanzania,0,0,0,0,0,0
T20,India,Sri Lanka,Wankhede Stadium,India,Sri Lanka,bowl,India,162,5,160,10
T20,Sri Lanka,India,Maharashtra Cricket Association Stadium,India,India,bowl,Sri Lanka,206,6,190,8
T20,India,Sri Lanka,Saurashtra Cricket Association Stadium,India,India,bat,India,228,5,137,10
T20,Ireland,Zimbabwe,Harare Sports Club,Zimbabwe,Zimbabwe,bowl,Zimbabwe,114,10,118,5
T20,Zimbabwe,Ireland,Harare Sports Club,Zimbabwe,Ireland,bowl,Ireland,144,10,150,4
T20,Ireland,Zimbabwe,Harare Sports Club,Zimbabwe,Zimbabwe,bowl,Zimbabwe,141,9,144,6
T20,New Zealand,India,JSCA International Stadium Complex,India,India,bowl,New Zealand,176,6,155,9
T20,New Zealand,India,Bharat Ratna Shri Atal Bihari Vajpayee Ekana Cricket Stadium,India,New Zealand,bat,India,99,8,101,4
T20,India,New Zealand,Narendra Modi Stadium,India,India,bat,India,234,4,66,10
T20,U.A.E.,Afghanistan,Zayed Cricket Stadium,United Arab Emirates,Afghanistan,bowl,Afghanistan,142,5,146,5
T20,Afghanistan,U.A.E.,Zayed Cricket Stadium,United Arab Emirates,Afghanistan,bat,U.A.E.,137,6,138,1
T20,U.A.E.,Afghanistan,Zayed Cricket Stadium,United Arab Emirates,Afghanistan,bowl,Afghanistan,163,6,166,4
T20,Argentina,Bermuda,St Albans Club,Argentina,Argentina,bat,Bermuda,77,10,78,4
T20,Bermuda,Argentina,Belgrano Athletic Club Ground,Argentina,Argentina,bowl,Bermuda,226,4,119,5
T20,Spain,Isle of Man,La Manga Club Bottom Ground,Spain,Spain,bat,Spain,177,3,96,10
T20,Spain,Isle of Man,La Manga Club Bottom Ground,Spain,Spain,bat,0,151,3,0,0
T20,Isle of Man,Spain,La Manga Club Bottom Ground,Spain,Isle of Man,bat,Spain,66,10,70,2
T20,Isle of Man,Spain,La Manga Club Bottom Ground,Spain,Isle of Man,bat,Spain,116,8,120,4
T20,Panama,Argentina,Hurlingham Club Ground,Argentina,Argentina,bowl,Panama,139,8,86,10
T20,Bermuda,Cayman Is,St Albans Club,Argentina,Bermuda,bat,Bermuda,173,3,77,9
T20,Isle of Man,Spain,La Manga Club Bottom Ground,Spain,Spain,bowl,Spain,132,8,135,3
T20,Isle of Man,Spain,La Manga Club Bottom Ground,Spain,Spain,bowl,Spain,10,10,13,0
T20,Panama,Bahamas,Hurlingham Club Ground,Argentina,Panama,bat,Bahamas,101,9,105,6
T20,Bermuda,Argentina,Belgrano Athletic Club Ground,Argentina,Bermuda,bat,Bermuda,220,2,110,9
T20,Cayman Is,Bahamas,St Albans Club,Argentina,Cayman Is,bat,Cayman Is,125,10,94,8
T20,Bermuda,Panama,Belgrano Athletic Club Ground,Argentina,Bermuda,bat,Bermuda,196,1,136,6
T20,Malta,Gibraltar,Europa Sports Complex,Gibraltar,Malta,bat,Malta,165,7,164,9
T20,Cayman Is,Panama,Hurlingham Club Ground,Argentina,Cayman Is,bat,Cayman Is,138,7,126,10
T20,Argentina,Bahamas,St Albans Club,Argentina,Argentina,bat,Argentina,117,7,74,10
T20,Bahamas,Bermuda,Hurlingham Club Ground,Argentina,Bermuda,bowl,Bermuda,73,9,74,1
T20,Argentina,Cayman Is,Belgrano Athletic Club Ground,Argentina,Argentina,bat,Cayman Is,125,7,126,7
T20,Kuwait,Malaysia,Mission Road Ground,Hong Kong,Malaysia,bowl,Malaysia,158,9,163,7
T20,Hong Kong,Bahrain,Mission Road Ground,Hong Kong,Bahrain,bowl,Hong Kong,153,4,138,10
T20,Malaysia,Bahrain,Mission Road Ground,Hong Kong,Bahrain,bowl,Malaysia,200,6,147,9
T20,Hong Kong,Kuwait,Mission Road Ground,Hong Kong,Kuwait,bowl,Hong Kong,161,7,150,9
T20,England,Bangladesh,Zahur Ahmed Chowdhury Stadium,Bangladesh,Bangladesh,bowl,Bangladesh,156,6,158,4
T20,Kuwait,Bahrain,Mission Road Ground,Hong Kong,Bahrain,bowl,Bahrain,156,8,159,6
T20,Malaysia,Hong Kong,Mission Road Ground,Hong Kong,Hong Kong,bowl,Hong Kong,95,10,98,6
T20,Bahrain,Kuwait,Mission Road Ground,Hong Kong,Kuwait,bowl,Kuwait,135,9,136,4
T20,Hong Kong,Malaysia,Mission Road Ground,Hong Kong,Malaysia,bowl,Hong Kong,182,8,143,10
T20,England,Bangladesh,Shere Bangla National Stadium,Bangladesh,Bangladesh,bowl,Bangladesh,117,10,120,6
T20,Vanuatu,Samoa,Albert Park 1,Fiji,Samoa,bowl,Vanuatu,165,8,148,9
T20,Fiji,Samoa,Albert Park 1,Fiji,Fiji,bat,Fiji,205,5,139,10
T20,Bangladesh,England,Shere Bangla National Stadium,Bangladesh,England,bowl,Bangladesh,158,2,142,6
T20,Vanuatu,Fiji,Albert Park 1,Fiji,Fiji,bowl,Vanuatu,223,5,121,10
T20,Vanuatu,Fiji,Albert Park 2,Fiji,Vanuatu,bat,Vanuatu,148,9,122,9
T20,Fiji,Samoa,Albert Park 1,Fiji,Fiji,bat,Fiji,156,6,134,9
T20,Pakistan,Afghanistan,Sharjah Cricket Stadium,United Arab Emirates,Pakistan,bat,Afghanistan,92,9,98,4
T20,South Africa,West Indies,SuperSport Park,South Africa,West Indies,bowl,West Indies,131,8,132,7
T20,West Indies,South Africa,SuperSport Park,South Africa,South Africa,bowl,South Africa,258,5,259,4
T20,Pakistan,Afghanistan,Sharjah Cricket Stadium,United Arab Emirates,Pakistan,bat,Afghanistan,130,6,133,3
T20,Bangladesh,Ireland,Zahur Ahmed Chowdhury Stadium,Bangladesh,Ireland,bowl,Bangladesh,207,5,81,5
T20,Pakistan,Afghanistan,Sharjah Cricket Stadium,United Arab Emirates,Afghanistan,bowl,Pakistan,182,7,116,10
T20,West Indies,South Africa,The Wanderers Stadium,South Africa,South Africa,bowl,West Indies,220,8,213,6
T20,Bangladesh,Ireland,Zahur Ahmed Chowdhury Stadium,Bangladesh,Ireland,bowl,Bangladesh,202,3,125,9
T20,Bangladesh,Ireland,Zahur Ahmed Chowdhury Stadium,Bangladesh,Bangladesh,bat,Ireland,124,10,126,3
T20,Sri Lanka,New Zealand,Eden Park,New Zealand,New Zealand,bowl,0,196,5,196,8
T20,Sri Lanka,New Zealand,University Oval,New Zealand,New Zealand,bowl,New Zealand,141,10,146,1
T20,Sri Lanka,New Zealand,John Davies Oval,New Zealand,New Zealand,bowl,New Zealand,182,6,183,6
T20,Portugal,Gibraltar,Santarem Cricket Ground,Portugal,Portugal,bat,Portugal,208,6,84,10
T20,Gibraltar,Portugal,Santarem Cricket Ground,Portugal,Gibraltar,bat,Portugal,166,4,167,5
T20,Gibraltar,Portugal,Santarem Cricket Ground,Portugal,Gibraltar,bat,Portugal,128,7,129,5
T20,Pakistan,New Zealand,Gaddafi Stadium,Pakistan,Pakistan,bat,Pakistan,182,10,94,10
T20,Pakistan,New Zealand,Gaddafi Stadium,Pakistan,Pakistan,bat,Pakistan,192,4,154,7
T20,New Zealand,Pakistan,Gaddafi Stadium,Pakistan,New Zealand,bat,New Zealand,163,5,159,10
T20,New Zealand,Pakistan,Rawalpindi Cricket Stadium,Pakistan,Pakistan,bowl,0,164,5,0,0
T20,Pakistan,New Zealand,Rawalpindi Cricket Stadium,Pakistan,New Zealand,bowl,New Zealand,193,5,194,4
T20,Indonesia,Thailand,AZ Group Cricket Oval,Cambodia,Thailand,bowl,Indonesia,122,8,90,9
T20,Malaysia,Indonesia,AZ Group Cricket Oval,Cambodia,Indonesia,bowl,Malaysia,191,6,97,4
T20,Singapore,Philippines,AZ Group Cricket Oval,Cambodia,Singapore,bat,Singapore,181,5,94,9
T20,Thailand,Malaysia,AZ Group Cricket Oval,Cambodia,Malaysia,bowl,Malaysia,113,8,114,2
T20,Cambodia,Singapore,AZ Group Cricket Oval,Cambodia,Cambodia,bat,Cambodia,181,7,166,10
T20,Portugal,Malta,Europa Sports Complex,Gibraltar,Malta,bowl,Portugal,160,6,76,10
T20,Gibraltar,Portugal,Europa Sports Complex,Gibraltar,Gibraltar,bat,Portugal,171,9,174,3
T20,Portugal,Malta,Europa Sports Complex,Gibraltar,Portugal,bat,Portugal,162,10,145,10
T20,Gibraltar,Malta,Europa Sports Complex,Gibraltar,Gibraltar,bat,Gibraltar,176,5,133,8
T20,Gibraltar,Malta,Europa Sports Complex,Gibraltar,Gibraltar,bat,Gibraltar,143,8,63,10
T20,Gibraltar,Portugal,Europa Sports Complex,Gibraltar,Gibraltar,bat,Portugal,90,8,93,1
T20,Malta,Portugal,Europa Sports Complex,Gibraltar,Malta,bat,Portugal,156,4,157,3
T20,Gibraltar,Portugal,Europa Sports Complex,Gibraltar,Gibraltar,bat,Portugal,124,5,129,9
T20,Cambodia,Philippines,AZ Group Cricket Oval,Cambodia,Cambodia,bat,Cambodia,182,5,174,10
T20,Singapore,Indonesia,AZ Group Cricket Oval,Cambodia,Singapore,bat,Singapore,162,6,147,8
T20,Cambodia,Malaysia,AZ Group Cricket Oval,Cambodia,Malaysia,bowl,Cambodia,143,9,131,10
T20,Norway,Denmark,Svanholm Park,Denmark,Norway,bat,Denmark,99,9,100,1
T20,Denmark,Finland,Svanholm Park,Denmark,Denmark,bat,Denmark,175,5,103,8
T20,Norway,Sweden,Solvangs Park,Denmark,Norway,bat,Norway,183,9,108,10
T20,Denmark,Sweden,Svanholm Park,Denmark,Sweden,bowl,Sweden,109,10,110,0
T20,Norway,Finland,Solvangs Park,Denmark,Norway,bat,Norway,131,7,101,10
T20,Finland,Denmark,Svanholm Park,Denmark,Finland,bat,Denmark,92,10,94,2
T20,Sweden,Norway,Solvangs Park,Denmark,Sweden,bat,Sweden,176,7,123,10
T20,Finland,Sweden,Svanholm Park,Denmark,Sweden,bowl,Finland,106,10,99,10
T20,Finland,Norway,Solvangs Park,Denmark,Finland,bat,Norway,102,10,106,3
T20,Sweden,Finland,Solvangs Park,Denmark,Finland,bowl,0,96,10,96,9
T20,Malawi,Eswatini,Willowmoore Park,South Africa,Eswatini,bowl,Malawi,155,5,102,10
T20,Mozambique,Malawi,Willowmoore Park,South Africa,Malawi,bowl,Malawi,61,9,62,1
T20,Botswana,Eswatini,Willowmoore Park,South Africa,Eswatini,bowl,Botswana,205,5,98,10
T20,Botswana,Malawi,Willowmoore Park,South Africa,Malawi,bowl,Botswana,169,3,69,10
T20,Eswatini,Mozambique,Willowmoore Park,South Africa,Mozambique,bowl,Mozambique,127,8,132,4
T20,Mozambique,Botswana,Willowmoore Park,South Africa,Mozambique,bat,Botswana,89,7,92,3
T20,Rwanda,Kenya,Gymkhana Club Ground,Kenya,Rwanda,bat,Kenya,137,9,139,7
T20,Botswana,Uganda,Gymkhana Club Ground,Kenya,Botswana,bat,Uganda,114,10,115,4
T20,Germany,Belgium,Bayer Uerdingen Cricket Ground,Germany,Belgium,bowl,Germany,174,7,168,9
T20,Botswana,Rwanda,Gymkhana Club Ground,Kenya,Botswana,bat,Botswana,169,2,136,10
T20,Belgium,Germany,Bayer Uerdingen Cricket Ground,Germany,Belgium,bat,Germany,179,9,181,5
T20,Kenya,Uganda,Gymkhana Club Ground,Kenya,Kenya,bat,Kenya,185,3,97,10
T20,Czech Rep.,Hungary,Scott Page Field,Czech Republic,Czech Rep.,bat,Czech Rep.,128,10,119,7
T20,Belgium,Germany,Bayer Uerdingen Cricket Ground,Germany,Germany,bowl,Germany,164,10,167,6
T20,Botswana,Kenya,Gymkhana Club Ground,Kenya,Botswana,bat,Kenya,92,8,98,2
T20,Czech Rep.,Hungary,Scott Page Field,Czech Republic,Hungary,bowl,0,169,4,169,10
T20,Belgium,Germany,Bayer Uerdingen Cricket Ground,Germany,Germany,bowl,Germany,148,9,150,2
T20,Rwanda,Uganda,Gymkhana Club Ground,Kenya,Rwanda,bat,Uganda,81,10,82,2
T20,Hungary,Czech Rep.,Scott Page Field,Czech Republic,Hungary,bat,Czech Rep.,138,10,139,7
T20,Rwanda,Botswana,Gymkhana Club Ground,Kenya,Botswana,bowl,Rwanda,158,9,131,10
T20,Uganda,Kenya,Gymkhana Club Ground,Kenya,Uganda,bat,Uganda,175,7,128,7
T20,Uganda,Botswana,Gymkhana Club Ground,Kenya,Uganda,bat,Uganda,153,7,89,9
T20,Rwanda,Kenya,Gymkhana Club Ground,Kenya,Rwanda,bat,Kenya,92,10,98,3
T20,Rwanda,Uganda,Gymkhana Club Ground,Kenya,Uganda,bowl,Uganda,85,10,87,3
T20,Botswana,Kenya,Gymkhana Club Ground,Kenya,Botswana,bat,Botswana,145,8,115,10
T20,Afghanistan,India,Holkar Cricket Stadium,India,India,bowl,India,172,10,173,4
T20,Botswana,Uganda,Gymkhana Club Ground,Kenya,Botswana,bat,Uganda,64,10,65,3
T20,Rwanda,Kenya,Gymkhana Club Ground,Kenya,Rwanda,bat,Kenya,99,10,100,3
T20,Botswana,Rwanda,Gymkhana Club Ground,Kenya,Botswana,bat,Rwanda,98,8,99,3
T20,Kenya,Uganda,Gymkhana Club Ground,Kenya,Kenya,bat,Uganda,117,8,120,5
T20,Botswana,Kenya,Gymkhana Club Ground,Kenya,Botswana,bat,Kenya,131,5,133,4
T20,Uganda,Rwanda,Gymkhana Club Ground,Kenya,Uganda,bat,Uganda,153,5,59,10
T20,Uganda,Kenya,Gymkhana Club Ground,Kenya,Uganda,bat,Uganda,125,10,124,7
T20,Serbia,Turkey,National Sports Academy,Bulgaria,Serbia,bat,Serbia,181,8,111,10
T20,Croatia,Bulgaria,National Sports Academy,Bulgaria,Bulgaria,bowl,Bulgaria,75,10,76,1
T20,Bulgaria,Serbia,National Sports Academy,Bulgaria,Serbia,bowl,Serbia,166,8,168,5
T20,Croatia,Turkey,National Sports Academy,Bulgaria,Croatia,bat,Turkey,83,8,88,2
T20,Switzerland,Luxembourg,Pierre Werner Cricket Ground,Luxembourg,Switzerland,bat,Luxembourg,150,6,151,7
T20,Croatia,Serbia,National Sports Academy,Bulgaria,Croatia,bat,Serbia,76,10,77,1
T20,Turkey,Bulgaria,National Sports Academy,Bulgaria,Bulgaria,bowl,Bulgaria,147,10,149,2
T20,Croatia,Turkey,National Sports Academy,Bulgaria,Croatia,0,0,0,0,0,0
T20,Luxembourg,Switzerland,Pierre Werner Cricket Ground,Luxembourg,Switzerland,bowl,Switzerland,122,10,123,2
T20,Bulgaria,Serbia,National Sports Academy,Bulgaria,Bulgaria,0,0,0,0,0,0
T20,Austria,Germany,Sportpark Het Schootsveld,Netherlands,Germany,bowl,Germany,114,10,115,4
T20,Austria,Germany,Sportpark Het Schootsveld,Netherlands,Germany,bowl,Germany,121,8,123,2
T20,Guernsey,Jersey,Farmers Cricket Club Ground,Jersey,Guernsey,bat,Jersey,134,6,135,3
T20,Guernsey,Jersey,Farmers Cricket Club Ground,Jersey,Jersey,bowl,Jersey,151,9,152,6
T20,Austria,Isle of Man,King William's College,Isle of Man,Austria,bat,Isle of Man,149,5,150,4
T20,Austria,Isle of Man,King William's College,Isle of Man,Austria,bat,Isle of Man,137,10,140,5
T20,France,Malta,Marsa Sports Club,Malta,Malta,bowl,France,115,10,106,10
T20,Malta,France,Marsa Sports Club,Malta,Malta,bat,Malta,125,9,121,10
T20,Isle of Man,Austria,King William's College,Isle of Man,Austria,bowl,0,71,5,0,0
T20,Malta,Luxembourg,Marsa Sports Club,Malta,Luxembourg,bowl,Malta,179,8,137,9
T20,France,Luxembourg,Marsa Sports Club,Malta,France,bat,France,177,5,126,10
T20,Malta,Luxembourg,Marsa Sports Club,Malta,Malta,bat,Luxembourg,163,5,164,6
T20,Luxembourg,France,Marsa Sports Club,Malta,Luxembourg,bat,France,110,10,113,1
T20,France,Malta,Marsa Sports Club,Malta,France,bat,France,153,7,123,10
T20,Luxembourg,Malta,Marsa Sports Club,Malta,Malta,bowl,Malta,174,6,175,4
T20,Romania,Switzerland,Marsa Sports Club,Malta,Switzerland,bowl,Switzerland,134,5,139,4
T20,France,Romania,Marsa Sports Club,Malta,France,bat,France,191,3,103,10
T20,Luxembourg,Switzerland,Marsa Sports Club,Malta,Switzerland,bowl,Switzerland,118,8,119,2
T20,Malta,Romania,Marsa Sports Club,Malta,Malta,bat,Malta,187,7,146,9
T20,Afghanistan,Bangladesh,Sylhet International Cricket Stadium,Bangladesh,Bangladesh,bowl,Bangladesh,154,7,157,8
T20,France,Switzerland,Marsa Sports Club,Malta,France,bat,Switzerland,148,4,151,4
T20,Romania,Luxembourg,Marsa Sports Club,Malta,Romania,bat,Luxembourg,162,7,163,3
T20,Malta,Switzerland,Marsa Sports Club,Malta,Switzerland,bowl,Switzerland,156,9,157,4
T20,France,Luxembourg,Marsa Sports Club,Malta,France,bat,Luxembourg,187,5,191,6
T20,France,Malta,Marsa Sports Club,Malta,France,bat,Malta,78,10,82,3
T20,Luxembourg,Romania,Marsa Sports Club,Malta,Romania,bowl,Romania,149,9,151,3
T20,Afghanistan,Bangladesh,Sylhet International Cricket Stadium,Bangladesh,Bangladesh,bowl,Bangladesh,116,7,119,4
T20,Malta,Switzerland,Marsa Sports Club,Malta,Malta,bat,Switzerland,164,6,166,4
T20,Austria,Jersey,Grange Cricket Club Ground,Scotland,Jersey,bowl,Jersey,104,9,106,2
T20,Ireland,Italy,Goldenacre,Scotland,Italy,bowl,Ireland,158,8,151,9
T20,Scotland,Germany,Goldenacre,Scotland,Germany,bowl,Scotland,234,5,65,7
T20,Denmark,Ireland,Grange Cricket Club Ground,Scotland,Denmark,bat,Ireland,122,9,123,1
T20,Austria,Germany,Goldenacre,Scotland,Austria,bat,Germany,83,10,86,1
T20,Scotland,Jersey,Grange Cricket Club Ground,Scotland,Jersey,bowl,Scotland,149,6,135,9
T20,Japan,Philippines,Amini Park,Papua New Guinea,Japan,bat,Japan,166,7,113,5
T20,Vanuatu,P.N.G.,Amini Park,Papua New Guinea,Vanuatu,bat,P.N.G.,71,8,75,1
T20,Japan,Vanuatu,Amini Park,Papua New Guinea,Vanuatu,bowl,Japan,131,10,110,8
T20,P.N.G.,Philippines,Amini Park,Papua New Guinea,P.N.G.,bat,P.N.G.,162,7,45,10
T20,Ireland,Austria,Grange Cricket Club Ground,Scotland,Austria,bowl,Ireland,226,4,98,10
T20,Italy,Jersey,Goldenacre,Scotland,Jersey,bowl,Italy,183,8,158,10
T20,Denmark,Germany,Grange Cricket Club Ground,Scotland,Germany,bowl,Germany,124,9,126,4
T20,Scotland,Italy,Grange Cricket Club Ground,Scotland,Italy,bowl,Scotland,245,2,90,10
T20,Austria,Denmark,Goldenacre,Scotland,Denmark,bowl,Denmark,97,9,98,2
T20,Jersey,Ireland,Goldenacre,Scotland,Ireland,bowl,Ireland,78,9,80,1
T20,Vanuatu,Philippines,Amini Park,Papua New Guinea,Vanuatu,bat,Philippines,97,10,98,4
T20,Japan,P.N.G.,Amini Park,Papua New Guinea,Japan,bat,P.N.G.,87,8,92,4
T20,Italy,Denmark,Grange Cricket Club Ground,Scotland,Denmark,bowl,Italy,150,8,124,10
T20,Scotland,Austria,Goldenacre,Scotland,Austria,bowl,Scotland,232,2,66,10
T20,Jersey,Germany,Grange Cricket Club Ground,Scotland,Germany,bowl,Jersey,190,5,139,8
T20,P.N.G.,Vanuatu,Amini Park,Papua New Guinea,P.N.G.,bat,P.N.G.,148,7,109,9
T20,China,Malaysia,Bayuemas Oval,Malaysia,China,bat,Malaysia,23,10,24,2
T20,Japan,Philippines,Amini Park,Papua New Guinea,Japan,bat,Japan,127,9,94,5
T20,Bhutan,Myanmar,Bayuemas Oval,Malaysia,Bhutan,bat,Bhutan,105,10,74,9
T20,China,Thailand,Bayuemas Oval,Malaysia,Thailand,bowl,Thailand,26,10,27,1
T20,Malaysia,Bhutan,Bayuemas Oval,Malaysia,Bhutan,bowl,Malaysia,180,7,105,8
T20,Scotland,Denmark,Grange Cricket Club Ground,Scotland,Denmark,bowl,Scotland,159,7,126,7
T20,Japan,Vanuatu,Amini Park,Papua New Guinea,Vanuatu,bowl,Vanuatu,136,10,137,5
T20,Thailand,Myanmar,Bayuemas Oval,Malaysia,Myanmar,bowl,Thailand,140,6,39,10
T20,P.N.G.,Philippines,Amini Park,Papua New Guinea,Philippines,bowl,P.N.G.,229,6,129,7
T20,Germany,Italy,Grange Cricket Club Ground,Scotland,Italy,bowl,Italy,141,10,147,6
T20,Jersey,Denmark,Goldenacre,Scotland,Denmark,bowl,Jersey,159,10,131,7
T20,Scotland,Ireland,Grange Cricket Club Ground,Scotland,Ireland,bowl,Scotland,213,6,205,9
T20,Philippines,Vanuatu,Amini Park,Papua New Guinea,Philippines,bat,Vanuatu,94,10,98,7
T20,Japan,P.N.G.,Amini Park,Papua New Guinea,Japan,bat,P.N.G.,106,8,109,4
T20,Bhutan,China,Bayuemas Oval,Malaysia,Bhutan,bat,Bhutan,161,4,48,10
T20,Malaysia,Myanmar,Bayuemas Oval,Malaysia,Myanmar,bowl,Malaysia,219,6,35,10
T20,Bhutan,Thailand,Bayuemas Oval,Malaysia,Thailand,bowl,Thailand,83,10,84,2
T20,Myanmar,China,Bayuemas Oval,Malaysia,China,bowl,China,77,8,78,5
T20,Thailand,Malaysia,Bayuemas Oval,Malaysia,Malaysia,bowl,Malaysia,93,10,96,3
T20,West Indies,India,Brian Lara Stadium,West Indies,West Indies,bat,West Indies,149,6,145,9
T20,Hungary,Croatia,GB Oval,Hungary,Hungary,bat,Hungary,209,8,64,10
T20,Croatia,Hungary,GB Oval,Hungary,Croatia,bat,Hungary,63,10,68,3
T20,India,West Indies,Providence Stadium,West Indies,India,bat,West Indies,152,7,155,8
T20,West Indies,India,Providence Stadium,West Indies,West Indies,bat,India,159,5,164,3
T20,West Indies,India,Central Broward Regional Park Stadium Turf Ground,United States of America,West Indies,bat,India,178,8,179,1
T20,India,West Indies,Central Broward Regional Park Stadium Turf Ground,United States of America,India,bat,West Indies,165,9,171,2
T20,Guernsey,Germany,Sportpark Het Schootsveld,Netherlands,Germany,bowl,Germany,98,10,100,1
T20,Germany,Guernsey,Sportpark Het Schootsveld,Netherlands,Germany,bat,Guernsey,164,5,165,5
T20,Guernsey,Germany,Sportpark Het Schootsveld,Netherlands,Guernsey,bat,Guernsey,172,4,162,9
T20,New Zealand,U.A.E.,Dubai International Cricket Stadium,United Arab Emirates,U.A.E.,bowl,New Zealand,155,6,136,10
T20,Romania,Malta,Moara Vlasiei Cricket Ground,Romania,Romania,bat,Malta,162,10,163,2
T20,Ireland,India,Malahide,Ireland,India,bowl,India,139,7,47,2
T20,Romania,Malta,Moara Vlasiei Cricket Ground,Romania,Romania,bat,Malta,147,9,151,6
T20,Malta,Romania,Moara Vlasiei Cricket Ground,Romania,Romania,bowl,Romania,115,10,116,7
T20,New Zealand,U.A.E.,Dubai International Cricket Stadium,United Arab Emirates,U.A.E.,bowl,U.A.E.,142,8,144,3
T20,Malta,Romania,Moara Vlasiei Cricket Ground,Romania,Romania,bowl,Romania,0,0,0,0
T20,Uganda,Rwanda,Gahanga International Cricket Stadium,Rwanda,Uganda,bat,Uganda,146,6,106,9
T20,Romania,Malta,Moara Vlasiei Cricket Ground,Romania,Malta,bowl,Romania,190,8,184,9
T20,Tanzania,Uganda,Gahanga International Cricket Stadium,Rwanda,Tanzania,bat,Uganda,143,8,146,4
T20,India,Ireland,Malahide,Ireland,Ireland,bowl,India,185,5,152,8
T20,New Zealand,U.A.E.,Dubai International Cricket Stadium,United Arab Emirates,U.A.E.,bowl,New Zealand,166,5,134,7
T20,Tanzania,Rwanda,Gahanga International Cricket Stadium,Rwanda,Rwanda,bowl,Rwanda,170,5,174,3
T20,Uganda,Tanzania,Gahanga International Cricket Stadium,Rwanda,Uganda,bat,Tanzania,176,6,180,7
T20,Uganda,Rwanda,Gahanga International Cricket Stadium,Rwanda,Rwanda,bowl,Uganda,186,10,125,10
T20,Rwanda,Tanzania,Gahanga International Cricket Stadium,Rwanda,Tanzania,bowl,Tanzania,154,6,155,3
T20,Uganda,Rwanda,Gahanga International Cricket Stadium,Rwanda,Rwanda,bowl,Uganda,192,6,106,10
T20,Uganda,Tanzania,Gahanga International Cricket Stadium,Rwanda,Tanzania,bowl,Uganda,171,5,111,10
T20,Rwanda,Tanzania,Gahanga International Cricket Stadium,Rwanda,Tanzania,bowl,Tanzania,133,9,134,9
T20,Uganda,Tanzania,Gahanga International Cricket Stadium,Rwanda,Uganda,bat,Uganda,161,9,142,6
T20,Tanzania,Rwanda,Gahanga International Cricket Stadium,Rwanda,Rwanda,bowl,Tanzania,152,7,143,8
T20,Rwanda,Uganda,Gahanga International Cricket Stadium,Rwanda,Rwanda,bat,Uganda,126,7,127,4
T20,Uganda,Tanzania,Gahanga International Cricket Stadium,Rwanda,Uganda,bat,Uganda,180,6,121,10
T20,Rwanda,Uganda,Gahanga International Cricket Stadium,Rwanda,Rwanda,bat,Uganda,110,6,114,2
T20,Uganda,Tanzania,Gahanga International Cricket Stadium,Rwanda,Tanzania,bowl,Uganda,141,10,122,10
T20,Tanzania,Rwanda,Gahanga International Cricket Stadium,Rwanda,Rwanda,bowl,Tanzania,157,7,98,10
T20,Australia,South Africa,Kingsmead,South Africa,South Africa,bowl,Australia,226,6,115,10
T20,New Zealand,England,Riverside Ground,England,England,bowl,England,139,9,143,3
T20,Rwanda,Uganda,Gahanga International Cricket Stadium,Rwanda,Rwanda,bat,Uganda,131,10,133,2
T20,Tanzania,Rwanda,Gahanga International Cricket Stadium,Rwanda,Tanzania,bat,Tanzania,179,6,130,10
T20,South Africa,Australia,Kingsmead,South Africa,Australia,bowl,Australia,164,8,168,2
T20,England,New Zealand,Old Trafford,England,England,bat,England,198,4,103,10
T20,South Africa,Australia,Kingsmead,South Africa,South Africa,bat,Australia,190,8,191,5
T20,New Zealand,England,Edgbaston,England,New Zealand,bat,New Zealand,202,5,128,10
T20,England,New Zealand,Trent Bridge,England,England,bat,New Zealand,175,8,179,4
T20,Saudi Arabia,Kuwait,West End Park International Cricket Stadium,Qatar,Saudi Arabia,bat,Kuwait,142,9,143,5
T20,Qatar,Bahrain,West End Park International Cricket Stadium,Qatar,Bahrain,bowl,Qatar,138,8,104,7
T20,U.A.E.,Oman,West End Park International Cricket Stadium,Qatar,Oman,bowl,U.A.E.,191,4,169,7
T20,Bahrain,Kuwait,West End Park International Cricket Stadium,Qatar,Kuwait,bowl,Kuwait,123,9,127,2
T20,Oman,Qatar,West End Park International Cricket Stadium,Qatar,Oman,bat,Oman,149,10,130,7
T20,Saudi Arabia,U.A.E.,West End Park International Cricket Stadium,Qatar,Saudi Arabia,bat,U.A.E.,121,9,122,2
T20,Qatar,Kuwait,West End Park International Cricket Stadium,Qatar,Kuwait,bowl,Qatar,156,3,155,10
T20,Saudi Arabia,Bahrain,West End Park International Cricket Stadium,Qatar,Saudi Arabia,bat,Bahrain,110,10,114,4
T20,Malaysia,Hong Kong,Bayuemas Oval,Malaysia,Hong Kong,bowl,Malaysia,181,8,79,10
T20,U.A.E.,Kuwait,West End Park International Cricket Stadium,Qatar,U.A.E.,bat,U.A.E.,176,4,145,8
T20,Bahrain,Oman,West End Park International Cricket Stadium,Qatar,Oman,bowl,Bahrain,123,7,122,9
T20,Malaysia,P.N.G.,Bayuemas Oval,Malaysia,Malaysia,bat,P.N.G.,152,9,108,1
T20,U.A.E.,Qatar,West End Park International Cricket Stadium,Qatar,U.A.E.,bat,U.A.E.,166,7,106,10
T20,Oman,Saudi Arabia,West End Park International Cricket Stadium,Qatar,Saudi Arabia,bowl,Oman,175,6,128,7
T20,P.N.G.,Hong Kong,Bayuemas Oval,Malaysia,Hong Kong,bowl,P.N.G.,163,5,141,9
T20,Saudi Arabia,Qatar,West End Park International Cricket Stadium,Qatar,Qatar,bowl,Qatar,148,6,149,3
T20,Malaysia,Hong Kong,Bayuemas Oval,Malaysia,Malaysia,bat,Malaysia,149,6,126,7
T20,Bahrain,U.A.E.,West End Park International Cricket Stadium,Qatar,Bahrain,bat,Bahrain,150,5,147,7
T20,Oman,Kuwait,West End Park International Cricket Stadium,Qatar,Oman,bat,Oman,171,6,103,9
T20,Malaysia,P.N.G.,Bayuemas Oval,Malaysia,Malaysia,bat,P.N.G.,81,10,82,6
T20,U.A.E.,Oman,West End Park International Cricket Stadium,Qatar,U.A.E.,bat,Oman,163,5,164,5
T20,Hong Kong,P.N.G.,Bayuemas Oval,Malaysia,P.N.G.,bowl,P.N.G.,89,9,90,9
T20,Nepal,Mongolia,Zhejiang University of Technology Cricket Field,China,Mongolia,bowl,Nepal,314,3,41,10
T20,Cambodia,Japan,Zhejiang University of Technology Cricket Field,China,Cambodia,bat,Japan,125,7,126,7
T20,Malaysia,Singapore,Zhejiang University of Technology Cricket Field,China,Singapore,bowl,Malaysia,160,8,87,10
T20,Mongolia,Maldives,Zhejiang University of Technology Cricket Field,China,Maldives,bowl,Maldives,60,9,62,1
T20,Qatar,Kuwait,West End Park International Cricket Stadium,Qatar,Kuwait,bowl,Kuwait,123,6,124,3
T20,Saudi Arabia,Maldives,West End Park International Cricket Stadium,Qatar,Saudi Arabia,bat,Saudi Arabia,172,5,110,7
T20,Cambodia,Hong Kong,Zhejiang University of Technology Cricket Field,China,Hong Kong,bowl,Hong Kong,70,10,75,1
T20,Singapore,Thailand,Zhejiang University of Technology Cricket Field,China,Singapore,bat,Singapore,152,8,53,10
T20,Maldives,Kuwait,West End Park International Cricket Stadium,Qatar,Kuwait,bowl,Kuwait,100,7,103,3
T20,Qatar,Saudi Arabia,West End Park International Cricket Stadium,Qatar,Qatar,bat,Saudi Arabia,109,10,110,6
T20,Estonia,Gibraltar,Europa Sports Complex,Gibraltar,Gibraltar,bowl,Gibraltar,149,6,151,8
T20,Bermuda,Canada,White Hill Field,Bermuda,Canada,bowl,Bermuda,181,9,95,10
T20,Gibraltar,Estonia,Europa Sports Complex,Gibraltar,Estonia,bowl,Estonia,159,10,160,2
T20,Panama,Cayman Is,White Hill Field,Bermuda,Panama,bat,Cayman Is,85,8,88,3
T20,Nepal,Maldives,Zhejiang University of Technology Cricket Field,China,Nepal,bat,Nepal,212,7,74,10
T20,Japan,Hong Kong,Zhejiang University of Technology Cricket Field,China,Hong Kong,bowl,Hong Kong,127,10,133,5
T20,Maldives,Qatar,West End Park International Cricket Stadium,Qatar,Qatar,bowl,Qatar,121,9,125,1
T20,Kuwait,Saudi Arabia,West End Park International Cricket Stadium,Qatar,Kuwait,bat,Saudi Arabia,174,9,175,7
T20,Panama,Bermuda,White Hill Field,Bermuda,Panama,bat,Bermuda,90,8,91,3
T20,Canada,Cayman Is,White Hill Field,Bermuda,Canada,bat,Canada,194,6,86,10
T20,Uganda,Kenya,Achimota Senior Secondary School A Field,Ghana,Uganda,bat,Uganda,206,6,100,9
T20,Malaysia,Thailand,Zhejiang University of Technology Cricket Field,China,Malaysia,bat,Malaysia,268,4,74,9
T20,Qatar,Kuwait,West End Park International Cricket Stadium,Qatar,Kuwait,bowl,Kuwait,129,6,130,5
T20,Maldives,Saudi Arabia,West End Park International Cricket Stadium,Qatar,Maldives,bat,Saudi Arabia,76,10,78,1
T20,India,Nepal,Zhejiang University of Technology Cricket Field,China,India,bat,India,202,4,179,9
T20,Ghana,Rwanda,Tafawa Balewa Square Cricket Oval,Nigeria,Ghana,bat,Rwanda,54,10,58,1
T20,Pakistan,Hong Kong,Zhejiang University of Technology Cricket Field,China,Hong Kong,bowl,Pakistan,160,10,92,10
T20,Canada,Panama,National Stadium,Bermuda,Canada,bat,Canada,230,4,67,10
T20,Bermuda,Cayman Is,National Stadium,Bermuda,Bermuda,bat,Bermuda,176,6,123,8
T20,Afghanistan,Sri Lanka,Zhejiang University of Technology Cricket Field,China,Sri Lanka,bowl,Afghanistan,116,10,108,10
T20,Bangladesh,Malaysia,Zhejiang University of Technology Cricket Field,China,Bangladesh,bat,Bangladesh,116,5,114,8
T20,Maldives,Kuwait,West End Park International Cricket Stadium,Qatar,Kuwait,bowl,Kuwait,83,6,84,2
T20,Nigeria,Rwanda,Tafawa Balewa Square Cricket Oval,Nigeria,Nigeria,bat,Nigeria,127,8,73,10
T20,Qatar,Saudi Arabia,West End Park International Cricket Stadium,Qatar,Qatar,bat,Saudi Arabia,168,3,170,3
T20,Canada,Cayman Is,National Stadium,Bermuda,Canada,bat,Canada,196,5,30,10
T20,Sierra Leone,Ghana,Tafawa Balewa Square Cricket Oval,Nigeria,Ghana,bowl,Ghana,95,9,96,7
T20,Panama,Bermuda,National Stadium,Bermuda,Bermuda,bowl,Bermuda,86,9,89,5
T20,Qatar,Maldives,West End Park International Cricket Stadium,Qatar,Maldives,bowl,Qatar,201,7,159,10
T20,Serbia,Gibraltar,Europa Sports Complex,Gibraltar,Gibraltar,bowl,Gibraltar,107,5,108,3
T20,Nigeria,Sierra Leone,Tafawa Balewa Square Cricket Oval,Nigeria,Sierra Leone,bowl,Nigeria,155,6,92,10
T20,Saudi Arabia,Kuwait,West End Park International Cricket Stadium,Qatar,Kuwait,bowl,Kuwait,173,4,175,6
T20,Serbia,Gibraltar,Europa Sports Complex,Gibraltar,Serbia,bat,Gibraltar,82,10,83,3
T20,Rwanda,Ghana,Tafawa Balewa Square Cricket Oval,Nigeria,Rwanda,bat,0,121,7,121,10
T20,Bangladesh,India,Zhejiang University of Technology Cricket Field,China,India,bowl,India,96,9,97,1
T20,Pakistan,Afghanistan,Zhejiang University of Technology Cricket Field,China,Afghanistan,bowl,Afghanistan,115,10,116,6
T20,Nigeria,Ghana,Tafawa Balewa Square Cricket Oval,Nigeria,Ghana,bowl,Nigeria,129,10,94,10
T20,Rwanda,Sierra Leone,Tafawa Balewa Square Cricket Oval,Nigeria,Rwanda,bat,Rwanda,154,8,121,5
T20,Pakistan,Bangladesh,Zhejiang University of Technology Cricket Field,China,Bangladesh,bowl,Bangladesh,48,1,65,4
T20,Afghanistan,India,Zhejiang University of Technology Cricket Field,China,India,bowl,0,112,5,0,0
T20,Rwanda,Nigeria,Tafawa Balewa Square Cricket Oval,Nigeria,Nigeria,bowl,Nigeria,95,9,101,4
T20,Sierra Leone,Ghana,Tafawa Balewa Square Cricket Oval,Nigeria,Ghana,bowl,Ghana,110,7,111,2
T20,Canada,Bermuda,National Stadium,Bermuda,Canada,bat,Canada,132,4,93,10
T20,Sierra Leone,Nigeria,Tafawa Balewa Square Cricket Oval,Nigeria,Sierra Leone,bat,Nigeria,49,10,50,1
T20,Rwanda,Ghana,Tafawa Balewa Square Cricket Oval,Nigeria,Rwanda,bat,Rwanda,107,5,60,10
T20,Nigeria,Ghana,Tafawa Balewa Square Cricket Oval,Nigeria,Nigeria,bat,Nigeria,142,6,60,10
T20,Sierra Leone,Rwanda,Tafawa Balewa Square Cricket Oval,Nigeria,Sierra Leone,bat,Sierra Leone,109,10,107,8
T20,Ghana,Nigeria,Tafawa Balewa Square Cricket Oval,Nigeria,Nigeria,bowl,Nigeria,109,9,110,5
T20,Sierra Leone,Rwanda,Tafawa Balewa Square Cricket Oval,Nigeria,Sierra Leone,bat,Rwanda,77,10,78,5
T20,Nigeria,Sierra Leone,Tafawa Balewa Square Cricket Oval,Nigeria,Sierra Leone,bowl,Nigeria,106,10,53,10
T20,Rwanda,Nigeria,Tafawa Balewa Square Cricket Oval,Nigeria,Nigeria,bowl,Nigeria,24,10,27,2
T20,Ghana,Sierra Leone,Tafawa Balewa Square Cricket Oval,Nigeria,Sierra Leone,bowl,Ghana,112,9,107,6
T20,Gibraltar,Luxembourg,Europa Sports Complex,Gibraltar,Luxembourg,bowl,Gibraltar,172,8,148,8
T20,Ghana,Sierra Leone,Tafawa Balewa Square Cricket Oval,Nigeria,Ghana,bat,Sierra Leone,72,10,73,4
T20,Luxembourg,Gibraltar,Europa Sports Complex,Gibraltar,Luxembourg,bat,Luxembourg,165,10,154,8
T20,Nigeria,Rwanda,Tafawa Balewa Square Cricket Oval,Nigeria,Nigeria,bat,Nigeria,103,7,86,8
T20,U.A.E.,Nepal,Mulpani Cricket Ground,Nepal,Nepal,bowl,Nepal,140,7,144,3
T20,Chile,Mexico,St George's College Ground,Argentina,Chile,bat,Mexico,72,7,74,5
T20,Hong Kong,Nepal,Mulpani Cricket Ground,Nepal,Nepal,bowl,Nepal,94,10,99,4
T20,Zimbabwe,Namibia,United Cricket Club Ground,Namibia,Zimbabwe,bat,Namibia,153,6,154,3
T20,Mexico,Argentina,St George's College Ground,Argentina,Argentina,bowl,Argentina,124,6,125,6
T20,Chile,Argentina,St George's College Ground,Argentina,Chile,bat,Argentina,52,10,53,0
T20,Nepal,Hong Kong,Mulpani Cricket Ground,Nepal,Nepal,bat,Nepal,213,6,134,8
T20,Hong Kong,U.A.E.,Mulpani Cricket Ground,Nepal,U.A.E.,bowl,U.A.E.,149,5,153,4
T20,U.A.E.,Nepal,Mulpani Cricket Ground,Nepal,Nepal,bowl,Nepal,164,7,165,5
T20,Zimbabwe,Namibia,Wanderers Cricket Ground,Namibia,Zimbabwe,bat,Namibia,121,9,122,3
T20,Hong Kong,U.A.E.,Mulpani Cricket Ground,Nepal,Hong Kong,bat,Hong Kong,212,3,143,5
T20,Namibia,Zimbabwe,Wanderers Cricket Ground,Namibia,Zimbabwe,bowl,Zimbabwe,198,3,200,5
T20,Nepal,U.A.E.,Tribhuvan University International Cricket Ground,Nepal,U.A.E.,bowl,U.A.E.,162,8,167,6
T20,Namibia,Zimbabwe,United Ground,Namibia,Namibia,bat,Zimbabwe,138,6,144,4
T20,Bahrain,U.A.E.,Mulpani Cricket Ground,Nepal,U.A.E.,bowl,U.A.E.,135,6,137,5
T20,Singapore,Nepal,Tribhuvan University International Cricket Ground,Nepal,Singapore,bat,Nepal,145,9,147,2
T20,Oman,Malaysia,Tribhuvan University International Cricket Ground,Nepal,Oman,bat,Oman,153,6,121,8
T20,Hong Kong,Kuwait,Mulpani Cricket Ground,Nepal,Kuwait,bowl,Hong Kong,166,6,150,8
T20,Namibia,Zimbabwe,United Cricket Club Ground,Namibia,Zimbabwe,bowl,Namibia,101,10,93,10
T20,Oman,Singapore,Tribhuvan University International Cricket Ground,Nepal,Singapore,bowl,Oman,174,6,152,8
T20,Bahrain,Hong Kong,Mulpani Cricket Ground,Nepal,Hong Kong,bowl,Bahrain,146,10,126,10
T20,Malaysia,Nepal,Tribhuvan University International Cricket Ground,Nepal,Malaysia,bat,Nepal,165,9,166,4
T20,Kuwait,U.A.E.,Mulpani Cricket Ground,Nepal,Kuwait,bat,U.A.E.,88,8,94,5
T20,Oman,Nepal,Tribhuvan University International Cricket Ground,Nepal,Nepal,bowl,Oman,145,9,140,10
T20,U.A.E.,Hong Kong,Mulpani Cricket Ground,Nepal,Hong Kong,bowl,U.A.E.,176,6,154,8
T20,Malaysia,Singapore,Tribhuvan University International Cricket Ground,Nepal,Malaysia,bat,Malaysia,198,4,138,10
T20,Bahrain,Kuwait,Mulpani Cricket Ground,Nepal,Kuwait,bowl,Kuwait,158,9,160,6
T20,Bahrain,Oman,Tribhuvan University International Cricket Ground,Nepal,Bahrain,bat,Oman,106,9,109,0
T20,U.A.E.,Nepal,Mulpani Cricket Ground,Nepal,U.A.E.,bat,Nepal,134,9,135,2
T20,Nepal,Oman,Tribhuvan University International Cricket Ground,Nepal,Nepal,bat,0,184,6,184,9
T20,Cambodia,Indonesia,Udayana Cricket Ground,Indonesia,Cambodia,bat,Indonesia,138,8,139,2
T20,Indonesia,Cambodia,Udayana Cricket Ground,Indonesia,Cambodia,bowl,Cambodia,156,5,157,2
T20,Indonesia,Cambodia,Udayana Cricket Ground,Indonesia,Cambodia,bowl,Indonesia,192,7,88,8
T20,Indonesia,Cambodia,Udayana Cricket Ground,Indonesia,Cambodia,bowl,Cambodia,144,8,148,3
T20,Kenya,Rwanda,United Cricket Club Ground,Namibia,Rwanda,bowl,Kenya,154,2,137,4
T20,Tanzania,Uganda,Wanderers Cricket Ground,Namibia,Uganda,bowl,Uganda,99,7,105,2
T20,Zimbabwe,Namibia,Wanderers Cricket Ground,Namibia,Namibia,bowl,Namibia,132,8,134,3
T20,Cambodia,Indonesia,Udayana Cricket Ground,Indonesia,Indonesia,bowl,Indonesia,77,3,0,0
T20,Nigeria,Kenya,United Cricket Club Ground,Namibia,Kenya,bowl,Kenya,121,7,124,6
T20,Tanzania,Zimbabwe,United Cricket Club Ground,Namibia,Zimbabwe,bowl,Zimbabwe,96,9,98,1
T20,Australia,India,Dr. Y.S. Rajasekhara Reddy ACA-VDCA Cricket Stadium,India,India,bowl,India,208,3,209,8
T20,Nigeria,Rwanda,Wanderers Cricket Ground,Namibia,Rwanda,bowl,0,33,2,0,0
T20,Uganda,Namibia,Wanderers Cricket Ground,Namibia,Namibia,bowl,Namibia,114,10,116,4
T20,Kenya,Tanzania,Wanderers Cricket Ground,Namibia,Tanzania,bowl,Kenya,182,3,132,10
T20,Namibia,Rwanda,Wanderers Cricket Ground,Namibia,Rwanda,bowl,Namibia,207,3,46,5
T20,Zimbabwe,Uganda,United Cricket Club Ground,Namibia,Uganda,bowl,Uganda,136,7,138,5
T20,Tanzania,Nigeria,United Cricket Club Ground,Namibia,Tanzania,bat,Nigeria,139,7,140,7
T20,India,Australia,Greenfield International Stadium,India,Australia,bowl,India,235,4,191,9
T20,Kenya,Namibia,United Cricket Club Ground,Namibia,Namibia,bowl,Namibia,104,6,106,4
T20,Zimbabwe,Rwanda,Wanderers Cricket Ground,Namibia,Rwanda,bowl,Zimbabwe,215,4,71,10
T20,Nigeria,Uganda,United Cricket Club Ground,Namibia,Nigeria,bat,Uganda,99,10,100,1
T20,Namibia,Tanzania,Wanderers Cricket Ground,Namibia,Tanzania,bowl,Namibia,157,6,99,6
T20,India,Australia,Barsapara Cricket Stadium,India,Australia,bowl,Australia,222,3,225,5
T20,Nigeria,Zimbabwe,United Cricket Club Ground,Namibia,Nigeria,bat,Zimbabwe,110,8,111,4
T20,Tanzania,Rwanda,Wanderers Cricket Ground,Namibia,Rwanda,bowl,Tanzania,153,8,102,7
T20,Uganda,Kenya,Wanderers Cricket Ground,Namibia,Uganda,bat,Uganda,162,5,129,10
T20,Zimbabwe,Kenya,United Cricket Club Ground,Namibia,Kenya,bowl,Zimbabwe,217,4,107,8
T20,Rwanda,Uganda,Wanderers Cricket Ground,Namibia,Uganda,bowl,Uganda,65,10,66,1
T20,Nigeria,Namibia,Wanderers Cricket Ground,Namibia,Nigeria,bat,Namibia,93,10,96,2
T20,India,Australia,Shaheed Veer Narayan Singh International Stadium,India,Australia,bowl,India,174,9,154,7
T20,India,Australia,M Chinnaswamy Stadium,India,Australia,bowl,India,160,8,154,8
T20,Cameroon,Kenya,Willowmoore Park,South Africa,Kenya,bowl,Kenya,48,10,50,0
T20,Cameroon,Mali,Willowmoore Park,South Africa,Mali,bowl,Cameroon,144,5,112,8
T20,Sierra Leone,Kenya,Willowmoore Park,South Africa,Kenya,bowl,Kenya,88,6,89,2
T20,Ireland,Zimbabwe,Harare Sports Club,Zimbabwe,Zimbabwe,bowl,Zimbabwe,147,8,148,9
T20,Thailand,Indonesia,Udayana Cricket Ground,Indonesia,Indonesia,bowl,Thailand,137,8,129,7
T20,Gambia,Rwanda,Willowmoore Park,South Africa,Rwanda,bowl,Rwanda,57,10,61,6
T20,Mali,Kenya,Willowmoore Park,South Africa,Mali,bat,Kenya,39,10,40,0
T20,Ghana,Rwanda,Willowmoore Park,South Africa,Ghana,bat,Rwanda,54,10,57,7
T20,Zimbabwe,Ireland,Harare Sports Club,Zimbabwe,Ireland,bowl,Ireland,165,5,166,6
T20,Mali,Sierra Leone,Willowmoore Park,South Africa,Mali,bat,Sierra Leone,37,10,41,2
T20,Ghana,Gambia,Willowmoore Park,South Africa,Gambia,bowl,Ghana,185,3,87,7
T20,Zimbabwe,Ireland,Harare Sports Club,Zimbabwe,Ireland,bowl,Ireland,140,6,141,4
T20,Cameroon,Sierra Leone,Willowmoore Park,South Africa,Cameroon,bat,Sierra Leone,35,10,37,1
T20,Rwanda,Uganda,Willowmoore Park,South Africa,Uganda,bowl,Rwanda,115,10,113,10
T20,Botswana,Ghana,Willowmoore Park,South Africa,Ghana,bowl,Botswana,153,6,115,10
T20,Sierra Leone,Kenya,Willowmoore Park,South Africa,Kenya,bowl,Kenya,80,10,81,2
T20,India,South Africa,St George's Park,South Africa,South Africa,bowl,South Africa,180,7,154,5
T20,England,West Indies,Kensington Oval,West Indies,West Indies,bowl,West Indies,171,10,172,6
T20,Malawi,Uganda,Willowmoore Park,South Africa,Malawi,bat,Uganda,91,5,92,3
T20,Ghana,Kenya,Willowmoore Park,South Africa,Ghana,bat,Kenya,107,9,113,2
T20,Mozambique,Malawi,Willowmoore Park,South Africa,Malawi,bowl,Malawi,110,7,111,4
T20,India,South Africa,The Wanderers Stadium,South Africa,South Africa,bowl,India,201,7,95,10
T20,West Indies,England,National Cricket Stadium,West Indies,England,bowl,West Indies,176,7,166,7
T20,Botswana,Sierra Leone,Willowmoore Park,South Africa,Botswana,bat,Sierra Leone,115,8,118,8
T20,Uganda,Mozambique,Willowmoore Park,South Africa,Mozambique,bowl,Uganda,149,8,98,10
T20,Malawi,Rwanda,Willowmoore Park,South Africa,Rwanda,bowl,Malawi,135,7,89,9
T20,Kenya,Botswana,Willowmoore Park,South Africa,Botswana,bowl,Kenya,131,9,91,9
T20,West Indies,England,National Cricket Stadium,West Indies,England,bowl,England,222,6,226,3
T20,Rwanda,Mozambique,Willowmoore Park,South Africa,Rwanda,bat,Mozambique,105,9,106,5
T20,Sierra Leone,Ghana,Willowmoore Park,South Africa,Sierra Leone,bat,Ghana,111,6,112,8
T20,Botswana,Uganda,Willowmoore Park,South Africa,Uganda,bowl,Uganda,62,10,65,0
T20,Kenya,Malawi,Willowmoore Park,South Africa,Kenya,bat,Kenya,138,7,39,2
T20,Malawi,Botswana,Willowmoore Park,South Africa,Botswana,bowl,Botswana,103,8,107,7
T20,Uganda,Kenya,Willowmoore Park,South Africa,Kenya,bowl,Uganda,186,8,95,10
T20,England,West Indies,Brian Lara Stadium,West Indies,West Indies,bowl,England,267,3,192,10
T20,England,West Indies,Brian Lara Stadium,West Indies,West Indies,bowl,West Indies,132,10,133,6
T20,Philippines,Indonesia,Udayana Cricket Ground,Indonesia,Indonesia,bowl,Philippines,158,6,156,8
T20,Philippines,Indonesia,Udayana Cricket Ground,Indonesia,Indonesia,bowl,Indonesia,106,9,107,0
T20,Indonesia,Philippines,Udayana Cricket Ground,Indonesia,Philippines,bowl,Indonesia,140,8,120,9
T20,Indonesia,Philippines,Udayana Cricket Ground,Indonesia,Philippines,bowl,Philippines,119,10,123,2
T20,Philippines,Indonesia,Udayana Cricket Ground,Indonesia,Indonesia,bowl,0,137,9,137,9
T20,Indonesia,Philippines,Udayana Cricket Ground,Indonesia,Philippines,bowl,Philippines,123,8,124,3
T20,New Zealand,Bangladesh,McLean Park,New Zealand,Bangladesh,bowl,Bangladesh,134,9,137,5
T20,New Zealand,Bangladesh,Bay Oval,New Zealand,Bangladesh,bowl,0,72,2,0,0
T20,Afghanistan,U.A.E.,Sharjah Cricket Stadium,United Arab Emirates,U.A.E.,bowl,Afghanistan,203,3,131,4
T20,Bangladesh,New Zealand,Bay Oval,New Zealand,New Zealand,bowl,New Zealand,110,10,95,5
T20,U.A.E.,Afghanistan,Sharjah Cricket Stadium,United Arab Emirates,U.A.E.,bat,U.A.E.,166,7,155,10
T20,U.A.E.,Afghanistan,Sharjah Cricket Stadium,United Arab Emirates,U.A.E.,bat,Afghanistan,126,9,128,6
T20,Afghanistan,India,Punjab Cricket Association IS Bindra Stadium,India,India,bowl,India,158,5,159,4
T20,New Zealand,Pakistan,Eden Park,New Zealand,Pakistan,bowl,New Zealand,226,8,180,10
T20,New Zealand,Pakistan,Seddon Park,New Zealand,Pakistan,bowl,New Zealand,194,8,173,10
T20,Zimbabwe,Sri Lanka,R Premadasa Stadium,Sri Lanka,Sri Lanka,bowl,Sri Lanka,143,5,144,7
T20,Sri Lanka,Zimbabwe,R Premadasa Stadium,Sri Lanka,Zimbabwe,bowl,Zimbabwe,173,6,178,6
T20,New Zealand,Pakistan,University Oval,New Zealand,Pakistan,bowl,New Zealand,224,7,179,7
T20,India,Afghanistan,M Chinnaswamy Stadium,India,India,bat,0,212,4,212,6
T20,Zimbabwe,Sri Lanka,R Premadasa Stadium,Sri Lanka,Sri Lanka,bowl,Sri Lanka,82,10,88,1
T20,Pakistan,New Zealand,Hagley Oval,New Zealand,New Zealand,bowl,New Zealand,158,5,159,3
T20,Pakistan,New Zealand,Hagley Oval,New Zealand,Pakistan,bat,Pakistan,134,8,92,10
T20,Myanmar,Cambodia,Terdthai Cricket Ground,Thailand,Cambodia,bowl,Cambodia,72,8,74,3
T20,Cambodia,China,Terdthai Cricket Ground,Thailand,Cambodia,bat,Cambodia,130,5,37,10
T20,China,Myanmar,Terdthai Cricket Ground,Thailand,Myanmar,bowl,Myanmar,74,10,75,9
T20,China,Myanmar,Terdthai Cricket Ground,Thailand,Myanmar,bowl,China,129,4,82,9
T20,Saudi Arabia,Cambodia,Terdthai Cricket Ground,Thailand,Cambodia,bowl,Saudi Arabia,192,6,104,10
T20,Indonesia,Bhutan,Terdthai Cricket Ground,Thailand,Bhutan,bowl,Indonesia,132,7,116,10
T20,Singapore,Maldives,Terdthai Cricket Ground,Thailand,Singapore,bat,Singapore,199,4,158,8
T20,Japan,Thailand,Terdthai Cricket Ground,Thailand,Thailand,bowl,Japan,166,6,120,10
T20,Bhutan,Saudi Arabia,Terdthai Cricket Ground,Thailand,Saudi Arabia,bowl,Saudi Arabia,89,10,93,2
T20,Indonesia,Cambodia,Terdthai Cricket Ground,Thailand,Indonesia,bat,Cambodia,127,6,132,4
T20,Singapore,Thailand,Terdthai Cricket Ground,Thailand,Singapore,bat,Thailand,115,9,116,3
T20,Japan,Maldives,Terdthai Cricket Ground,Thailand,Japan,bat,Japan,150,8,108,10
T20,Saudi Arabia,Indonesia,Terdthai Cricket Ground,Thailand,Saudi Arabia,bat,Saudi Arabia,185,4,103,9
T20,Cambodia,Bhutan,Terdthai Cricket Ground,Thailand,Cambodia,bat,Cambodia,174,6,164,6
T20,Singapore,Japan,Terdthai Cricket Ground,Thailand,Japan,bowl,Singapore,176,5,142,8
T20,Maldives,Thailand,Terdthai Cricket Ground,Thailand,Maldives,bat,Thailand,127,7,128,2
T20,Indonesia,Thailand,Terdthai Cricket Ground,Thailand,Thailand,bowl,Thailand,131,8,132,3
T20,Maldives,Bhutan,Terdthai Cricket Ground,Thailand,Maldives,bat,Maldives,137,8,105,10
T20,Japan,Saudi Arabia,Terdthai Cricket Ground,Thailand,Saudi Arabia,bowl,Saudi Arabia,97,8,98,0
T20,Singapore,Cambodia,Terdthai Cricket Ground,Thailand,Singapore,bat,Cambodia,109,10,113,4
T20,Australia,West Indies,Bellerive Oval,Australia,West Indies,bowl,Australia,213,7,202,8
T20,Japan,Singapore,Terdthai Cricket Ground,Thailand,Singapore,bowl,Singapore,215,3,216,2
T20,Cambodia,Saudi Arabia,Terdthai Cricket Ground,Thailand,Saudi Arabia,bowl,Saudi Arabia,147,5,151,5
T20,Australia,West Indies,Adelaide Oval,Australia,West Indies,bowl,Australia,241,4,207,9
T20,Bhutan,Thailand,Terdthai Cricket Ground,Thailand,Bhutan,bat,Thailand,70,10,72,0
T20,Saudi Arabia,Maldives,Terdthai Cricket Ground,Thailand,Saudi Arabia,bat,Saudi Arabia,186,6,88,8
T20,Thailand,Saudi Arabia,Terdthai Cricket Ground,Thailand,Saudi Arabia,bowl,Saudi Arabia,112,7,115,5
T20,Bhutan,Maldives,Terdthai Cricket Ground,Thailand,Bhutan,bat,Maldives,115,6,119,1
T20,West Indies,Australia,Perth Stadium,Australia,West Indies,bat,West Indies,220,6,183,5
T20,Hong Kong,China,Mission Road Ground,Hong Kong,Hong Kong,bat,Hong Kong,171,5,48,8
T20,Japan,Hong Kong,Mission Road Ground,Hong Kong,Japan,bat,Hong Kong,179,5,184,3
T20,Japan,China,Mission Road Ground,Hong Kong,Japan,bat,Japan,258,0,78,10
T20,Maldives,Thailand,Terdthai Cricket Ground,Thailand,Thailand,bowl,Thailand,105,10,109,2
T20,Hong Kong,Japan,Mission Road Ground,Hong Kong,Hong Kong,bat,Hong Kong,155,10,128,10
T20,Saudi Arabia,Bhutan,Terdthai Cricket Ground,Thailand,Bhutan,bowl,Saudi Arabia,221,3,55,10
T20,China,Hong Kong,Mission Road Ground,Hong Kong,China,bat,Hong Kong,41,10,42,0
T20,Thailand,Saudi Arabia,Terdthai Cricket Ground,Thailand,Saudi Arabia,bowl,Saudi Arabia,104,9,108,2
T20,Japan,China,Mission Road Ground,Hong Kong,Japan,bat,Japan,143,10,99,8
T20,Maldives,Bhutan,Terdthai Cricket Ground,Thailand,Maldives,bat,Bhutan,138,6,141,6
T20,Hong Kong,Japan,Mission Road Ground,Hong Kong,Japan,bowl,Hong Kong,219,7,185,8
T20,Sri Lanka,Afghanistan,Rangiri Dambulla International Stadium,Sri Lanka,Afghanistan,bowl,Sri Lanka,160,10,156,9
T20,Sri Lanka,Afghanistan,Rangiri Dambulla International Stadium,Sri Lanka,Afghanistan,bowl,Sri Lanka,187,6,115,10
T20,New Zealand,Australia,Sky Stadium,New Zealand,New Zealand,bat,Australia,215,3,216,4
T20,Afghanistan,Sri Lanka,Rangiri Dambulla International Stadium,Sri Lanka,Afghanistan,bat,Afghanistan,209,5,206,6
T20,Australia,New Zealand,Eden Park,New Zealand,New Zealand,bowl,Australia,174,10,102,9
T20,Australia,New Zealand,Eden Park,New Zealand,New Zealand,bowl,Australia,118,4,98,3
T20,Namibia,Nepal,Tribhuvan University International Cricket Ground,Nepal,Namibia,bat,Namibia,206,4,186,10
T20,Hong Kong,Qatar,University of Doha for Science and Technology,Qatar,Qatar,bowl,Hong Kong,172,8,162,7
T20,Netherlands,Nepal,Tribhuvan University International Cricket Ground,Nepal,Nepal,bowl,Netherlands,184,4,182,8
T20,Netherlands,Namibia,Tribhuvan University International Cricket Ground,Nepal,Netherlands,bat,Netherlands,247,5,188,7
T20,Hong Kong,Qatar,West End Park International Cricket Stadium,Qatar,Hong Kong,bat,Qatar,197,5,200,6
T20,Nepal,Namibia,Tribhuvan University International Cricket Ground,Nepal,Namibia,bowl,Nepal,180,8,177,7
T20,Qatar,Hong Kong,West End Park International Cricket Stadium,Qatar,Hong Kong,bowl,0,125,10,125,8
T20,Netherlands,Nepal,Tribhuvan University International Cricket Ground,Nepal,Netherlands,bat,Nepal,120,10,121,4
T20,Namibia,Netherlands,Tribhuvan University International Cricket Ground,Nepal,Netherlands,bowl,0,98,4,0,0
T20,Sri Lanka,Bangladesh,Sylhet International Cricket Stadium,Bangladesh,Bangladesh,bowl,Sri Lanka,206,3,203,8
T20,Vanuatu,Tanzania,Bayuemas Oval,Malaysia,Tanzania,bowl,Vanuatu,128,5,119,10
T20,Kuwait,Bahrain,Bayuemas Oval,Malaysia,Bahrain,bowl,Bahrain,123,10,99,2
T20,Nepal,Netherlands,Tribhuvan University International Cricket Ground,Nepal,Nepal,bat,Netherlands,184,8,189,6
T20,Tanzania,Kuwait,Bayuemas Oval,Malaysia,Tanzania,bat,Kuwait,97,7,103,5
T20,Malaysia,Vanuatu,Bayuemas Oval,Malaysia,Malaysia,bat,Malaysia,148,7,96,9
T20,P.N.G.,Oman,Al Amerat Cricket Ground Oman Cricket (Ministry Turf 1),Oman,Oman,bowl,Oman,136,6,137,7
T20,Sri Lanka,Bangladesh,Sylhet International Cricket Stadium,Bangladesh,Bangladesh,bowl,Bangladesh,165,5,170,2
T20,Malaysia,Bahrain,Bayuemas Oval,Malaysia,Bahrain,bowl,Bahrain,110,6,112,1
T20,Vanuatu,Kuwait,Bayuemas Oval,Malaysia,Kuwait,bowl,Kuwait,102,7,105,2
T20,Oman,P.N.G.,Al Amerat Cricket Ground Oman Cricket (Ministry Turf 1),Oman,P.N.G.,bowl,P.N.G.,145,7,148,2
T20,P.N.G.,Oman,Al Amerat Cricket Ground Oman Cricket (Ministry Turf 1),Oman,Oman,bowl,Oman,127,6,128,6
T20,Kuwait,Malaysia,Bayuemas Oval,Malaysia,Malaysia,bowl,Malaysia,87,10,88,3
T20,Hong Kong,Nepal,Mission Road Ground,Hong Kong,Nepal,bowl,Hong Kong,212,6,139,10
T20,Bahrain,Tanzania,Bayuemas Oval,Malaysia,Tanzania,bowl,Bahrain,135,8,83,10
T20,Sri Lanka,Bangladesh,Sylhet International Cricket Stadium,Bangladesh,Bangladesh,bowl,Sri Lanka,174,7,146,10
T20,Bahrain,Vanuatu,Bayuemas Oval,Malaysia,Bahrain,bat,Bahrain,166,4,110,10
T20,Hong Kong,Nepal,Mission Road Ground,Hong Kong,Nepal,bowl,0,65,2,0,0
T20,Tanzania,Malaysia,Bayuemas Oval,Malaysia,Tanzania,bat,Malaysia,83,10,86,4
T20,Vanuatu,Kuwait,Bayuemas Oval,Malaysia,Kuwait,bowl,Kuwait,106,7,109,3
T20,Malaysia,Bahrain,Bayuemas Oval,Malaysia,Malaysia,bat,Bahrain,77,9,82,2
T20,Scotland,U.A.E.,Dubai International Cricket Stadium,United Arab Emirates,U.A.E.,bowl,U.A.E.,147,8,149,2
T20,Nepal,P.N.G.,Mission Road Ground,Hong Kong,P.N.G.,bowl,Nepal,198,6,113,10
T20,Hong Kong,P.N.G.,Mission Road Ground,Hong Kong,Hong Kong,bat,P.N.G.,121,10,124,0
T20,P.N.G.,Nepal,Mission Road Ground,Hong Kong,Nepal,bowl,P.N.G.,171,8,85,10
T20,Scotland,U.A.E.,Dubai International Cricket Stadium,United Arab Emirates,U.A.E.,bowl,Scotland,121,8,112,9
T20,Scotland,U.A.E.,Dubai International Cricket Stadium,United Arab Emirates,U.A.E.,bowl,Scotland,94,10,62,10
T20,Ireland,Afghanistan,Sharjah Cricket Stadium,United Arab Emirates,Afghanistan,bowl,Ireland,149,6,111,10
T20,P.N.G.,Malaysia,Bayuemas Oval,Malaysia,Malaysia,bowl,P.N.G.,206,3,129,9
T20,Malaysia,P.N.G.,Bayuemas Oval,Malaysia,Malaysia,bat,Malaysia,161,4,98,10
T20,Tanzania,Nigeria,Achimota Senior Secondary School B Field,Ghana,Tanzania,bat,Tanzania,131,6,84,10
T20,Uganda,Kenya,Achimota Senior Secondary School B Field,Ghana,Uganda,bat,Uganda,169,7,97,10
T20,Afghanistan,Ireland,Sharjah Cricket Stadium,United Arab Emirates,Afghanistan,bat,Afghanistan,152,9,142,8
T20,Namibia,Nigeria,Achimota Senior Secondary School B Field,Ghana,Namibia,bat,Nigeria,121,7,126,7
T20,Uganda,Ghana,Achimota Senior Secondary School B Field,Ghana,Uganda,bat,Uganda,194,5,73,10
T20,Afghanistan,Ireland,Sharjah Cricket Stadium,United Arab Emirates,Afghanistan,bat,Afghanistan,155,7,98,10
T20,Ghana,Kenya,Achimota Senior Secondary School B Field,Ghana,Ghana,bat,Kenya,111,10,115,3
T20,Tanzania,Namibia,Achimota Senior Secondary School B Field,Ghana,Tanzania,bat,Namibia,71,9,72,3
T20,Namibia,Uganda,Achimota Senior Secondary School A Field,Ghana,Namibia,bat,Namibia,111,7,87,9
T20,Eswatini,Lesotho,Malkerns Country Club oval,Eswatini,Lesotho,bowl,Eswatini,182,9,127,9
T20,Eswatini,Lesotho,Malkerns Country Club oval,Eswatini,Eswatini,bat,Lesotho,116,10,117,4
T20,Eswatini,Lesotho,Malkerns Country Club oval,Eswatini,Lesotho,bowl,Lesotho,86,8,90,2
T20,Eswatini,Lesotho,Malkerns Country Club oval,Eswatini,Lesotho,bowl,Eswatini,153,6,114,10
T20,Lesotho,Eswatini,Malkerns Country Club oval,Eswatini,Eswatini,bowl,Eswatini,127,9,128,7
T20,Oman,Namibia,Al Amerat Cricket Ground Oman Cricket (Ministry Turf 1),Oman,Namibia,bowl,Namibia,109,9,114,6
T20,Oman,Namibia,Al Amerat Cricket Ground Oman Cricket (Ministry Turf 1),Oman,Oman,bat,Oman,137,7,131,9
T20,Namibia,Oman,Al Amerat Cricket Ground Oman Cricket (Ministry Turf 1),Oman,Oman,bowl,Oman,101,8,104,2
T20,Namibia,Oman,Al Amerat Cricket Ground Oman Cricket (Ministry Turf 1),Oman,Oman,bowl,Namibia,164,4,140,9
T20,Namibia,Oman,Al Amerat Cricket Ground Oman Cricket (Ministry Turf 1),Oman,Namibia,bat,Namibia,212,3,150,10
T20,Canada,U.S.A.,Prairie View Cricket Complex,United States of America,U.S.A.,bowl,U.S.A.,132,10,133,4
T20,U.S.A.,Canada,Prairie View Cricket Complex,United States of America,Canada,bowl,U.S.A.,230,3,199,10
T20,Mexico,Costa Rica,Los Reyes Polo Club,Costa Rica,Costa Rica,bowl,Costa Rica,79,10,80,2
T20,Oman,Bahrain,Al Amerat Cricket Ground Oman Cricket (Ministry Turf 1),Oman,Bahrain,bowl,Oman,177,3,174,8
T20,Kuwait,U.A.E.,Al Amerat Cricket Ground Oman Cricket (Ministry Turf 2),Oman,U.A.E.,bowl,U.A.E.,178,8,179,3
T20,Malaysia,Nepal,Al Amerat Cricket Ground Oman Cricket (Ministry Turf 1),Oman,Malaysia,bat,Nepal,143,3,144,5
T20,Hong Kong,Qatar,Al Amerat Cricket Ground Oman Cricket (Ministry Turf 2),Oman,Hong Kong,bat,Hong Kong,201,7,175,8
T20,Mexico,Costa Rica,Los Reyes Polo Club,Costa Rica,Costa Rica,bowl,Mexico,104,6,82,10
T20,U.S.A.,Canada,Prairie View Cricket Complex,United States of America,Canada,bowl,U.S.A.,159,6,145,6
T20,Mexico,Costa Rica,Los Reyes Polo Club,Costa Rica,Mexico,bat,Mexico,106,5,64,10
T20,Cambodia,Kuwait,Al Amerat Cricket Ground Oman Cricket (Ministry Turf 1),Oman,Cambodia,bat,Kuwait,141,5,144,2
T20,U.A.E.,Bahrain,Al Amerat Cricket Ground Oman Cricket (Ministry Turf 2),Oman,Bahrain,bowl,U.A.E.,236,6,199,8
T20,Nepal,Qatar,Al Amerat Cricket Ground Oman Cricket (Ministry Turf 1),Oman,Nepal,bat,Nepal,210,7,178,9
T20,Malaysia,Saudi Arabia,Al Amerat Cricket Ground Oman Cricket (Ministry Turf 2),Oman,Malaysia,bat,Malaysia,146,7,134,10
T20,Costa Rica,Mexico,Los Reyes Polo Club,Costa Rica,Costa Rica,bat,Costa Rica,120,9,78,10
T20,Canada,U.S.A.,Prairie View Cricket Complex,United States of America,Canada,bat,U.S.A.,168,5,169,6
T20,Oman,Cambodia,Al Amerat Cricket Ground Oman Cricket (Ministry Turf 2),Oman,Cambodia,bowl,Oman,154,6,91,7
T20,Jersey,Spain,La Manga Club Top Ground,Spain,Spain,bowl,Spain,195,5,197,5
T20,Saudi Arabia,Hong Kong,Al Amerat Cricket Ground Oman Cricket (Ministry Turf 2),Oman,Saudi Arabia,bat,Saudi Arabia,202,8,147,10
T20,Jersey,Spain,La Manga Club Top Ground,Spain,Jersey,bat,Spain,141,10,145,9
T20,Mexico,Costa Rica,Los Reyes Polo Club,Costa Rica,Mexico,bat,Mexico,93,9,35,10
T20,Hong Kong,Nepal,Al Amerat Cricket Ground Oman Cricket (Ministry Turf 1),Oman,Nepal,bowl,Nepal,114,10,117,2
T20,Malaysia,Qatar,Al Amerat Cricket Ground Oman Cricket (Ministry Turf 2),Oman,Qatar,bowl,Qatar,151,5,153,6
T20,U.A.E.,Oman,Al Amerat Cricket Ground Oman Cricket (Ministry Turf 1),Oman,Oman,bowl,Oman,142,5,147,1
T20,Kuwait,Bahrain,Al Amerat Cricket Ground Oman Cricket (Ministry Turf 2),Oman,Bahrain,bowl,Kuwait,161,7,135,6
T20,Qatar,Saudi Arabia,Al Amerat Cricket Ground Oman Cricket (Ministry Turf 1),Oman,Saudi Arabia,bowl,Qatar,153,9,138,8
T20,Cambodia,Bahrain,Al Amerat Cricket Ground Oman Cricket (Ministry Turf 1),Oman,Cambodia,bat,Bahrain,83,10,87,3
T20,Malaysia,Hong Kong,Al Amerat Cricket Ground Oman Cricket (Ministry Turf 1),Oman,Hong Kong,bowl,Hong Kong,140,9,144,3
T20,Saudi Arabia,Nepal,Al Amerat Cricket Ground Oman Cricket (Ministry Turf 2),Oman,Nepal,bowl,Nepal,73,7,75,4
T20,Cambodia,U.A.E.,Al Amerat Cricket Ground Oman Cricket (Ministry Turf 1),Oman,Cambodia,bat,U.A.E.,76,10,79,1
T20,Oman,Kuwait,Al Amerat Cricket Ground Oman Cricket (Ministry Turf 2),Oman,Kuwait,bowl,Oman,200,9,154,9
T20,New Zealand,Pakistan,Rawalpindi Cricket Stadium,Pakistan,New Zealand,bat,0,2,1,0,0
T20,Nepal,U.A.E.,Al Amerat Cricket Ground Oman Cricket (Ministry Turf 1),Oman,U.A.E.,bowl,U.A.E.,119,9,123,4
T20,Hong Kong,Oman,Al Amerat Cricket Ground Oman Cricket (Ministry Turf 1),Oman,Oman,bowl,Oman,130,9,132,5
T20,Nepal,Hong Kong,Al Amerat Cricket Ground Oman Cricket (Ministry Turf 1),Oman,Nepal,bat,Hong Kong,139,8,140,6
T20,New Zealand,Pakistan,Rawalpindi Cricket Stadium,Pakistan,Pakistan,bowl,Pakistan,90,10,92,3
T20,U.A.E.,Oman,Al Amerat Cricket Ground Oman Cricket (Ministry Turf 1),Oman,Oman,bowl,U.A.E.,204,4,149,9
T20,Pakistan,New Zealand,Rawalpindi Cricket Stadium,Pakistan,New Zealand,bowl,New Zealand,178,4,179,3
T20,New Zealand,Pakistan,Gaddafi Stadium,Pakistan,Pakistan,bowl,New Zealand,178,7,174,8
T20,Pakistan,New Zealand,Gaddafi Stadium,Pakistan,New Zealand,bowl,Pakistan,178,5,169,10
T20,Thailand,Indonesia,Udayana Cricket Ground,Indonesia,Thailand,bat,Indonesia,90,10,91,4
T20,Zimbabwe,Bangladesh,Zahur Ahmed Chowdhury Stadium,Bangladesh,Bangladesh,bowl,Bangladesh,124,10,126,2
T20,Indonesia,Thailand,Udayana Cricket Ground,Indonesia,Thailand,bowl,Indonesia,126,9,93,9
T20,Thailand,Indonesia,Udayana Cricket Ground,Indonesia,Indonesia,bowl,Thailand,145,9,128,5
T20,Zimbabwe,Bangladesh,Zahur Ahmed Chowdhury Stadium,Bangladesh,Bangladesh,bowl,Bangladesh,138,7,142,4
T20,Indonesia,Thailand,Udayana Cricket Ground,Indonesia,Indonesia,bat,Thailand,117,8,122,4
T20,Japan,Mongolia,Sano International Cricket Ground,Japan,Japan,bat,Japan,199,5,33,10
T20,Bangladesh,Zimbabwe,Zahur Ahmed Chowdhury Stadium,Bangladesh,Zimbabwe,bowl,Bangladesh,165,5,156,9
